family,scientificNameWithoutAuthorship,scientificNameAuthorship,analysis,assessment,category,criteria,rationale
COMMELINACEAE,"Dichorisandra picta",Lodd.,review,,,,
Bromeliaceae,"Neoregelia paratiensis",Leme,review,,,,
"CACTACEAE ","Rhipsalis triangularis",Werderm.,open,,,,
Amaryllidaceae,"Worsleya procera","(Lem.) Traub",open,,,,
Acanthaceae,"Aphelandra stephanophysa",Nees,validation,,,,
Acanthaceae,"Justicia meyeniana","(Nees) Lindau",validation,,,,
ACANTHACEAE,"Aphelandra bradeana",Rizzini,validation,,,,
ACANTHACEAE,"Aphelandra neesiana",Wassh.,validation,,,,
ACANTHACEAE,"Aphelandra rigida","Glaz. ex Mildbr.",validation,,,,
ACANTHACEAE,"Herpetacanthus delicatus","Indriunas & Kameyama",validation,,,,
ACANTHACEAE,"Herpetacanthus parvispica","Indriunas & Kameyama",validation,,,,
ACANTHACEAE,"Justicia itatiaiensis",Profice,validation,,,,
ACANTHACEAE,"Justicia nervata","(Lindau) Profice",validation,,,,
ACANTHACEAE,"Justicia polita","(Nees) Profice",validation,,,,
ACANTHACEAE,"Ruellia herbstii","(Hook.) Hiern",validation,,,,
ACANTHACEAE,"Ruellia silvaccola","(Mart. ex Ness) Lindau",validation,,,,
ACANTHACEAE,"Schaueria calycotricha","(Link & Otto) Nees",validation,,,,
ACANTHACEAE,"Schaueria sulfurea",Nees,validation,,,,
ACANTHACEAE,"Staurogyne brachiata","(Hiern) Leonard",validation,,,,
ACANTHACEAE,"Staurogyne euryphylla",E.Hossain,validation,,,,
AMARYLLIDACEAE,"Griffinia rochae",Morel,open,,,,
ANEMIACEAE,"Anemia candidoi",Brade,open,,,,
ANNONACEAE,"Annona ferruginea","(R.E.Fr.) H.Rainer",validation,,,,
ANNONACEAE,"Annona parviflora","(A.St.-Hil.) H.Rainer",validation,,,,
ANNONACEAE,"Duguetia microphylla","(R.E.Fr.) R.E.Fr.",validation,,,,
ANNONACEAE,"Duguetia pohliana",Mart.,validation,,,,
ANNONACEAE,"Hornschuchia alba","(A.St.-Hil.) R.E.Fr.",validation,,,,
ANNONACEAE,"Trigynaea axilliflora","D.M.Johnson & N.A.Murray",validation,,,,
ANNONACEAE,"Unonopsis riedeliana",R.E.Fr.,validation,,,,
ANTHOCEROTACEAE,"Anthoceros lamellatus",Steph.,open,,,,
APIACEAE,"Eryngium fluminense",Urb.,validation,,,,
APIACEAE,"Eryngium goulartii","Glaz. & Urb. ex Urb.",validation,,,,
APOCYNACEAE,"Aspidosperma compactinervium",Kuhlm.,,,,,
APOCYNACEAE,"Aspidosperma ingratum",K.Schum.,,,,,
APOCYNACEAE,"Cynanchum brasiliense","(Morillo) Liede",,,,,
APOCYNACEAE,"Ditassa fontellae","Marquete & C.Valente",,,,,
APOCYNACEAE,"Ditassa guilleminiana",Decne.,,,,,
APOCYNACEAE,"Ditassa imbricata",E.Fourn.,,,,,
APOCYNACEAE,"Ditassa maricaensis","Fontella & E.A.Schwarz",,,,,
APOCYNACEAE,"Ditassa subumbellata",Malme,,,,,
APOCYNACEAE,"Forsteronia linearis","(Vell.) Müll.Arg.",,,,,
APOCYNACEAE,"Gonolobus dorothyanus",Fontella,,,,,
APOCYNACEAE,"Macroditassa laxa","(Malme) Fontella & de Lamare",,,,,
APOCYNACEAE,"Mandevilla crassinoda","(Gardner) Woodson",,,,,
APOCYNACEAE,"Marsdenia glaziovii","(E.Fourn.) Spellman & Morillo",,,,,
APOCYNACEAE,"Matelea fournieri",Morillo,,,,,
APOCYNACEAE,"Matelea quinquedentata","(E.Fourn.) Morillo",,,,,
APOCYNACEAE,"Monsanima tinguaensis","R.Santos & Fontella",,,,,
APOCYNACEAE,"Orthosia arenosa",Decne.,,,,,
APOCYNACEAE,"Orthosia umbrosa",Decne.,,,,,
APOCYNACEAE,"Oxypetalum costae",Occhioni,,,,,
APOCYNACEAE,"Oxypetalum lutescens",E.Fourn.,,,,,
APOCYNACEAE,"Oxypetalum schottii",E.Fourn.,,,,,
AQUIFOLIACEAE,"Ilex cognata",Reissek,done,,,,
AQUIFOLIACEAE,"Ilex friburgensis",Loes.,done,,,,
AQUIFOLIACEAE,"Ilex glazioviana",Loes.,done,,,,
AQUIFOLIACEAE,"Ilex longipetiolata",Loes.,done,,,,
AQUIFOLIACEAE,"Ilex organensis",Loes.,done,,,,
AQUIFOLIACEAE,"Ilex schwackeana",Loes.,done,,,,
AQUIFOLIACEAE,"Ilex virgata",Loes.,done,,,,
ARACEAE,"Anthurium aduncum","(Vell.) Schott",validation,,,,
ARACEAE,"Anthurium augustinum","K.Koch & Lauche",validation,,,,
ARACEAE,"Anthurium binotii",Linden,validation,,,,
ARACEAE,"Anthurium bragae",Nadruz,validation,,,,
ARACEAE,"Anthurium harrisii","(Graham) G.Don",validation,,,,
ARACEAE,"Anthurium laucheanum",K.Koch,validation,,,,
ARACEAE,"Anthurium lhotzkyanum",Schott,validation,,,,
ARACEAE,"Anthurium lucidum",Kunth,validation,,,,
ARACEAE,"Anthurium luschnathianum",Kunth,validation,,,,
ARACEAE,"Anthurium nitidulum",Engl.,validation,,,,
ARACEAE,"Anthurium simonii",Nadruz,validation,,,,
ARACEAE,"Anthurium validinervium",Engl.,validation,,,,
ARACEAE,"Asterostigma concinnum",Schott,validation,,,,
ARACEAE,"Asterostigma vellozianum",Schott,validation,,,,
ARACEAE,"Philodendron alternans",Schott,validation,,,,
ARACEAE,"Philodendron fragile","Nadruz & Mayo",validation,,,,
ARACEAE,"Philodendron imbe","Schott ex Kunth.",open,,,,
ARACEAE,"Philodendron millerianum","Nadruz & Sakur.",validation,,,,
ARACEAE,"Philodendron nadruzianum",Sakur.,validation,,,,
ARACEAE,"Wolffiella neotropica",Landolt,validation,,,,
ARALIACEAE,"Dendropanax heterophyllus","(Marchal) Frodin",validation,,,,
ARALIACEAE,"Dendropanax langsdorfii","(Marchal) Frodin",validation,,,,
ARALIACEAE,"Dendropanax trilobus","(Gardner) Seem.",validation,,,,
ARALIACEAE,"Hydrocotyle alpestris",Gardner,validation,,,,
ARALIACEAE,"Hydrocotyle bradei",Rossberg,validation,,,,
ARALIACEAE,"Hydrocotyle ulei",H.Wolff,validation,,,,
ARALIACEAE,"Schefflera succinea","Frodin & Fiaschi",validation,,,,
ARECACEAE,"Lytocaryum weddellianum","(H.Wendl.) Toledo",done,,,,
ARISTOLOCHIACEAE,"Aristolochia raja","Mart. & Zucc.",review,,,,
ASPLENIACEAE,"Asplenium cariocanum",Brade,open,,,,
ASTERACEAE,"Austrocritonia rosea","(Gardner) R.M.King & H.Rob.",validation,,,,
ASTERACEAE,"Austrocritonia taunayana","(Glaz. ex B.L.Rob.) R.M.King & H.Rob.",validation,,,,
ASTERACEAE,"Austroeupatorium petrophilum","(B.L.Rob.) R.M.King & H.Rob.",validation,,,,
ASTERACEAE,"Baccharis alpestris",Gardner,validation,,,,
ASTERACEAE,"Baccharis bifrons",Baker,validation,,,,
ASTERACEAE,"Baccharis ciliata",Gardner,validation,,,,
ASTERACEAE,"Baccharis friburgensis","G.Heiden et al.",validation,,,,
ASTERACEAE,"Baccharis pseudovaccinioides",Malag.,validation,,,,
ASTERACEAE,"Barrosoa viridiflora","(Baker) R.M. King & H. Rob.",validation,,,,
ASTERACEAE,"Bartlettina hemisphaerica","(DC.) R.M. King & H. Rob.",validation,,,,
ASTERACEAE,"Calea wedelioides","(Baker) S.F.Blake",validation,,,,
ASTERACEAE,"Critoniopsis magdalenae","(G.M.Barroso) H.Rob.",validation,,,,
ASTERACEAE,"Dasyphyllum cryptocephalum","(Baker) Cabrera",validation,,,,
ASTERACEAE,"Dasyphyllum leptacanthum","(Gardner) Cabrera",validation,,,,
ASTERACEAE,"Gamochaeta grazielae","(Rizzini) Deble",validation,,,,
ASTERACEAE,"Graphistylis cuneifolia","(Gardner) B.Nord.",validation,,,,
ASTERACEAE,"Lepidaploa araujoa","(H.Rob.) H.Rob.",validation,,,,
ASTERACEAE,"Lepidaploa coulonioides","(H.Rob.) H.Rob.",validation,,,,
ASTERACEAE,"Lepidaploa obtusifolia","(Less.) H.Rob.",validation,,,,
ASTERACEAE,"Lepidaploa persicifolia","(Desf.) H.Rob.",validation,,,,
ASTERACEAE,"Lessingianthus glaziovianus","(Baker) H.Rob.",validation,,,,
ASTERACEAE,"Macropodina bradei","R.M.King & H.Rob.",validation,,,,
ASTERACEAE,"Mikania alexandreae",G.M.Barroso,validation,,,,
ASTERACEAE,"Mikania cabrerae",G.M.Barroso,validation,,,,
ASTERACEAE,"Mikania campos-portoana",G.M.Barroso,validation,,,,
ASTERACEAE,"Mikania casarettoi",B.L.Rob.,validation,,,,
ASTERACEAE,"Mikania hastifolia",Baker,validation,,,,
ASTERACEAE,"Mikania paranahybensis",G.M.Barroso,validation,,,,
ASTERACEAE,"Mikania pteropoda",DC.,validation,,,,
ASTERACEAE,"Mikania vauthieriana",Baker,validation,,,,
ASTERACEAE,"Ophryosporus organensis",Cabrera,validation,,,,
ASTERACEAE,"Piptocarpha verticillata","(Vell.) G.Lom.Sm. ex H.Rob.",validation,,,,
ASTERACEAE,"Senecio arctiifolius",Baker,validation,,,,
ASTERACEAE,"Senecio malacophyllus",Dusén,validation,,,,
ASTERACEAE,"Senecio ramentaceus",Baker,validation,,,,
ASTERACEAE,"Stevia dubia",B.L.Rob.,validation,,,,
ASTERACEAE,"Stevia organensis",Gardner,validation,,,,
ASTERACEAE,"Stevia verticillata",Schltdl.,validation,,,,
ASTERACEAE,"Trichogoniopsis podocarpa","(DC.) R.M.King & H.Rob.",validation,,,,
ASTERACEAE,"Wunderlichia insignis",Baill.,validation,,,,
BARTRAMIACEAE,"Bartramia mathewsii",Mitt.,,,,,
BEGONIACEAE,"Begonia acetosa",Vell.,,,,,
BEGONIACEAE,"Begonia acida",Vell.,,,,,
BEGONIACEAE,"Begonia aconitifolia",A.DC.,,,,,
BEGONIACEAE,"Begonia antonietae",Brade,,,,,
BEGONIACEAE,"Begonia cariocana","Brade ex L.B.Sm. & Wassh.",,,,,
BEGONIACEAE,"Begonia cerasiphylla","L.B.Sm. & Wassh.",,,,,
BEGONIACEAE,"Begonia collaris",Brade,,,,,
BEGONIACEAE,"Begonia concinna",Schott,,,,,
BEGONIACEAE,"Begonia cordata",Vell.,,,,,
BEGONIACEAE,"Begonia declinata",Vell.,,,,,
BEGONIACEAE,"Begonia densifolia",Irmsch.,,,,,
BEGONIACEAE,"Begonia dentatiloba",A.DC.,,,,,
BEGONIACEAE,"Begonia depauperata",Schott,,,,,
BEGONIACEAE,"Begonia edmundoi",Brade,,,,,
BEGONIACEAE,"Begonia epipsila",Brade,,,,,
BEGONIACEAE,"Begonia erecta",Vell.,,,,,
BEGONIACEAE,"Begonia fabulosa","L.B.Sm. & Wassh.",,,,,
BEGONIACEAE,"Begonia fagifolia","Otto & A.Dietr.",,,,,
BEGONIACEAE,"Begonia fluminensis",Brade,,,,,
BEGONIACEAE,"Begonia forgetiana",Hemsl.,,,,,
BEGONIACEAE,"Begonia friburgensis",Brade,,,,,
BEGONIACEAE,"Begonia herteri",Irmsch.,,,,,
BEGONIACEAE,"Begonia jocelinoi",Brade,,,,,
BEGONIACEAE,"Begonia lanstyakii",Brade,,,,,
BEGONIACEAE,"Begonia lubbersii",E.Morren,,,,,
BEGONIACEAE,"Begonia lunaris",E.L.Jacques,,,,,
BEGONIACEAE,"Begonia magdalenensis",Brade,,,,,
BEGONIACEAE,"Begonia occhionii",Brade,,,,,
BEGONIACEAE,"Begonia olsoniae","L.B.Sm. & B.G.Schub.",,,,,
BEGONIACEAE,"Begonia parvifolia",Schott,,,,,
BEGONIACEAE,"Begonia princeps",A.DC.,,,,,
BEGONIACEAE,"Begonia pseudolubbersii",Brade,,,,,
BEGONIACEAE,"Begonia ramentacea",Paxton,,,,,
BEGONIACEAE,"Begonia rotunda",Vell.,,,,,
BEGONIACEAE,"Begonia rubropilosa",A.DC.,,,,,
BEGONIACEAE,"Begonia sanguinea",Raddi,,,,,
BEGONIACEAE,"Begonia semidigitata",Brade,,,,,
BEGONIACEAE,"Begonia valida",Goebel,,,,,
BEGONIACEAE,"Begonia velloziana",Walp.,,,,,
BIGNONIACEAE,"Adenocalymma bullatum","Bureau & K.Schum.",open,,,,
BIGNONIACEAE,"Bignonia costata","(Bureau & K.Schum.) L.G.Lohmann",open,,,,
BIGNONIACEAE,"Fridericia elegans","(Vell.) L.G.Lohmann",open,,,,
BIGNONIACEAE,"Jacaranda crassifolia",Morawetz,open,,,,
BORAGINACEAE,"Varronia leucomalla","(Taub.) Borhidi",validation,,,,
BROMELIACEAE,"Aechmea caesia","E.Morren ex Baker",validation,,,,
BROMELIACEAE,"Aechmea cariocae",L.B.Sm.,validation,,,,
BROMELIACEAE,"Aechmea dealbata","E.Morren ex Baker",validation,,,,
BROMELIACEAE,"Aechmea fasciata","(Lindl.) Baker",validation,,,,
BROMELIACEAE,"Aechmea flavorosea",E.Pereira,validation,,,,
BROMELIACEAE,"Aechmea grazielae","Martinelli & Leme",validation,,,,
BROMELIACEAE,"Aechmea paratiensis","Leme & Fraga",validation,,,,
BROMELIACEAE,"Aechmea prava",E.Pereira,validation,,,,
BROMELIACEAE,"Aechmea squarrosa",Baker,validation,,,,
BROMELIACEAE,"Alcantarea farneyi","(Martinelli & A.F.Costa) J.R.Grant",validation,,,,
BROMELIACEAE,"Alcantarea geniculata","(Wawra) J.R.Grant",validation,,,,
BROMELIACEAE,"Alcantarea glaziouana","(Leme) J.R.Grant",validation,,,,
BROMELIACEAE,"Alcantarea heloisae",J.R.Grant,validation,,,,
BROMELIACEAE,"Alcantarea martinellii","Versieux & Wand.",validation,,,,
BROMELIACEAE,"Alcantarea nevaresii","(Leme) J.R.Grant",validation,,,,
BROMELIACEAE,"Alcantarea tortuosa","Versieux & Wand.",validation,,,,
BROMELIACEAE,"Billbergia amandae",W.Weber,validation,,,,
BROMELIACEAE,"Billbergia brasiliensis",L.B.Sm.,validation,,,,
BROMELIACEAE,"Billbergia macracantha",E.Pereira,validation,,,,
BROMELIACEAE,"Canistropsis correia-araujoi","(E.Pereira & Leme) Leme",validation,,,,
BROMELIACEAE,"Canistropsis elata","(E.Pereira & Leme) Leme",validation,,,,
BROMELIACEAE,"Canistropsis marceloi","(E.Pereira & Moutinho) Leme",validation,,,,
BROMELIACEAE,"Canistropsis pulcherrima","(E.Pereira & Leme) Leme",validation,,,,
BROMELIACEAE,"Cryptanthus bromelioides","Otto & A.Dietr.",validation,,,,
BROMELIACEAE,"Cryptanthus delicatus",Leme,validation,,,,
BROMELIACEAE,"Cryptanthus sinuosus",L.B.Sm.,validation,,,,
BROMELIACEAE,"Dyckia martinellii","B.R. Silva & Forzza",validation,,,,
BROMELIACEAE,"Dyckia pseudococcinea",L.B.Sm.,validation,,,,
BROMELIACEAE,"Neoregelia abendrothae",L.B.Sm.,review,,,,
BROMELIACEAE,"Neoregelia bragarum","(E.Pereira & L.B.Sm.) Leme",review,,,,
BROMELIACEAE,"Neoregelia camorimiana","E.Pereira & I.A.Penna",review,,,,
BROMELIACEAE,"Neoregelia carinata",Leme,review,,,,
BROMELIACEAE,"Neoregelia coimbrae","E.Pereira & Leme",review,,,,
BROMELIACEAE,"Neoregelia coriacea","(Antoine) L.B.Sm.",review,,,,
BROMELIACEAE,"Neoregelia correia-araujoi","E.Pereira & I.A.Penna",review,,,,
BROMELIACEAE,"Neoregelia desenganensis",Leme,review,,,,
BROMELIACEAE,"Neoregelia eltoniana",W.Weber,review,,,,
BROMELIACEAE,"Neoregelia fluminensis",L.B.Sm.,review,,,,
BROMELIACEAE,"Neoregelia fosteriana",L.B.Sm.,review,,,,
BROMELIACEAE,"Neoregelia gavionensis","Martinelli & Leme",review,,,,
BROMELIACEAE,"Neoregelia ilhana",Leme,review,,,,
BROMELIACEAE,"Neoregelia indecora","(Mez) L.B.Sm.",review,,,,
BROMELIACEAE,"Neoregelia kuhlmannii",L.B.Sm.,review,,,,
BROMELIACEAE,"Neoregelia lactea","H.Luther & Leme",review,,,,
BROMELIACEAE,"Neoregelia leucophoea","(Baker) L.B.Sm.",review,,,,
BROMELIACEAE,"Neoregelia longipedicellata",Leme,review,,,,
BROMELIACEAE,"Neoregelia macahensis","(Ule) L.B.Sm.",review,,,,
BROMELIACEAE,"Neoregelia macwilliamsii",L.B.Sm.,review,,,,
BROMELIACEAE,"Neoregelia martinellii",W.Weber,review,,,,
BROMELIACEAE,"Neoregelia nevaresii","Leme & H.Luther",review,,,,
BROMELIACEAE,"Neoregelia petropolitana",Leme,review,,,,
BROMELIACEAE,"Neoregelia roethii",W.Weber,review,,,,
BROMELIACEAE,"Neoregelia rubrovittata",Leme,review,,,,
BROMELIACEAE,"Neoregelia sapiatibensis","E.Pereira & I.A.Penna",review,,,,
BROMELIACEAE,"Neoregelia tenebrosa",Leme,review,,,,
BROMELIACEAE,"Neoregelia uleana",L.B.Sm.,review,,,,
BROMELIACEAE,"Neoregelia watersiana",Leme,review,,,,
BROMELIACEAE,"Nidularium altimontanum",Leme,validation,,,,
BROMELIACEAE,"Nidularium angustifolium",Ule,validation,,,,
BROMELIACEAE,"Nidularium apiculatum",L.B.Sm.,validation,,,,
BROMELIACEAE,"Nidularium atalaiaense","E.Pereira & Leme",validation,,,,
BROMELIACEAE,"Nidularium fradense",Leme,validation,,,,
BROMELIACEAE,"Nidularium fulgens",Lem.,validation,,,,
BROMELIACEAE,"Nidularium itatiaiae",L.B.Sm.,validation,,,,
BROMELIACEAE,"Nidularium mangaratibense",Leme,validation,,,,
BROMELIACEAE,"Nidularium organense",Leme,validation,,,,
BROMELIACEAE,"Nidularium rosulatum",Ule,validation,,,,
BROMELIACEAE,"Nidularium utriculosum",Ule,validation,,,,
BROMELIACEAE,"Nidularium viridipetalum",Leme,validation,,,,
BROMELIACEAE,"Pitcairnia albiflos",Herb.,validation,,,,
BROMELIACEAE,"Pitcairnia beycalema",Beer,validation,,,,
BROMELIACEAE,"Pitcairnia corcovadensis",Wawra,validation,,,,
BROMELIACEAE,"Pitcairnia encholirioides",L.B.Sm.,validation,,,,
BROMELIACEAE,"Pitcairnia insularis","Tatagiba & R.J.V.Alves",validation,,,,
BROMELIACEAE,"Pitcairnia staminea",Lodd.,validation,,,,
BROMELIACEAE,"Pitcairnia suaveolens",Lindl.,validation,,,,
BROMELIACEAE,"Pitcairnia wendtiae","Tatagiba & B.R.Silva",validation,,,,
BROMELIACEAE,"Quesnelia edmundoi",L.B.Sm.,validation,,,,
BROMELIACEAE,"Quesnelia lateralis",Wawra,validation,,,,
BROMELIACEAE,"Quesnelia seideliana",L.B.Sm.,validation,,,,
BROMELIACEAE,"Tillandsia brachyphylla",Baker,validation,,,,
BROMELIACEAE,"Tillandsia carminea",W.Till,validation,,,,
BROMELIACEAE,"Tillandsia grazielae","D.Sucre & R.Braga",validation,,,,
BROMELIACEAE,"Tillandsia neglecta",E.Pereira,validation,,,,
BROMELIACEAE,"Tillandsia nuptialis","R.Braga & Sucre",validation,,,,
BROMELIACEAE,"Tillandsia organensis",Ehlers,validation,,,,
BROMELIACEAE,"Tillandsia reclinata","E.Pereira & Martinelli",validation,,,,
BROMELIACEAE,"Tillandsia roseiflora","Ehlers & W.Weber",validation,,,,
BROMELIACEAE,"Tillandsia sucrei",E.Pereira,validation,,,,
BROMELIACEAE,"Tillandsia thiekenii",Ehlers,validation,,,,
BROMELIACEAE,"Vriesea agostiniana",E.Pereira,validation,,,,
BROMELIACEAE,"Vriesea altimontana","E.Pereira & Martinelli",validation,,,,
BROMELIACEAE,"Vriesea altomacaensis",A.F.Costa,validation,,,,
BROMELIACEAE,"Vriesea atra",Mez,open,,,,
BROMELIACEAE,"Vriesea atrococcinea",Rauh,validation,,,,
BROMELIACEAE,"Vriesea bleherae","Roth & W. Weber",validation,,,,
BROMELIACEAE,"Vriesea botafogensis",Mez,validation,,,,
BROMELIACEAE,"Vriesea brassicoides","(Baker) Mez",validation,,,,
BROMELIACEAE,"Vriesea costae","B.R. Silva & Leme",validation,,,,
BROMELIACEAE,"Vriesea croceana","Leme & G.K.Br.",validation,,,,
BROMELIACEAE,"Vriesea eltoniana",E.Pereira,,,,,
BROMELIACEAE,"Vriesea fidelensis",Leme,,,,,
BROMELIACEAE,"Vriesea fluminensis",E.Pereira,,,,,
BROMELIACEAE,"Vriesea fontourae","B.R. Silva",,,,,
BROMELIACEAE,"Vriesea fradensis",A.F.Costa,,,,,
BROMELIACEAE,"Vriesea garlippiana",Leme,,,,,
BROMELIACEAE,"Vriesea gastiniana","Leme & G.K.Br.",,,,,
BROMELIACEAE,"Vriesea goniorachis","(Baker) Mez",,,,,
BROMELIACEAE,"Vriesea grandiflora",Leme,,,,,
BROMELIACEAE,"Vriesea joyae","E.Pereira & I.A.Penna",,,,,
BROMELIACEAE,"Vriesea leptantha",Harms,,,,,
BROMELIACEAE,"Vriesea lidicensis",Reitz,,,,,
BROMELIACEAE,"Vriesea nubicola",Leme,,,,,
BROMELIACEAE,"Vriesea pastuchoffiana",Glaz.,,,,,
BROMELIACEAE,"Vriesea pauciflora",Mez,,,,,
BROMELIACEAE,"Vriesea punctulata","E.Pereira & I.A.Penna",,,,,
BROMELIACEAE,"Vriesea roethii",W.Weber,,,,,
BROMELIACEAE,"Vriesea rubyae",E.Pereira,,,,,
BROMELIACEAE,"Vriesea saundersii","(Carrière) E.Morren ex Mez",,,,,
BROMELIACEAE,"Vriesea secundiflora",Leme,,,,,
BROMELIACEAE,"Vriesea serrana","E.Pereira & I.A.Penna",,,,,
BROMELIACEAE,"Vriesea sucrei","L.B.Sm. & Read",,,,,
BROMELIACEAE,"Vriesea teresopolitana",Leme,,,,,
BROMELIACEAE,"Vriesea thyrsoidea",Mez,,,,,
BROMELIACEAE,"Vriesea triligulata",Mez,,,,,
BROMELIACEAE,"Vriesea vidalii","L.B.Sm. & Handro",,,,,
BROMELIACEAE,"Vriesea warmingii",E.Morren,,,,,
BROMELIACEAE,"Vriesea zildae","R. Moura & A. F. Costa",,,,,
BRYACEAE,"Bryum turbinatum","(Hedw.) Turner",,,,,
BRYACEAE,"Ptychostomum caespiticium","(Brid.) J.R.Spence & H.P.Ramsay",,,,,
BURSERACEAE,"Tetragastris breviacuminata",Swart,validation,,,,
CACTACEAE,"Pilosocereus ulei","(K.Schum.) Byles & G.D.Rowley",open,,,,
CACTACEAE,"Rhipsalis flagelliformis","N.P.Taylor & Zappi",open,,,,
CACTACEAE,"Rhipsalis mesembryanthemoides",Haw.,open,,,,
CACTACEAE,"Rhipsalis ormindoi","N.P.Taylor & Zappi",,,,,
CACTACEAE,"Rhipsalis pentaptera",A.Dietr.,open,,,,
CALLIERGONACEAE,"Warnstorfia exannulata","(Schimp.) Loeske",,,,,
CALOPHYLLACEAE,"Kielmeyera excelsa",Cambess.,open,,,,
CALOPHYLLACEAE,"Kielmeyera gracilis",Wawra,open,,,,
CALOPHYLLACEAE,"Kielmeyera insignis",Saddi,open,,,,
CALOPHYLLACEAE,"Kielmeyera rizziniana",Saddi,open,,,,
CAMPANULACEAE,"Lobelia glazioviana",Zahlbr.,,,,,
CAMPANULACEAE,"Lobelia santos-limae",Brade,,,,,
CAMPANULACEAE,"Siphocampylus viscidus",E.Wimm.,,,,,
CANELLACEAE,"Cinnamodendron sampaioanum",Occhioni,validation,,,,
CAPPARACEAE,"Neocalyptrocalyx eichleriana","(Urb.) Iltis & Cornejo",open,,,,
CELASTRACEAE,"Maytenus basidentata",Reissek,sig,,,,
CELASTRACEAE,"Maytenus samydaeformis",Reissek,sig,,,,
CEPHALOZIELLACEAE,"Cylindrocolea brasiliensis","Costa et al.",open,,,,
CHRYSOBALANACEAE,"Couepia parvifolia",Prance,validation,,,,
CHRYSOBALANACEAE,"Hirtella barrosoi",Prance,validation,,,,
CHRYSOBALANACEAE,"Licania glazioviana",Warm.,validation,,,,
CLUSIACEAE,"Clusia fragrans",Gardner,open,,,,
CLUSIACEAE,"Clusia immersa",C.M.Vieira,open,,,,
CLUSIACEAE,"Clusia studartiana","C.M.Vieira & Gomes da Silva",open,,,,
CLUSIACEAE,"Garcinia calyptrata","(Schltdl.) Bittrich",open,,,,
COMBRETACEAE,"Terminalia acuminata","(Allemão) Eichler",review,,,,
COMMELINACEAE,"Dichorisandra fluminensis",Brade,review,,,,
COMMELINACEAE,"Dichorisandra gaudichaudiana",Kunth,review,,,,
COMMELINACEAE,"Dichorisandra nana","Aona & M.C.E.Amaral",review,,,,
COMMELINACEAE,"Dichorisandra odorata","Aona & M.C.E.Amaral",review,,,,
COMMELINACEAE,"Dichorisandra oxypetala",Hook.,review,,,,
COMMELINACEAE,"Siderasis fuscata","(Lodd.) H.E.Moore",review,,,,
CONNARACEAE,"Connarus marginatus",Planch.,,,,,
CONVOLVULACEAE,"Bonamia langsdorffii","(Meisn.) Hallier f.",,,,,
CONVOLVULACEAE,"Bonamia umbellata","(Choisy) Hallier f.",,,,,
CUCURBITACEAE,"Cayaponia latiloba","(Cogn.) Gomes-Klein",,,,,
CUCURBITACEAE,"Gurania cinerea",Suessenguth,,,,,
CUCURBITACEAE,"Gurania cogniauxiana",Barb.Rodr.,,,,,
CUCURBITACEAE,"Gurania ovata",Cogn.,,,,,
CUCURBITACEAE,"Wilbrandia glaziovii",Cogn.,,,,,
CYPERACEAE,"Cyperus drummondii","Torr. & Hook.",,,,,
CYPERACEAE,"Eleocharis glaucovirens",Boeckeler,,,,,
CYPERACEAE,"Eleocharis schenckii",Boeckeler,,,,,
CYPERACEAE,"Hypolytrum glaziovii",Boeckeler,,,,,
CYPERACEAE,"Pleurostachys douglasii",C.B.Clarke,,,,,
CYPERACEAE,"Pleurostachys turbinata","(Nees) H.Pfeiff.",,,,,
CYPERACEAE,"Rhynchospora luetzelburgiana",Kük.,,,,,
CYPERACEAE,"Rhynchospora sampaioana",Gross,,,,,
CYPERACEAE,"Scleria bradei",Pilg.,,,,,
CYPERACEAE,"Trilepis tenuis",Vitta,,,,,
DICHAPETALACEAE,"Stephanopodium estrellense",Baill.,open,,,,
DICHAPETALACEAE,"Stephanopodium organense","(Rizzini) Prance",open,,,,
DICHAPETALACEAE,"Stephanopodium sessile",Rizzini,open,,,,
DICRANACEAE,"Dicranodontium pulchroalare",Broth.,,,,,
DICRANACEAE,"Dicranoloma brasiliense",Herzog,open,,,,
DILLENIACEAE,"Davilla glaziovii",Eichler,open,,,,
DILLENIACEAE,"Doliocarpus littoralis","(Kubitzki) Fraga & Stehmann",open,,,,
DIOSCOREACEAE,"Dioscorea bradei",R.Knuth,,,,,
DIOSCOREACEAE,"Dioscorea campanulata","Uline ex R.Knuth",,,,,
DIOSCOREACEAE,"Dioscorea campos-portoi",R.Knuth,,,,,
DIOSCOREACEAE,"Dioscorea itatiaiensis",R.Knuth,,,,,
DIOSCOREACEAE,"Dioscorea margarethia","G.M.Barroso et al.",,,,,
DIOSCOREACEAE,"Dioscorea oppositiflora",Griseb.,,,,,
DIOSCOREACEAE,"Dioscorea organensis",R.Knuth,,,,,
DIOSCOREACEAE,"Dioscorea pedalis","(Uline ex R. Knuth) R. Couto & J. M. A. Braga",,,,,
DIOSCOREACEAE,"Dioscorea pseudomacrocapsa","G.M.Barroso et al.",,,,,
DIOSCOREACEAE,"Dioscorea pumilio",Griseb.,,,,,
DIOSCOREACEAE,"Dioscorea septemnervis",Vell.,,,,,
DIOSCOREACEAE,"Dioscorea sphaeroidea","R. Couto & J. M. A. Braga",,,,,
DRYOPTERIDACEAE,"Ctenitis flexuosa","(Fée) Copel.",open,,,,
DRYOPTERIDACEAE,"Elaphoglossum didymoglossoides",C.Chr.,open,,,,
DRYOPTERIDACEAE,"Elaphoglossum macrorhizum","(Baker) C.Chr.",,,,,
DRYOPTERIDACEAE,"Elaphoglossum miersii","(Baker) C.Chr.",,,,,
DRYOPTERIDACEAE,"Elaphoglossum mourae",Brade,,,,,
DRYOPTERIDACEAE,"Elaphoglossum sehnemii",Brade,,,,,
DRYOPTERIDACEAE,"Polystichum auritum","(Fée) Yatsk.",review,,,,
ERICACEAE,"Agarista organensis","(Gardner) Hook. ex Nied.",open,,,,
ERICACEAE,"Agarista uleana","(Sleumer) Judd",open,,,,
ERICACEAE,"Gaylussacia angulata",Gardner,open,,,,
ERICACEAE,"Gaylussacia pruinosa",Loes.,open,,,,
ERICACEAE,"Gaylussacia retivenia",Sleumer,open,,,,
ERIOCAULACEAE,"Paepalanthus ovatus",Körn.,done,open,,,
ERYTHROXYLACEAE,"Erythroxylum cincinnatum",Mart.,open,,,,
ERYTHROXYLACEAE,"Erythroxylum gaudichaudii",Peyr.,open,,,,
ERYTHROXYLACEAE,"Erythroxylum glazioui",O.E.Schulz,open,,,,
ERYTHROXYLACEAE,"Erythroxylum lancifolium",Peyr.,open,,,,
ERYTHROXYLACEAE,"Erythroxylum magnoliifolium",A.St.-Hil.,open,,,,
ERYTHROXYLACEAE,"Erythroxylum occultum",Plowman,open,,,,
ERYTHROXYLACEAE,"Erythroxylum ovalifolium",Peyr.,open,,,,
EUPHORBIACEAE,"Acalypha ampliata","Pax & K.Hoffm.",validation,,,,
EUPHORBIACEAE,"Acalypha aspericocca","Pax & K.Hoffm.",validation,,,,
EUPHORBIACEAE,"Acalypha macularis","Pax & K.Hoffm.",validation,,,,
EUPHORBIACEAE,"Acalypha peckoltii",Müll.Arg.,validation,,,,
EUPHORBIACEAE,"Acalypha pohliana",Müll.Arg.,validation,,,,
EUPHORBIACEAE,"Acalypha radicans",Müll.Arg.,validation,,,,
EUPHORBIACEAE,"Acalypha subsana","Mart. ex Colla",validation,,,,
EUPHORBIACEAE,"Actinostemon mandiocanus","(Müll.Arg.) Pax",validation,,,,
EUPHORBIACEAE,"Algernonia gibbosa","(Pax & K.Hoffm.) Emmerich",validation,,,,
EUPHORBIACEAE,"Algernonia glazioui",Emmerich,validation,,,,
EUPHORBIACEAE,"Algernonia paulae",Emmerich,validation,,,,
EUPHORBIACEAE,"Bernardia brevipes",Müll.Arg.,validation,,,,
EUPHORBIACEAE,"Caperonia velloziana",Müll.Arg.,validation,,,,
EUPHORBIACEAE,"Croton nigricans","(Mart. ex Schltdl.) Radcl.-Sm. & Govaerts",validation,,,,
EUPHORBIACEAE,"Croton tenuicaulis","van Ee & P.E. Berry",validation,,,,
EUPHORBIACEAE,"Dalechampia granadilla",Baill.,validation,,,,
EUPHORBIACEAE,"Euphorbia laevigata",Lam.,validation,,,,
EUPHORBIACEAE,"Euphorbia sabulicola",Boiss.,validation,,,,
EUPHORBIACEAE,"Manihot corymbiflora","Pax & K.Hoffm.",validation,,,,
EUPHORBIACEAE,"Ophthalmoblapton macrophyllum",Allemão,validation,,,,
EUPHORBIACEAE,"Sebastiania pteroclada","(Müll.Arg.) Müll.Arg.",validation,,,,
EUPHORBIACEAE,"Tragia peltata",Vell.,validation,,,,
FABACEAE,"Aeschynomene bradei",Rudd,open,,,,
FABACEAE,"Bauhinia albicans",Vogel,open,,,,
FABACEAE,"Dahlstedtia glaziovii","(Taub.) M.J. Silva & A.M.G. Azevedo",open,,,,
FABACEAE,"Dahlstedtia grandiflora","(A.M.G. Azevedo) M.J. Silva & A.M.G. Azevedo",,,,,
FABACEAE,"Dalbergia glaziovii",Harms,,,,,
FABACEAE,"Inga arenicola",T.D.Penn.,open,,,,
FABACEAE,"Inga enterolobioides",T.D.Penn.,open,,,,
FABACEAE,"Luetzelburgia trialata","(Ducke) Ducke",,,,,
FABACEAE,"Lupinus dusenianus",C.P.Sm.,,,,,
FABACEAE,"Lupinus hasslerianus",C.P.Sm.,,,,,
FABACEAE,"Lupinus russellianus",C.P.Sm.,,,,,
FABACEAE,"Machaerium firmum","(Vell.) Benth.",open,,,,
FABACEAE,"Machaerium legale","(Vell.) Benth.",,,,,
FABACEAE,"Machaerium macaense","C.V. Mendonça, A.M.G. Azevedo & H.C. Lima",,,,,
FABACEAE,"Machaerium obovatum","Kuhlm. & Hoehne",,,,,
FABACEAE,"Martiodendron fluminense",Lombardi,,,,,
FABACEAE,"Mimosa ernestii",Harms,open,,,,
FABACEAE,"Mimosa glazioui",Benth.,,,,,
FABACEAE,"Moldenhawera polysperma","(Vell.) Stellfeld",,,,,
FABACEAE,"Ormosia altimontana","J.E. Mereles & H.C. Lima",,,,,
FABACEAE,"Peltogyne mattosiana",Rizzini,,,,,
FABACEAE,"Piptadenia laxipinna",G.M.Barroso,,,,,
FABACEAE,"Piptadenia polyptera",Benth.,,,,,
FABACEAE,"Poecilanthe fluminensis","J.E. Mereles & H.C. Lima",,,,,
FABACEAE,"Senegalia miersii","(Benth.) Seigler & Ebinger",,,,,
FABACEAE,"Senegalia mikanii","(Benth.) Seigler & Ebinger",,,,,
FABACEAE,"Swartzia glazioviana","(Taub.) Glaz.",,,,,
FABACEAE,"Swartzia submontana","R. B. Pinto, Torke & Mansano",,,,,
FABACEAE,"Tachigali beaurepairei","(Harms) L.G.Silva & H.C.Lima",,,,,
FABACEAE,"Zollernia glaziovii",Yakovlev,,,,,
FRULLANIACEAE,"Frullania brachycarpa",Spruce,,,,,
FRULLANIACEAE,"Frullania cuencensis",Taylor,,,,,
GENTIANACEAE,"Prepusa alata","Porto & Brade",review,,,,
GENTIANACEAE,"Prepusa connata",Gardner,review,,,,
GENTIANACEAE,"Prepusa hookeriana",Gardner,validation,,,,
GERANIACEAE,"Geranium brasiliense",Progel,validation,,,,
GESNERIACEAE,"Besleria fluminensis",Brade,,,,,
GESNERIACEAE,"Besleria grandifolia",Schott,,,,,
GESNERIACEAE,"Besleria melancholica","(Vell.) C.V.Morton",,,,,
GESNERIACEAE,"Nematanthus mirabilis","(Handro) Chautems",,,,,
GESNERIACEAE,"Nematanthus pycnophyllus","Chautems et al.",,,,,
GESNERIACEAE,"Nematanthus serpens","(Vell.) Chautems",,,,,
GESNERIACEAE,"Sinningia bulbosa","(Ker Gawl.) Wiehler",,,,,
GESNERIACEAE,"Sinningia cardinalis","(Lehm.) H.E.Moore",,,,,
GESNERIACEAE,"Sinningia cochlearis","(Hook.) Chautems",,,,,
GESNERIACEAE,"Sinningia gesneriifolia","(Hanst.) Clayberg",,,,,
GESNERIACEAE,"Sinningia guttata",Lindl.,,,,,
GESNERIACEAE,"Sinningia helleri",Nees,,,,,
GESNERIACEAE,"Sinningia hirsuta","(Lindl.) G.Nicholson",,,,,
GESNERIACEAE,"Sinningia lateritia","(Lindl.) Chautems",,,,,
GESNERIACEAE,"Sinningia lindleyi",Schauer,,,,,
GESNERIACEAE,"Sinningia muscicola","Chautems, T. Lopes & M. Peixoto",,,,,
GESNERIACEAE,"Sinningia pusilla","(Mart.) Baill.",,,,,
GESNERIACEAE,"Vanhouttea bradeana",Hoehne,,,,,
GESNERIACEAE,"Vanhouttea fruticulosa","(Glaz. ex Hoehne) Chautems",,,,,
GESNERIACEAE,"Vanhouttea gardneri","(Hook.) Fritsch",,,,,
GESNERIACEAE,"Vanhouttea lanata",Fritsch,,,,,
HELICONIACEAE,"Heliconia pseudoaemygdiana","Emygdio & E.Santos",open,,,,
HERBERTACEAE,"Herbertus sendtneri","(Nees) Lindb.",,,,,
HUMIRIACEAE,"Humiriastrum glaziovii","(Urb.) Cuatrec.",,,,,
HYMENOPHYLLACEAE,"Hymenophyllum sampaioanum","Brade & Rosenst.",,,,,
IRIDACEAE,"Neomarica itatiaica","(Ravenna) A. Gil",,,,,
IRIDACEAE,"Neomarica longifolia","(Link & Otto) Sprague",,,,,
IRIDACEAE,"Neomarica northiana","(Schneev.) Sprague",,,,,
IRIDACEAE,"Neomarica silvestris","(Vell.) Chukr",,,,,
IRIDACEAE,"Sisyrinchium glaziovii",Baker,,,,,
IRIDACEAE,"Trimezia organensis",Ravenna,,,,,
ISOETACEAE,"Isoetes goebelii",U.Weber,open,,,,
ISOETACEAE,"Isoetes organensis",U.Weber,open,,,,
ISOETACEAE,"Isoetes ulei",U.Weber,open,,,,
LAMIACEAE,"Hedeoma crenatum",Irving,,,,,
LAMIACEAE,"Hyptis cymulosa",Benth.,,,,,
LAMIACEAE,"Monochilus gloxiniifolius","Fisch. & C.A.Mey.",,,,,
LAMIACEAE,"Salvia altissima",Pohl,,,,,
LAMIACEAE,"Salvia benthamiana",Gardner,,,,,
LAMIACEAE,"Salvia longibracteolata",E.P.Santos,,,,,
LAMIACEAE,"Salvia rivularis",Gardner,,,,,
LAMIACEAE,"Scutellaria tubiflora",Benth.,,,,,
LAURACEAE,"Aniba pedicellata",Kosterm.,validation,,,,
LAURACEAE,"Beilschmiedia angustifolia",Kosterm.,validation,,,,
LAURACEAE,"Beilschmiedia stricta",Kosterm.,validation,,,,
LAURACEAE,"Endlicheria balsamea",Vattimo-Gil,validation,,,,
LAURACEAE,"Mezilaurus navalium","(Allemão) Taub. ex Mez",validation,,,,
LAURACEAE,"Nectandra spicata",Meisn.,validation,,,,
LAURACEAE,"Ocotea abbreviata","Schwacke & Mez",validation,,,,
LAURACEAE,"Ocotea leucophloea","(Nees et Mart.) L.C.S. Assis e Mello-Silva",validation,,,,
LAURACEAE,"Ocotea schwackeana",Mez,validation,,,,
LAURACEAE,"Ocotea sinaiana",Vattimo-Gil,validation,,,,
LAURACEAE,"Ocotea sulcata",Vattimo-Gil,validation,,,,
LECYTHIDACEAE,"Couratari pyramidata","(Vell.) Kunth",validation,,,,
LEJEUNEACEAE,"Colura itatyana",Steph.,open,,,,
LEJEUNEACEAE,"Lejeunea inflexiloba","J.B.Jack & Steph.",,,,,
LENTIBULARIACEAE,"Utricularia geminiloba",Benj.,,,,,
LOGANIACEAE,"Strychnos dantaensis","E.A. Manoel, Carrijo & E.F. Gim.",,,,,
LOGANIACEAE,"Strychnos jacarepiensis","E.A.Manoel & E.F.Guim.",,,,,
LORANTHACEAE,"Psittacanthus pluricotyledonarius",Rizzini,validation,open,EN,B1a,
LORANTHACEAE,"Struthanthus armandianus",Rizzini,validation,,,,
LORANTHACEAE,"Struthanthus dorothyi",Rizzini,validation,,,,
LORANTHACEAE,"Struthanthus harlingianus",Rizzini,validation,,,,
LORANTHACEAE,"Struthanthus involucratus",Rizzini,validation,,,,
LORANTHACEAE,"Struthanthus maricensis","Rizzini ex Profice",validation,,,,
LORANTHACEAE,"Struthanthus pentamerus",Rizzini,validation,,,,
MALPIGHIACEAE,"Banisteriopsis magdalenensis",B.Gates,,,,,
MALPIGHIACEAE,"Bronwenia peckoltii","W.R.Anderson & C.C.Davis",,,,,
MALPIGHIACEAE,"Heteropterys occhionii",Amorim,,,,,
MALPIGHIACEAE,"Heteropterys ternstroemiifolia",A.Juss.,,,,,
MALPIGHIACEAE,"Hiraea wiedeana",A.Juss.,,,,,
MALPIGHIACEAE,"Janusia diminuta","R.Sebast. & Mamede",,,,,
MALPIGHIACEAE,"Stigmaphyllon affine",A.Juss.,,,,,
MALPIGHIACEAE,"Stigmaphyllon carautae",C.E.Anderson,,,,,
MALVACEAE,"Abutilon anodoides","A.St.-Hil. & Naudin",validation,,,,
MALVACEAE,"Abutilon esculentum",A.St.-Hil.,validation,,,,
MALVACEAE,"Abutilon hirsutum","(Vell.) K.Schum.",validation,,,,
MALVACEAE,"Abutilon macrocarpum","Guillem. & Perr.",open,,,,
MALVACEAE,"Abutilon macrophyllum","A.St.-Hil. & Naudin",validation,,,,
MALVACEAE,"Byttneria beyrichiana",K.Schum.,validation,,,,
MALVACEAE,"Callianthe glaziovii","(K. Schum.) Donnel",validation,,,,
MALVACEAE,"Callianthe rufivela","(Hochr.) Donnel",open,,,,
MALVACEAE,"Callianthe schenckii","(K. Shum.) Donnel",open,,,,
MALVACEAE,"Callianthe sellowiana","(Klotzsch) Donnel",validation,,,,
MALVACEAE,"Callianthe senilis","(K. Schum) Donnel",validation,,,,
MALVACEAE,"Gaya gaudichaudiana",A.St.-Hil.,validation,,,,
MALVACEAE,"Sida petropolitana",Mont.,validation,,,,
MALVACEAE,"Sida sampaiana",Mont.,validation,,,,
MALVACEAE,"Sida schumanniana",Krapov.,open,,,,
MALVACEAE,"Waltheria glazioviana",K.Schum.,open,,,,
MALVACEAE,"Waltheria petiolata",K.Schum.,open,,,,
MARANTACEAE,"Goeppertia dorothyae","(J.M.A. Braga & H. Kenn.) J.M.A. Braga",,,,,
MARANTACEAE,"Goeppertia fatimae","(H.Kenn. & J.M.A.Braga) Borchs. & S.Suárez",,,,,
MARANTACEAE,"Goeppertia grazielae","(H.Kenn. & J.M.A.Braga) Borchs. & S.Suárez",,,,,
MARANTACEAE,"Goeppertia reginae","(J.M.A.Braga) Borchs. & S.Suárez",,,,,
MARANTACEAE,"Goeppertia sphaerocephala","(K.Schum.) Borchs. & S.Suárez",,,,,
MARANTACEAE,"Thalia petersiana","K. Schum.",,,,,
MARCGRAVIACEAE,"Marcgravia comosa",C.Presl,validation,,,,
MARCGRAVIACEAE,"Souroubea platyadenia","(Gilg) de Roon",validation,,,,
MARCHANTIACEAE,"Marchantia breviloba",A.Evans,,,,,
MARCHANTIACEAE,"Marchantia paleacea",Bert.,,,,,
MELASTOMATACEAE,"Behuria cordifolia",Cogn.,validation,,,,
MELASTOMATACEAE,"Behuria corymbosa",Cogn.,validation,,,,
MELASTOMATACEAE,"Behuria edmundoi",Brade,validation,,,,
MELASTOMATACEAE,"Behuria glazioviana",Cogn.,validation,,,,
MELASTOMATACEAE,"Behuria huberioides",Brade,validation,,,,
MELASTOMATACEAE,"Behuria limae",Brade,validation,,,,
MELASTOMATACEAE,"Behuria magdalenensis","(Brade) R.Tav. & Baumgratz",validation,,,,
MELASTOMATACEAE,"Behuria mouraei",Cogn.,validation,,,,
MELASTOMATACEAE,"Behuria organensis","(Saldanha & Cogn.) R.Tav. & Baumgratz",validation,,,,
MELASTOMATACEAE,"Bertolonia grazielae",Baumgratz,validation,,,,
MELASTOMATACEAE,"Bertolonia valenteana",Baumgratz,validation,,,,
MELASTOMATACEAE,"Bisglaziovia behurioides",Cogn.,validation,,,,
MELASTOMATACEAE,"Clidemia raddiana",Cogn.,validation,,,,
MELASTOMATACEAE,"Huberia minor",Cogn.,validation,open,,,
MELASTOMATACEAE,"Huberia parvifolia",Cogn.,validation,,,,
MELASTOMATACEAE,"Huberia triplinervis",Cogn.,validation,,,,
MELASTOMATACEAE,"Itatiaia cleistopetala","(Ule) Ule",,,,,
MELASTOMATACEAE,"Leandra alpestris","(Gardner) Cogn.",validation,,,,
MELASTOMATACEAE,"Leandra altomacaensis","Baumgratz & D`El Rei Souza",validation,,,,
MELASTOMATACEAE,"Leandra atrata",Cogn.,validation,,,,
MELASTOMATACEAE,"Leandra atroviridis",Cogn.,validation,,,,
MELASTOMATACEAE,"Leandra attenuata",Cogn.,validation,,,,
MELASTOMATACEAE,"Leandra breviflora",Cogn.,validation,,,,
MELASTOMATACEAE,"Leandra chaetocalyx","(A.Gray) Cogn.",validation,,,,
MELASTOMATACEAE,"Leandra dentata",Cogn.,validation,,,,
MELASTOMATACEAE,"Leandra depauperata","Cogn. ex Kuntze",validation,,,,
MELASTOMATACEAE,"Leandra freyreissii",Cogn.,validation,,,,
MELASTOMATACEAE,"Leandra laxa",Cogn.,validation,,,,
MELASTOMATACEAE,"Leandra magdalenensis",Brade,validation,,,,
MELASTOMATACEAE,"Leandra markgrafii",Brade,validation,,,,
MELASTOMATACEAE,"Leandra mollis",Cogn.,validation,,,,
MELASTOMATACEAE,"Leandra mouraei",Cogn.,validation,,,,
MELASTOMATACEAE,"Leandra multisetosa",Cogn.,validation,,,,
MELASTOMATACEAE,"Leandra niangaeformis",Cogn.,validation,,,,
MELASTOMATACEAE,"Leandra organensis",Cogn.,validation,,,,
MELASTOMATACEAE,"Leandra pubescens",Cogn.,validation,,,,
MELASTOMATACEAE,"Leandra rubida",Cogn.,validation,,,,
MELASTOMATACEAE,"Leandra saldanhaei",Cogn.,validation,,,,
MELASTOMATACEAE,"Leandra schwackei",Cogn.,validation,,,,
MELASTOMATACEAE,"Leandra sessiliflora",Cogn.,validation,,,,
MELASTOMATACEAE,"Leandra sphaerocarpa",Cogn.,validation,,,,
MELASTOMATACEAE,"Leandra tetragona",Cogn.,validation,,,,
MELASTOMATACEAE,"Meriania excelsa","(Gardner) Cogn.",validation,,,,
MELASTOMATACEAE,"Meriania glabra","(DC.) Triana",open,,,,
MELASTOMATACEAE,"Meriania glazioviana",Cogn.,validation,,,,
MELASTOMATACEAE,"Meriania longipes",Triana,validation,,,,
MELASTOMATACEAE,"Meriania robusta",Cogn.,validation,,,,
MELASTOMATACEAE,"Miconia altissima",Cogn.,,,,,
MELASTOMATACEAE,"Miconia argyraea",Cogn.,,,,,
MELASTOMATACEAE,"Miconia augusti",Cogn.,validation,,,,
MELASTOMATACEAE,"Miconia cinerea",Cogn.,,,,,
MELASTOMATACEAE,"Miconia dichroa",Cogn.,,,,,
MELASTOMATACEAE,"Miconia divaricata",Gardner,,,,,
MELASTOMATACEAE,"Miconia eichleri",Cogn.,,,,,
MELASTOMATACEAE,"Miconia elaeodendron","(DC.) Naudin",,,,,
MELASTOMATACEAE,"Miconia fluminensis",Ule,,,,,
MELASTOMATACEAE,"Miconia gigantea",Cogn.,,,,,
MELASTOMATACEAE,"Miconia gilva",Cogn.,,,,,
MELASTOMATACEAE,"Miconia glazioviana",Cogn.,,,,,
MELASTOMATACEAE,"Miconia inaequidens","(DC.) Naudin",,,,,
MELASTOMATACEAE,"Miconia klotzschii",Triana,,,,,
MELASTOMATACEAE,"Miconia laeta",Cogn.,,,,,
MELASTOMATACEAE,"Miconia mourae",Cogn.,,,,,
MELASTOMATACEAE,"Miconia oblongifolia",Cogn.,,,,,
MELASTOMATACEAE,"Miconia ovalifolia",Cogn.,,,,,
MELASTOMATACEAE,"Miconia ovata",Cogn.,,,,,
MELASTOMATACEAE,"Miconia penduliflora",Cogn.,,,,,
MELASTOMATACEAE,"Miconia petroniana","Cogn. & Saldanha",,,,,
MELASTOMATACEAE,"Miconia pseudoeichleri",Cogn.,,,,,
MELASTOMATACEAE,"Miconia pulchra",Cogn.,,,,,
MELASTOMATACEAE,"Miconia rabenii",Cogn.,,,,,
MELASTOMATACEAE,"Miconia saldanhae",Cogn.,,,,,
MELASTOMATACEAE,"Miconia subvernicosa",Cogn.,,,,,
MELASTOMATACEAE,"Mouriri arenicola",Morley,,,,,
MELASTOMATACEAE,"Pleiochiton glaziovianum",Cogn.,,,,,
MELASTOMATACEAE,"Pleiochiton longipetiolatum",Brade,,,,,
MELASTOMATACEAE,"Pleiochiton magdalenense",Brade,,,,,
MELASTOMATACEAE,"Pleiochiton micranthum",Cogn.,,,,,
MELASTOMATACEAE,"Pleiochiton parvifolium",Cogn.,,,,,
MELASTOMATACEAE,"Tibouchina alata",Cogn.,,,,,
MELASTOMATACEAE,"Tibouchina australis","(Triana) Cogn.",,,,,
MELASTOMATACEAE,"Tibouchina axillaris",Cogn.,,,,,
MELASTOMATACEAE,"Tibouchina benthamiana","(Gardner) Cogn.",,,,,
MELASTOMATACEAE,"Tibouchina cordifolia",Cogn.,,,,,
MELASTOMATACEAE,"Tibouchina corymbosa","(Raddi) Cogn.",,,,,
MELASTOMATACEAE,"Tibouchina cristata",Brade,,,,,
MELASTOMATACEAE,"Tibouchina discolor",Brade,,,,,
MELASTOMATACEAE,"Tibouchina elegans","(Gardner) Cogn.",,,,,
MELASTOMATACEAE,"Tibouchina floribunda",Cogn.,,,,,
MELASTOMATACEAE,"Tibouchina granulosa","(Desr.) Cogn.",,,,,
MELASTOMATACEAE,"Tibouchina hirsutissima",Cogn.,,,,,
MELASTOMATACEAE,"Tibouchina lilacina",Cogn.,,,,,
MELASTOMATACEAE,"Tibouchina maximiliana","(DC.) Baill.",,,,,
MELASTOMATACEAE,"Tibouchina moricandiana",Baill.,,,,,
MELASTOMATACEAE,"Tibouchina pallida",Cogn.,,,,,
MELASTOMATACEAE,"Tibouchina raddiana","(DC.) Cogn.",,,,,
MELASTOMATACEAE,"Tibouchina schwackei",Cogn.,,,,,
MELASTOMATACEAE,"Tibouchina thereminiana","(DC.) Cogn.",,,,,
MELASTOMATACEAE,"Tibouchina virgata","(Gardner) Cogn.",,,,,
MELIACEAE,"Trichilia luciae",Barreiros,,,,,
MONIMIACEAE,"Grazielanthus arkeocarpus","Peixoto & Per.-Moura",done,comments,CR,"B2ab(i,ii,iii,iv);D1","Espécie reconhecida pelo hábito arbustivo ereto ou liana escandente, terrestre e típica de ambientes sombreados sendo considerada esciófila (Peixoto and Pereira-Moura, 2008). É restrita a região central da planície costeira do estado do Rio de Janeiro, ocorrendo no sub-dossel das florestas de várzea, em solos aluviais úmidos ou inundados durante a estação chuvosa (Peixoto and Pereira-Moura, 2008). Apresenta grande especificidade de habitat em floresta alagável bem conservada e próxima a cursos d'água na Reserva Biológica de Poço das Antas (REBIO Poço das antas), no município de Silva Jardim (Peixoto and Pereira-Moura, 2008). É conhecida por uma população com aproximadamente 80 indivíduos (Lírio, com. pess.) e, por volta de 32 indivíduos maduros (Peixoto and Pereira-Moura, 2008). Apresenta AOO de 4 km² e está sujeita a apenas uma situação de ameaça, considerando a localidade de ocorrência. Apesar de incluída em Unidade de Conservação de proteção integral (REBIO Poço das antas), a área é muito suscetível ao fogo, sendo esta a pior ameaça à espécie (Peixoto and Pereira-Moura, 2008), o que implica declínio contínuo de EOO, AOO, qualidade de habitat e número de subpopulações. Além disso, a presença de pericarpo carnoso está relacionada a dispersão zoocórica, sendo a espécie, provavelmente, dependente de aves como em outras Monimiaceae neotropicais (Peixoto et al., 2013; Pizo et al., 2002). Dessa forma, a defaunação das florestas da Mata Atlântica em virtude da fragmentação e caça também representa uma ameaça a espécie. Diversos autores (Jorge et al., 2013; Kurten, 2013) consideram que mesmo em grandes áreas protegidas, a longo prazo, a defaunação implicará em mudanças demográficas das plantas em virtude da redução de processos ecológicos chave, como a dispersão (Galetti and Dirzo, 2013; Jorge et al., 2013; Kurten, 2013).Em vista da sua distribuição restrita, especificidade ecológica e ameaça aos seus habitats, recomenda-se investimentos em planos de ação para sua conservação na natureza, em estratégias para controle e combate ao fogo na REBIO Poço das antas (Lírio, com. pess.) e na implementação de atividades de propagação e reintrodução da espécie a partir das plantas em conservação ex situ no Jardim Botânico do Rio de Janeiro (Lírio, com. pess.)."
MONIMIACEAE,"Macropeplus friburgensis","(Perkins) I.Santos & Peixoto",validation,,,,
MONIMIACEAE,"Mollinedia acutissima",Perkins,validation,,,,
MONIMIACEAE,"Mollinedia corcovadensis",Perkins,validation,,,,
MONIMIACEAE,"Mollinedia longicuspidata",Perkins,validation,,,,
MONIMIACEAE,"Mollinedia marliae","Peixoto & V. Pereira",validation,,,,
MONIMIACEAE,"Mollinedia stenophylla",Perkins,validation,,,,
MORACEAE,"Dorstenia brevipetiolata",C.C.Berg,,,,,
MORACEAE,"Dorstenia fischeri",Bureau,,,,,
MORACEAE,"Dorstenia ramosa","(Desv.) Carauta, C.Valente & Sucre",,,,,
MORACEAE,"Maclura brasiliensis","(Mart.) Endl.",,,,,
MORACEAE,"Sorocea carautana","M.D.M.Vianna et al.",,,,,
MYRTACEAE,"Calyptranthes anceps",O.Berg,,,,,
MYRTACEAE,"Calyptranthes aromatica",A.St.-Hil.,,,,,
MYRTACEAE,"Calyptranthes bimarginata",O.Berg,,,,,
MYRTACEAE,"Calyptranthes caudata",Gardner,,,,,
MYRTACEAE,"Calyptranthes grandiflora",O.Berg,,,,,
MYRTACEAE,"Calyptranthes martiusiana",DC.,,,,,
MYRTACEAE,"Calyptranthes ursina","Barroso & Peixoto",,,,,
MYRTACEAE,"Campomanesia fruticosa","(Vell.) O.Berg",,,,,
MYRTACEAE,"Campomanesia hirsuta",Gardner,,,,,
MYRTACEAE,"Campomanesia lundiana","(Kiaersk.) Mattos",,,,,
MYRTACEAE,"Campomanesia mediterranea","(Vell.) O.Berg",,,,,
MYRTACEAE,"Campomanesia terminalis","(Vell.) Mattos",,,,,
MYRTACEAE,"Eugenia adenocarpa",O.Berg,,,,,
MYRTACEAE,"Eugenia arrabidae",O.Berg,,,,,
MYRTACEAE,"Eugenia arvensis",Vell.,,,,,
MYRTACEAE,"Eugenia augustana",Kiaersk.,,,,,
MYRTACEAE,"Eugenia brachysepala",Kiaersk.,,,,,
MYRTACEAE,"Eugenia cambucae",Mattos,,,,,
MYRTACEAE,"Eugenia chlorocarpa",O.Berg,,,,,
MYRTACEAE,"Eugenia cinerascens",Gardner,,,,,
MYRTACEAE,"Eugenia coccifera",O.Berg,,,,,
MYRTACEAE,"Eugenia corcovadensis",Kiaersk.,,,,,
MYRTACEAE,"Eugenia crenata",Vell.,,,,,
MYRTACEAE,"Eugenia decussata","(Vell.) Mattos",,,,,
MYRTACEAE,"Eugenia expansa","Spring ex Mart.",,,,,
MYRTACEAE,"Eugenia grandifolia",O.Berg,,,,,
MYRTACEAE,"Eugenia grazielae","Mattos & D.Legrand",,,,,
MYRTACEAE,"Eugenia irirensis",O.Berg,,,,,
MYRTACEAE,"Eugenia itaguahiensis",Nied.,,,,,
MYRTACEAE,"Eugenia kuhlmanniana","Mattos & D.Legrand",,,,,
MYRTACEAE,"Eugenia magnifica","Spring ex Mart.",,,,,
MYRTACEAE,"Eugenia marambaiensis","M.C.Souza & M.P.Lima",,,,,
MYRTACEAE,"Eugenia martiana","(O.Berg) Mattos",,,,,
MYRTACEAE,"Eugenia oxyoentophylla",Kiaersk.,,,,,
MYRTACEAE,"Eugenia puberula",Nied.,,,,,
MYRTACEAE,"Eugenia pulcherrima",Kiaersk.,,,,,
MYRTACEAE,"Eugenia sprengelii",DC.,,,,,
MYRTACEAE,"Eugenia stenosepala",Kiaersk.,,,,,
MYRTACEAE,"Eugenia strellensis",O.Berg,,,,,
MYRTACEAE,"Eugenia strigipes",O.Berg,,,,,
MYRTACEAE,"Eugenia teixeireana","(Mattos) Mattos",,,,,
MYRTACEAE,"Eugenia violascens",O.Berg,,,,,
MYRTACEAE,"Marlierea capitata",O.Berg,,,,,
MYRTACEAE,"Marlierea choriophylla",Kiaersk.,,,,,
MYRTACEAE,"Marlierea estrellensis",O.Berg,,,,,
MYRTACEAE,"Marlierea guanabarina","Mattos & D.Legrand",,,,,
MYRTACEAE,"Marlierea langsdorffii",O.Berg,,,,,
MYRTACEAE,"Marlierea martinellii","G.M.Barroso & Peixoto",,,,,
MYRTACEAE,"Marlierea occhionii",D.Legrand,,,,,
MYRTACEAE,"Marlierea resupinata","(Vell.) O.Berg",,,,,
MYRTACEAE,"Marlierea sessiliflora",O.Berg,,,,,
MYRTACEAE,"Marlierea silvestris","(Vell.) Mattos",,,,,
MYRTACEAE,"Myrcia badia","(O.Berg) N.Silveira",,,,,
MYRTACEAE,"Myrcia colpodes",Kiaersk.,,,,,
MYRTACEAE,"Myrcia dolichopetala",Kiaersk.,,,,,
MYRTACEAE,"Myrcia magnifolia","(O.Berg) Kiaersk.",,,,,
MYRTACEAE,"Myrcia neocambessedeana","E.Lucas & Sobral",,,,,
MYRTACEAE,"Myrcia oreioeca",Kiaersk.,,,,,
MYRTACEAE,"Myrcia rubiginosa",Cambess.,,,,,
MYRTACEAE,"Myrcia stewartiana",O.Berg,,,,,
MYRTACEAE,"Myrcia velutiflora","(Mattos & D.Legrand) Mattos",,,,,
MYRTACEAE,"Myrcia warmingiana",Kiaersk.,,,,,
MYRTACEAE,"Myrciaria pallida",O.Berg,,,,,
MYRTACEAE,"Myrciaria pumila","(Gardner) O.Berg",,,,,
MYRTACEAE,"Neomitranthes apiculata","(Burret) Mattos",,,,,
MYRTACEAE,"Neomitranthes riedeliana","(O.Berg) Mattos",,,,,
MYRTACEAE,"Plinia anonyma",Sobral,,,,,
MYRTACEAE,"Plinia ilhensis",G.M.Barroso,,,,,
MYRTACEAE,"Plinia marqueteana",G.M.Barroso,,,,,
MYRTACEAE,"Plinia martinellii","G.M.Barroso & M.Peron",,,,,
MYRTACEAE,"Plinia sebastianopolitana",G.M.Barroso,,,,,
MYRTACEAE,"Psidium anthomega",Vell.,,,,,
MYRTACEAE,"Psidium arboreum",Vell.,,,,,
OCHNACEAE,"Luxemburgia glazioviana","(Engl.) Beauverd",,,,,
OCHNACEAE,"Ouratea campos-portoi",Sleumer,,,,,
OCHNACEAE,"Ouratea grandifolia","(Planch.) Engl.",,,,,
OCHNACEAE,"Ouratea miersii","(Planch.) Engl.",,,,,
OCHNACEAE,"Ouratea polita","(C.Presl) Engl.",,,,,
OCHNACEAE,"Ouratea stipulata","(Vell.) Engl.",,,,,
OLACACEAE,"Cathedra grandiflora",Loes.,,,,,
OLACACEAE,"Dulacia singularis",Vell.,,,,,
OLEACEAE,"Chionanthus fluminensis","(Miers) P.S.Green",,,,,
OLEACEAE,"Chionanthus tenuis",P.S.Green,,,,,
ONAGRACEAE,"Fuchsia alpestris",Gardner,open,,,,
ONAGRACEAE,"Fuchsia campos-portoi","Pilg. & Schulze-Menz",open,,,,
ONAGRACEAE,"Fuchsia glazioviana",Taub.,open,,,,
OPILIACEAE,"Agonandra fluminensis","Rizzini & Occhioni",open,,,,
ORCHIDACEAE,"Acianthera bidentata","(Lindl.) F.Barros & L.Guimarães",review,,,,
ORCHIDACEAE,"Acianthera exdrasii","(Luer & Toscano) Luer",review,,,,
ORCHIDACEAE,"Acianthera pavimentata","(Rchb.f.) Pridgeon & M.W.Chase",review,,,,
ORCHIDACEAE,"Acianthera subrotundifolia","(Cogn.) F.Barros & V.T.Rodrigues",review,,,,
ORCHIDACEAE,"Anathallis flammea","(Barb.Rodr.) F.Barros",review,,,,
ORCHIDACEAE,"Anathallis githaginea","(Pabst & Garay) Pridgeon & M.W.Chase",review,,,,
ORCHIDACEAE,"Anathallis lichenophila","(Porto & Brade) Luer",review,,,,
ORCHIDACEAE,"Anathallis pubipetala","(Hoehne) Pridgeon & M.W.Chase",review,,,,
ORCHIDACEAE,"Anathallis rubrolimbata","(Hoehne) F.Barros & Barberena",review,,,,
ORCHIDACEAE,"Anathallis spannageliana","(Hoehne) Pridgeon & M.W.Chase",review,,,,
ORCHIDACEAE,"Baptistonia pulchella","(Regel) Chiron & V.P.Castro",review,,,,
ORCHIDACEAE,"Barbosella macaheensis","(Cogn.) Luer",review,,,,
ORCHIDACEAE,"Brasilaelia fidelensis","(Pabst) Gutfreund",review,,,,
ORCHIDACEAE,"Brasilidium dasytyle","(Rchb.f.) F.Barros & V.T.Rodrigues",review,,,,
ORCHIDACEAE,"Brasiliorchis heismanniana","(Barb.Rodr.) R.B.Singer et al.",review,,,,
ORCHIDACEAE,"Brasiliorchis polyantha","(Barb.Rodr.) R.B.Singer et al.",review,,,,
ORCHIDACEAE,"Bulbophyllum macroceras",Barb.Rodr.,review,,,,
ORCHIDACEAE,"Campylocentrum calostachyum","(Barb. Rodr.) Cogn.",review,,,,
ORCHIDACEAE,"Campylocentrum organense","(Rchb.f.) Rolfe",review,,,,
ORCHIDACEAE,"Catasetum globiflorum",Hook.,review,,,,
ORCHIDACEAE,"Cattleya dormaniana",Rchb.f.,review,,,,
ORCHIDACEAE,"Centroglossa greeniana","(Rchb.f.) Cogn.",review,,,,
ORCHIDACEAE,"Cleistes liliastrum",Rchb.f.,review,,,,
ORCHIDACEAE,"Cleistes miersii",Gardner,review,,,,
ORCHIDACEAE,"Coppensia edmundoi","(Pabst) Campacci",review,,,,
ORCHIDACEAE,"Cyclopogon gardneri","Mytnik et al.",review,,,,
ORCHIDACEAE,"Cyclopogon proboscideus",Szlach.,review,,,,
ORCHIDACEAE,"Cyclopogon venustus","(Barb.Rodr) Schltr.",review,,,,
ORCHIDACEAE,"Encyclia viridiflora",Hook.,review,,,,
ORCHIDACEAE,"Epidendrum ammophilum",Barb.Rodr.,review,,,,
ORCHIDACEAE,"Epidendrum goebelii",Schltr.,review,,,,
ORCHIDACEAE,"Epidendrum harrisoniae",Hook.,review,,,,
ORCHIDACEAE,"Epistephium portellianum",Barb.Rodr.,review,,,,
ORCHIDACEAE,"Eurystyles lobata","Chiron & V.P.Castro",review,,,,
ORCHIDACEAE,"Eurystyles rutkowskiana",Szlach.,review,,,,
ORCHIDACEAE,"Gomesa messmeriana","(Campacci) Laitano",review,,,,
ORCHIDACEAE,"Habenaria gnoma",Barb.Rodr.,review,,,,
ORCHIDACEAE,"Hadrolaelia acuensis","(Fowlie) Chiron & V.P.Castro",review,,,,
ORCHIDACEAE,"Hapalorchis cymbirostris",Szlach.,review,,,,
ORCHIDACEAE,"Hapalorchis panduratus",Szlach.,review,,,,
ORCHIDACEAE,"Hoffmannseggella alvaroana","(F.E.L.Miranda) V.P.Castro & Chiron",review,,,,
ORCHIDACEAE,"Lankesterella parvula","(Kraenzl.) Pabst",review,,,,
ORCHIDACEAE,"Lankesterella pilosa","(Cogn.) Hoehne",review,,,,
ORCHIDACEAE,"Lankesterella spannageliana","(Hoehne & Brade) Mansf.",review,,,,
ORCHIDACEAE,"Maxillaria pterocarpa",Barb.Rodr.,review,,,,
ORCHIDACEAE,"Miltonia flava",Lindl.,review,,,,
ORCHIDACEAE,"Octomeria aetheoantha",Barb.Rodr.,review,,,,
ORCHIDACEAE,"Octomeria cariocana",Pabst,review,,,,
ORCHIDACEAE,"Octomeria cochlearis",Rchb.f.,review,,,,
ORCHIDACEAE,"Octomeria fimbriata","Porto & Peixoto",review,,,,
ORCHIDACEAE,"Octomeria helvola",Barb.Rodr.,review,,,,
ORCHIDACEAE,"Octomeria itatiaiae","Brade & Pabst",review,,,,
ORCHIDACEAE,"Octomeria minuta",Cogn.,review,,,,
ORCHIDACEAE,"Octomeria multiflora",Barb.Rodr.,review,,,,
ORCHIDACEAE,"Octomeria pumila",Seehawer,review,,,,
ORCHIDACEAE,"Octomeria rodeiensis",Barb.Rodr.,review,,,,
ORCHIDACEAE,"Octomeria rodriguesii",Cogn.,review,,,,
ORCHIDACEAE,"Octomeria sarcophylla",Barb.Rodr.,review,,,,
ORCHIDACEAE,"Pabstia placanthera","(Hook.) Garay",review,,,,
ORCHIDACEAE,"Pabstiella calcarata","(Cogn.) Luer",review,,,,
ORCHIDACEAE,"Pabstiella crassicaulis","(Barb.Rodr.) Luer",review,,,,
ORCHIDACEAE,"Pabstiella elegantula","(Cogn.) Luer",review,,,,
ORCHIDACEAE,"Pabstiella gracilicaulis","(Seehawer) Luer",review,,,,
ORCHIDACEAE,"Pabstiella spathuliglossa","(Hoehne) Luer",review,,,,
ORCHIDACEAE,"Pabstiella tabacina","(Barb.Rodr.) Luer",review,,,,
ORCHIDACEAE,"Pelexia longibracteata",Pabst,review,,,,
ORCHIDACEAE,"Pelexia luetzelburgii",Schltr.,review,,,,
ORCHIDACEAE,"Pelexia mouraei",Schltr.,review,,,,
ORCHIDACEAE,"Phymatidium limae","Porto & Brade",open,,,,
ORCHIDACEAE,"Pleurothallis dracula",Seehawer,open,,,,
ORCHIDACEAE,"Pleurothallis jacarepaguaensis",Barb.Rodr.,review,,,,
ORCHIDACEAE,"Pleurothallis viridiflora",Seehawer,open,,,,
ORCHIDACEAE,"Prescottia spiranthophylla",Barb.Rodr.,,,,,
ORCHIDACEAE,"Prosthechea serpentilingua","Withner & D.G.Hunt",,,,,
ORCHIDACEAE,"Pygmaeorchis brasiliensis",Brade,,,,,
ORCHIDACEAE,"Rauhiella brasiliensis","Pabst & Braga",,,,,
ORCHIDACEAE,"Rauhiella seehaweri","(I.Bock) Toscano & Christenson",,,,,
ORCHIDACEAE,"Rodriguezia bifolia",Barb.Rodr.,,,,,
ORCHIDACEAE,"Rodriguezia leucantha",Barb.Rodr.,,,,,
ORCHIDACEAE,"Rodriguezia sucrei",Braga,,,,,
ORCHIDACEAE,"Sarcoglottis veyretiae",Szlach.,,,,,
ORCHIDACEAE,"Sauroglossum odoratum",Robatsch,,,,,
ORCHIDACEAE,"Sauroglossum organense",Szlach.,,,,,
ORCHIDACEAE,"Specklinia hymenantha","(Lindl.) F.Barros & V.T.Rodrigues",,,,,
ORCHIDACEAE,"Specklinia pantherina","(Seehawer) Luer",,,,,
ORCHIDACEAE,"Stelis palmeiraensis",Barb.Rodr.,,,,,
ORCHIDACEAE,"Trichosalpinx purpurea",Seehawer,,,,,
ORCHIDACEAE,"Trigonidium turbinatum",Rchb.f.,,,,,
ORCHIDACEAE,"Vanilla dungsii",Pabst,,,,,
ORCHIDACEAE,"Zygostates ovatipetala","(Brade) Toscano",,,,,
OROBANCHACEAE,"Magdalenaea limae",Brade,,,,,
PASSIFLORACEAE,"Passiflora farneyi","Pessoa & Cervi",open,,,,
PASSIFLORACEAE,"Passiflora imbeana",Sacco,validation,,,,
PHYLLANTHACEAE,"Phyllanthus itatiaiensis",Brade,validation,,,,
PHYLLANTHACEAE,"Phyllanthus mocotensis",G.L.Webster,validation,,,,
PHYLLANTHACEAE,"Phyllanthus rosmarinifolius",Müll.Arg.,validation,,,,
PICRAMNIACEAE,"Picramnia grandifolia",Engl.,,,,,
PIPERACEAE,"Peperomia arbuscula",Yunck.,validation,,,,
PIPERACEAE,"Peperomia bradei",Yunck.,validation,,,,
PIPERACEAE,"Peperomia humifusa",Yunck.,validation,,,,
PIPERACEAE,"Peperomia papillispica",C.DC.,validation,,,,
PIPERACEAE,"Peperomia pubipeduncula",Yunck.,validation,,,,
PIPERACEAE,"Peperomia riedeliana",Regel,validation,,,,
PIPERACEAE,"Piper crebrinodum",C.DC.,validation,,,,
PIPERACEAE,"Piper emygdioi",Yunck.,validation,,,,
PIPERACEAE,"Piper giordanoi","E.F.Guim. & D.Monteiro",validation,,,,
PIPERACEAE,"Piper halesiifolium",Kunth,validation,,,,
PIPERACEAE,"Piper lundii",C.DC.,validation,,,,
PIPERACEAE,"Piper morisonianum",C.DC.,validation,,,,
PIPERACEAE,"Piper niteroiense",Yunck.,validation,,,,
PIPERACEAE,"Piper rioense",Yunck.,validation,,,,
PIPERACEAE,"Piper rumicifolium","(Miq.) C.DC.",validation,,,,
PIPERACEAE,"Piper saldanhai",Yunck.,validation,,,,
PIPERACEAE,"Piper translucens",Yunck.,validation,,,,
PIPERACEAE,"Piper trigonodrupum",Yunck.,validation,,,,
PIPERACEAE,"Piper weddellii",C.DC.,validation,,,,
PLAGIOCHILACEAE,"Plagiochila boryana","Gottsche ex Steph.",,,,,
PLANTAGINACEAE,"Achetaria latifolia",V.C.Souza,open,,,,
PLANTAGINACEAE,"Ildefonsia bibracteata",Gardner,,,,,
POACEAE,"Apochloa tijucae","(Renvoize) Zuloaga & Morrone",,,,,
POACEAE,"Aulonemia goyazensis","(Hack.) McClure",,,,,
POACEAE,"Aulonemia ramosissima","(Hack.) McClure",,,,,
POACEAE,"Axonopus comatus","(Mez) Swallen",,,,,
POACEAE,"Chusquea acuminata",Döll,,,,,
POACEAE,"Chusquea sclerophylla",Döll,,,,,
POACEAE,"Chusquea tenuis","Glaz. ex E.G.Camus",,,,,
POACEAE,"Chusquea wilkesii",Munro,,,,,
POACEAE,"Dichanthelium cucaense","(Zuloaga & Morrone) Zuloaga",,,,,
POACEAE,"Dichanthelium itatiaiae","(Swallen) Zuloaga",,,,,
POACEAE,"Dichanthelium petropolitanum","(Zuloaga & Morrone) Zuloaga",,,,,
POACEAE,"Renvoizea glaziovii","(Hack.) Zuloaga & Morrone",,,,,
POACEAE,"Renvoizea teretifolia","(Hack.) Zuloaga & Morrone",,,,,
POACEAE,"Trisetum brasiliense",Louis-Marie,,,,,
PODOSTEMACEAE,"Podostemum saldanhanum","(Warm.) C.T.Philbrick & Novelo",,,,,
POLYGALACEAE,"Polygala revoluta",Gardner,validation,,,,
POLYGONACEAE,"Coccoloba rigida",Meisn.,review-sig,,,,
POLYPODIACEAE,"Alansmia alfaroi","(Donn. Sm.) Moguel & M. Kessler",,,,,
POLYPODIACEAE,"Ceradenia itatiaiensis","Labiak & Condack",,,,,
POLYPODIACEAE,"Moranopteris xbradei","(Labiak & F.B.Matos) R.Y. Hirai & J. Prado",,,,,
POLYPODIACEAE,"Pecluma imbeana","(Brade) Salino",,,,,
POLYPODIACEAE,"Stenogrammitis luetzelburgii","(Rosenst.) Labiak",,,,,
PRIMULACEAE,"Cybianthus barrosoanus",G.Agostini,done,,,,
PRIMULACEAE,"Cybianthus gracillimus","(Warm.) Mez",done,,,,
PRIMULACEAE,"Stylogyne araujoana","Carrijo, M.F. Freitas A.L. Peixoto",done,,,,
PRIMULACEAE,"Stylogyne leptantha","(Miq.) Mez",done,,,,
PRIMULACEAE,"Stylogyne sordida",Mez,done,,,,
PROTEACEAE,"Roupala gracilis",Meisn.,open,,,,
PTERIDACEAE,"Cheilanthes incisa","Kunze ex Mett.",,,,,
PTERIDACEAE,"Doryopteris magdalenensis","(Brade) Brade",,,,,
PTERIDACEAE,"Doryopteris quinquelobata","(Fée) Diels",,,,,
PTERIDACEAE,"Doryopteris subsimplex","(Fée) Diels",,,,,
PTERIDACEAE,"Doryopteris tijucana","Brade & Rosenst.",,,,,
PTERIDACEAE,"Pteris congesta",J.Prado,,,,,
RANUNCULACEAE,"Anemone assisbrasiliana","Kuhlm. & Porto",,,,,
RUBIACEAE,"Bathysa sylvestrae","Germano-Filho & M.Gomes",,,,,
RUBIACEAE,"Borreria pterophora",C.Presl,,,,,
RUBIACEAE,"Bradea brasiliensis",Standl.,,,,,
RUBIACEAE,"Chomelia estrellana",Müll.Arg.,,,,,
RUBIACEAE,"Chomelia monantha","(K.Schum. ex Standl.) Steyerm.",,,,,
RUBIACEAE,"Chomelia transiens",Müll.Arg.,,,,,
RUBIACEAE,"Chomelia vulpina",Müll.Arg.,,,,,
RUBIACEAE,"Coussarea biflora","(Vell.) Müll.Arg.",,,,,
RUBIACEAE,"Coussarea coffeoides",Müll.Arg.,,,,,
RUBIACEAE,"Coussarea friburgensis",M.Gomes,,,,,
RUBIACEAE,"Coussarea lanceolata","(Vell.) Müll.Arg.",,,,,
RUBIACEAE,"Coussarea procumbens","(Vell.) Müll.Arg.",,,,,
RUBIACEAE,"Coussarea speciosa","K.Schum. ex M. Gomes",,,,,
RUBIACEAE,"Coussarea strigosipes",Müll.Arg.,,,,,
RUBIACEAE,"Coussarea viridis",Müll.Arg.,,,,,
RUBIACEAE,"Faramea anisodonta",Müll.Arg.,,,,,
RUBIACEAE,"Faramea aristata",Müll.Arg.,,,,,
RUBIACEAE,"Faramea australis","(Vell.) Müll.Arg.",,,,,
RUBIACEAE,"Faramea brachyloba",Müll.Arg.,,,,,
RUBIACEAE,"Faramea calyciflora","A.Rich. ex DC.",,,,,
RUBIACEAE,"Faramea campanularis",Müll.Arg.,,,,,
RUBIACEAE,"Faramea cardiophylla",Standl.,,,,,
RUBIACEAE,"Faramea cordifolia",Glaz.,,,,,
RUBIACEAE,"Faramea diversifolia",Müll.Arg.,,,,,
RUBIACEAE,"Faramea filamentosa",Müll.Arg.,,,,,
RUBIACEAE,"Faramea heteromera",Müll.Arg.,,,,,
RUBIACEAE,"Faramea includens",Müll.Arg.,,,,,
RUBIACEAE,"Faramea intercedens",Müll.Arg.,,,,,
RUBIACEAE,"Faramea leucocalyx",Müll.Arg.,,,,,
RUBIACEAE,"Faramea micrantha",Müll.Arg.,,,,,
RUBIACEAE,"Faramea pedicellaris",Müll.Arg.,,,,,
RUBIACEAE,"Faramea platypoda",Müll.Arg.,,,,,
RUBIACEAE,"Faramea porophylla","(Vell.) Müll.Arg.",,,,,
RUBIACEAE,"Faramea tenuiflora",Müll.Arg.,,,,,
RUBIACEAE,"Faramea tinguana",Müll.Arg.,,,,,
RUBIACEAE,"Faramea urophylla",Müll.Arg.,,,,,
RUBIACEAE,"Galianthe polygonoides","E.L.Cabral & Bacigalupo",,,,,
RUBIACEAE,"Hillia saldanhaei",K.Schum.,,,,,
RUBIACEAE,"Hindsia arianeae","Di Maio",,,,,
RUBIACEAE,"Hindsia cucullata","Di Maio",,,,,
RUBIACEAE,"Hindsia glabra",K.Schum.,,,,,
RUBIACEAE,"Hindsia phyllocalyx",K.Schum.,,,,,
RUBIACEAE,"Hindsia ramosissima",Gardner,,,,,
RUBIACEAE,"Hindsia republicana","Di Maio",,,,,
RUBIACEAE,"Hindsia violacea",Benth.,,,,,
RUBIACEAE,"Ixora heterophylla",Müll.Arg.,,,,,
RUBIACEAE,"Malanea spicata",Müll.Arg.,,,,,
RUBIACEAE,"Manettia fimbriata","Cham. & Schltdl.",,,,,
RUBIACEAE,"Manettia lutescens","(Vell.) K.Schum.",,,,,
RUBIACEAE,"Manettia parvula","K.Schum. ex Wernham",,,,,
RUBIACEAE,"Manettia pedunculata","(Spreng.) K.Schum.",,,,,
RUBIACEAE,"Palicourea brasiliensis",Wawra,,,,,
RUBIACEAE,"Posoqueria laurifolia",Mart.,,,,,
RUBIACEAE,"Psychotria ampla",Müll.Arg.,,,,,
RUBIACEAE,"Psychotria brachyandra",Müll.Arg.,,,,,
RUBIACEAE,"Psychotria brachyanthema",Standl.,,,,,
RUBIACEAE,"Psychotria caudata",M.Gomes,,,,,
RUBIACEAE,"Psychotria clavipes",Müll.Arg.,,,,,
RUBIACEAE,"Psychotria densicostata",Müll.Arg.,,,,,
RUBIACEAE,"Psychotria friburgensis",Standl.,,,,,
RUBIACEAE,"Psychotria lindleyana",Müll.Arg.,,,,,
RUBIACEAE,"Psychotria lucidifolia",Standl.,,,,,
RUBIACEAE,"Psychotria mandiocana",Müll.Arg.,,,,,
RUBIACEAE,"Psychotria mineirensis",Wernham,,,,,
RUBIACEAE,"Psychotria subspathacea",Müll.Arg.,,,,,
RUBIACEAE,"Psychotria sutericalyx",Wernham,,,,,
RUBIACEAE,"Psychotria tenuinervis",Müll.Arg.,,,,,
RUBIACEAE,"Psychotria ulei",Standl.,,,,,
RUBIACEAE,"Psychotria vestita",C.Presl,,,,,
RUBIACEAE,"Psychotria wilkesiana",Standl.,,,,,
RUBIACEAE,"Randia itatiaiae","Silva Neto & Ávila",,,,,
RUBIACEAE,"Rudgea allophylla",Standl.,,,,,
RUBIACEAE,"Rudgea discolor",Benth.,,,,,
RUBIACEAE,"Rudgea erythrocarpa",Müll.Arg.,,,,,
RUBIACEAE,"Rudgea insignis",Müll.Arg.,,,,,
RUBIACEAE,"Rudgea macrophylla",Benth.,,,,,
RUBIACEAE,"Rudgea parvifolia","(Cham.) Müll.Arg.",,,,,
RUBIACEAE,"Rustia gracilis",K.Schum.,,,,,
RUBIACEAE,"Rustia simpsonii",Delprete,,,,,
RUBIACEAE,"Simira rubra","(Mart.) Steyerm.",,,,,
RUBIACEAE,"Simira walteri","Silva Neto & Callado",,,,,
RUBIACEAE,"Standleya erecta",Brade,,,,,
RUBIACEAE,"Standleya limae",Brade,,,,,
RUTACEAE,"Almeidea limae",I.M.Silva,,,,,
RUTACEAE,"Conchocarpus grandiflorus","(Engl.) Kallunki & Pirani",,,,,
RUTACEAE,"Conchocarpus ovatus","(A.St.-Hil. & Tul.) Kallunki & Pirani",,,,,
RUTACEAE,"Conchocarpus paniculatus","(Engl.) Kallunki & Pirani",,,,,
RUTACEAE,"Conchocarpus sordidus",Kallunki,,,,,
SALICACEAE,"Abatia microphylla",Taub.,done,,,,
SAPINDACEAE,"Allophylus exappendiculatus","Somner, Frazão & Ferrucci",,,,,
SAPINDACEAE,"Allophylus heterophyllus","(Cambess.) Radlk.",,,,,
SAPINDACEAE,"Allophylus membranifolius",Radlk.,,,,,
SAPINDACEAE,"Cupania fluminensis",Acev.-Rodr.,,,,,
SAPINDACEAE,"Cupania schizoneura",Radlk.,,,,,
SAPINDACEAE,"Matayba grandis",Radlk.,,,,,
SAPINDACEAE,"Matayba leucodyctia",Radlk.,,,,,
SAPINDACEAE,"Matayba talisioides",Radlk.,,,,,
SAPINDACEAE,"Paullinia marginata",Casar.,,,,,
SAPINDACEAE,"Serjania acuminata",Radlk.,,,,,
SAPINDACEAE,"Serjania fluminensis",Acev.-Rodr.,,,,,
SAPINDACEAE,"Serjania hamuligera",Radlk.,,,,,
SAPINDACEAE,"Serjania itatiaiensis",Somner,,,,,
SAPINDACEAE,"Serjania littoralis","Somner & Ferrucci",,,,,
SAPINDACEAE,"Serjania tenuis",Radlk.,,,,,
SAPINDACEAE,"Serjania truncata",Radlk.,,,,,
SAPOTACEAE,"Pouteria stenophylla",Baehni,,,,,
SAPOTACEAE,"Pradosia glaziovii","(Pierre) T.D.Penn.",,,,,
SAPOTACEAE,"Pradosia kuhlmannii",Toledo,,,,,
SELIGERIACEAE,"Brachydontium notorogenes","W.R.Buck & Schaf.-Verw.",open,,,,
SEMATOPHYLLACEAE,"Sematophyllum macrorhynchum","(Hornsch.) Mitt.",,,,,
SOLANACEAE,"Capsicum friburgense","Barboza & Bianch.",open,,,,
SOLANACEAE,"Solanum friburgense","Giacomin & Stehmann",sig,,,,
SPHAGNACEAE,"Sphagnum amoenum",Warnst.,open,,,,
SPHAGNACEAE,"Sphagnum costae","H.A.Crum & D.P.Costa",open,,,,
SPHAGNACEAE,"Sphagnum luetzelburgii","H.K.G.Paul ex H.A.Crum",open,,,,
SPHAGNACEAE,"Sphagnum scorpioides","(Hampe) H.A.Crum",open,,,,
SPHAGNACEAE,"Sphagnum subhomophyllum",H.A.Crum,open,,,,
SPHAGNACEAE,"Sphagnum triporosum",H.A.Crum,open,,,,
SYMPLOCACEAE,"Symplocos altissima",Brand,validation,,,,
SYMPLOCACEAE,"Symplocos dasyphylla",Brand,validation,,,,
SYMPLOCACEAE,"Symplocos glaziovii",Brand,validation,,,,
SYMPLOCACEAE,"Symplocos neglecta",Brand,validation,,,,
SYMPLOCACEAE,"Symplocos occulta",Aranha,validation,,,,
SYMPLOCACEAE,"Symplocos organensis",Brand,validation,,,,
THELYPTERIDACEAE,"Thelypteris refracta","(Fisch. & C.Meyer ex Kunze) C.F.Reed",,,,,
THISMIACEAE,"Thismia caudata","Maas & H.Maas",,,,,
THISMIACEAE,"Thismia fungiformis","(Taub. ex Warm.) Maas & H.Maas",,,,,
THISMIACEAE,"Thismia macahensis","(Miers) F.Muell.",,,,,
THUIDIACEAE,"Thuidium granulatum","(Hampe) A.Jaeger",,,,,
THYMELAEACEAE,"Funifera brasiliensis","(Raddi) Mansf.",,,,,
THYMELAEACEAE,"Funifera insulae",Nevling,,,,,
TRIGONIACEAE,"Trigonia littoralis","Miguel & E.F.Guim.",open,,,,
TRIGONIACEAE,"Trigonia rotundifolia",Lleras,open,,,,
TRIURIDACEAE,"Peltophyllum caudatum","(Poulsen) R.Schmid & M.D.Turner",open,,,,
TRIURIDACEAE,"Triuris alata",Brade,open,,,,
URTICACEAE,"Pilea apiculata",Killip,open,,,,
VELLOZIACEAE,"Barbacenia brevifolia",Taub.,,,,,
VELLOZIACEAE,"Barbacenia fanniae","(N.L.Menezes) Mello-Silva",,,,,
VELLOZIACEAE,"Barbacenia foliosa","Goethart & Henrard",,,,,
VELLOZIACEAE,"Barbacenia gaveensis","Goethart & Henrard",,,,,
VELLOZIACEAE,"Barbacenia seubertiana","Goethart & Henrard",,,,,
VELLOZIACEAE,"Barbacenia squamata",Herb.,,,,,
VERBENACEAE,"Lantana riedeliana",Schauer,,,,,
VERBENACEAE,"Stachytarpheta schottiana",Schauer,,,,,
VIOLACEAE,"Rinorea laevigata","(Sol. ex Ging.) Hekking",validation,,,,
VOCHYSIACEAE,"Callisthene dryadum",Duarte,validation,open,,,
XYRIDACEAE,"Xyris organensis",Malme,validation,,,,
FABACEAE,"Mimosa bocainae",Barneby,,,,,
APIACEAE,"Lilaeopsis attenuata","(Hook. & Arn.) Fernald",open,,,,
FABACEAE,"Mimosa itatiaiensis",Dusén,,,,,
ARACEAE,"Anthurium sakuraguianum",,validation,,,,
ARACEAE,"Philodendron luizae",,validation,,,,
ARACEAE,"Anthurium cronembergerae",,validation,,,,
LOASACEAE,"Aosa uleana","(Urb. & Gilg) Weigend",review,,,,
,,,open,,,,
,,,open,,,,
,,,open,,,,
,,,open,,,,
,,,open,,,,
,,,open,,,,
,,,open,,,,
,,,open,,,,
,,,open,,,,
,,,open,,,,
,,,open,,,,
,,,open,,,,
,,,open,,,,
,,,open,,,,
,,,open,,,,
,,,open,,,,
,,,open,,,,
