family,scientificName,habitat
Monimiaceae,"Grazielanthus arkeocarpus","1.6 Subtropical/Tropical Moist Lowland Forest"
GENTIANACEAE,"Prepusa alata","4.7 Subtropical/Tropical High Altitude Grassland"
GENTIANACEAE,"Prepusa alata","6 Rocky Areas [e.g. inland cliffs, mountain peaks]"
ARALIACEAE,"Dendropanax heterophyllus","1.9 Subtropical/Tropical Moist Montane Forest"
MELASTOMATACEAE,"Behuria cordifolia","1.9 Subtropical/Tropical Moist Montane Forest"
ANEMIACEAE,"Anemia candidoi","1 Forest"
DRYOPTERIDACEAE,"Ctenitis flexuosa","1 Forest"
LECYTHIDACEAE,"Couratari pyramidata","1.9 Subtropical/Tropical Moist Montane Forest"
ACANTHACEAE,"Aphelandra bradeana","1.9 Subtropical/Tropical Moist Montane Forest"
BROMELIACEAE,"Aechmea caesia","1 Forest"
LAURACEAE,"Aniba pedicellata","1.9 Subtropical/Tropical Moist Montane Forest"
LAURACEAE,"Beilschmiedia stricta","1.6 Subtropical/Tropical Moist Lowland Forest"
VOCHYSIACEAE,"Callisthene dryadum",
SALICACEAE,"Abatia microphylla","1.9 Subtropical/Tropical Moist Montane Forest"
ARECACEAE,"Lytocaryum weddellianum","1.6 Subtropical/Tropical Moist Lowland Forest"
ARECACEAE,"Lytocaryum weddellianum","1.9 Subtropical/Tropical Moist Montane Forest"
DRYOPTERIDACEAE,"Polystichum auritum","1 Forest"
ARALIACEAE,"Dendropanax langsdorfii","1.9 Subtropical/Tropical Moist Montane Forest"
PRIMULACEAE,"Cybianthus barrosoanus","1.9 Subtropical/Tropical Moist Montane Forest"
ARALIACEAE,"Dendropanax trilobus","1.9 Subtropical/Tropical Moist Montane Forest"
ERIOCAULACEAE,"Paepalanthus ovatus","4.7 Subtropical/Tropical High Altitude Grassland"
CACTACEAE,"Pilosocereus ulei","1.6 Subtropical/Tropical Moist Lowland Forest"
CACTACEAE,"Rhipsalis flagelliformis","1.6 Subtropical/Tropical Moist Lowland Forest"
AMARYLLIDACEAE,"Griffinia rochae","1 Forest"
ARALIACEAE,"Hydrocotyle alpestris","1.9 Subtropical/Tropical Moist Montane Forest"
ANNONACEAE,"Annona ferruginea","1.6 Subtropical/Tropical Moist Lowland Forest"
ARISTOLOCHIACEAE,"Aristolochia raja","1.6 Subtropical/Tropical Moist Lowland Forest"
ARISTOLOCHIACEAE,"Aristolochia raja",
PIPERACEAE,"Peperomia arbuscula","1.9 Subtropical/Tropical Moist Montane Forest"
POLYGONACEAE,"Coccoloba rigida","1.8 Subtropical/Tropical Swamp Forest"
CACTACEAE,"Rhipsalis mesembryanthemoides","1.9 Subtropical/Tropical Moist Montane Forest"
ARALIACEAE,"Hydrocotyle bradei","1.9 Subtropical/Tropical Moist Montane Forest"
ARALIACEAE,"Hydrocotyle ulei","4.7 Subtropical/Tropical High Altitude Grassland"
POLYGALACEAE,"Polygala revoluta","1.9 Subtropical/Tropical Moist Montane Forest"
ARALIACEAE,"Schefflera succinea","1.9 Subtropical/Tropical Moist Montane Forest"
LORANTHACEAE,"Struthanthus maricensis","1.6 Subtropical/Tropical Moist Lowland Forest"
COMMELINACEAE,"Dichorisandra fluminensis","1.6 Subtropical/Tropical Moist Lowland Forest"
LORANTHACEAE,"Psittacanthus pluricotyledonarius","1.9 Subtropical/Tropical Moist Montane Forest"
APIACEAE,"Eryngium fluminense","4.7 Subtropical/Tropical High Altitude Grassland"
ANNONACEAE,"Annona parviflora","1.8 Subtropical/Tropical Swamp Forest"
BURSERACEAE,"Tetragastris breviacuminata","1.9 Subtropical/Tropical Moist Montane Forest"
COMBRETACEAE,"Terminalia acuminata","1.6 Subtropical/Tropical Moist Lowland Forest"
AQUIFOLIACEAE,"Ilex cognata","1.9 Subtropical/Tropical Moist Montane Forest"
ANNONACEAE,"Duguetia microphylla","1.9 Subtropical/Tropical Moist Montane Forest"
AQUIFOLIACEAE,"Ilex friburgensis","1.9 Subtropical/Tropical Moist Montane Forest"
AQUIFOLIACEAE,"Ilex glazioviana","1.9 Subtropical/Tropical Moist Montane Forest"
AQUIFOLIACEAE,"Ilex longipetiolata","1.9 Subtropical/Tropical Moist Montane Forest"
AQUIFOLIACEAE,"Ilex organensis","1.9 Subtropical/Tropical Moist Montane Forest"
AQUIFOLIACEAE,"Ilex schwackeana","1.9 Subtropical/Tropical Moist Montane Forest"
LORANTHACEAE,"Struthanthus pentamerus","1.9 Subtropical/Tropical Moist Montane Forest"
ANNONACEAE,"Duguetia pohliana","1.6 Subtropical/Tropical Moist Lowland Forest"
LORANTHACEAE,"Struthanthus armandianus","1.9 Subtropical/Tropical Moist Montane Forest"
LORANTHACEAE,"Struthanthus involucratus","1.9 Subtropical/Tropical Moist Montane Forest"
LORANTHACEAE,"Struthanthus harlingianus","1.9 Subtropical/Tropical Moist Montane Forest"
LORANTHACEAE,"Struthanthus dorothyi","1.6 Subtropical/Tropical Moist Lowland Forest"
AQUIFOLIACEAE,"Ilex virgata","1.9 Subtropical/Tropical Moist Montane Forest"
ACANTHACEAE,"Aphelandra rigida","1.9 Subtropical/Tropical Moist Montane Forest"
PRIMULACEAE,"Cybianthus gracillimus","1.9 Subtropical/Tropical Moist Montane Forest"
ANNONACEAE,"Hornschuchia alba","1.9 Subtropical/Tropical Moist Montane Forest"
GERANIACEAE,"Geranium brasiliense","4.7 Subtropical/Tropical High Altitude Grassland"
GERANIACEAE,"Geranium brasiliense","1.9 Subtropical/Tropical Moist Montane Forest"
FABACEAE,"Dahlstedtia glaziovii","1.9 Subtropical/Tropical Moist Montane Forest"
ORCHIDACEAE,"Acianthera bidentata","1.9 Subtropical/Tropical Moist Montane Forest"
ANNONACEAE,"Trigynaea axilliflora","1.6 Subtropical/Tropical Moist Lowland Forest"
ACANTHACEAE,"Aphelandra stephanophysa","1.9 Subtropical/Tropical Moist Montane Forest"
ANNONACEAE,"Unonopsis riedeliana","1.6 Subtropical/Tropical Moist Lowland Forest"
LAURACEAE,"Endlicheria balsamea","1.6 Subtropical/Tropical Moist Lowland Forest"
LAURACEAE,"Urbanodendron macrophyllum","1.6 Subtropical/Tropical Moist Lowland Forest"
LAURACEAE,"Urbanodendron macrophyllum","1.9 Subtropical/Tropical Moist Montane Forest"
LAURACEAE,"Beilschmiedia angustifolia","1.6 Subtropical/Tropical Moist Lowland Forest"
LAURACEAE,"Beilschmiedia angustifolia","1.9 Subtropical/Tropical Moist Montane Forest"
SYMPLOCACEAE,"Symplocos altissima","3.7 Subtropical/Tropical High Altitude Shrubland"
SYMPLOCACEAE,"Symplocos altissima","1.6 Subtropical/Tropical Moist Lowland Forest"
ACANTHACEAE,"Herpetacanthus delicatus","1.9 Subtropical/Tropical Moist Montane Forest"
SYMPLOCACEAE,"Symplocos dasyphylla","4.7 Subtropical/Tropical High Altitude Grassland"
SYMPLOCACEAE,"Symplocos dasyphylla","1.6 Subtropical/Tropical Moist Lowland Forest"
SYMPLOCACEAE,"Symplocos glaziovii","3.7 Subtropical/Tropical High Altitude Shrubland"
LAURACEAE,"Nectandra spicata","1.6 Subtropical/Tropical Moist Lowland Forest"
LAURACEAE,"Nectandra spicata","1.9 Subtropical/Tropical Moist Montane Forest"
SYMPLOCACEAE,"Symplocos neglecta","4.7 Subtropical/Tropical High Altitude Grassland"
APIACEAE,"Eryngium goulartii","4.7 Subtropical/Tropical High Altitude Grassland"
LAURACEAE,"Ocotea sinaiana","1.9 Subtropical/Tropical Moist Montane Forest"
SYMPLOCACEAE,"Symplocos occulta","1.6 Subtropical/Tropical Moist Lowland Forest"
SYMPLOCACEAE,"Symplocos organensis","4.7 Subtropical/Tropical High Altitude Grassland"
SYMPLOCACEAE,"Symplocos organensis","1.6 Subtropical/Tropical Moist Lowland Forest"
MONIMIACEAE,"Macropeplus friburgensis","1.9 Subtropical/Tropical Moist Montane Forest"
MONIMIACEAE,"Macropeplus friburgensis","3.7 Subtropical/Tropical High Altitude Shrubland"
GENTIANACEAE,"Prepusa connata","4.7 Subtropical/Tropical High Altitude Grassland"
GENTIANACEAE,"Prepusa connata","6 Rocky Areas [e.g. inland cliffs, mountain peaks]"
GENTIANACEAE,"Prepusa hookeriana","4.7 Subtropical/Tropical High Altitude Grassland"
ACANTHACEAE,"Herpetacanthus parvispica","1.9 Subtropical/Tropical Moist Montane Forest"
BROMELIACEAE,"Neoregelia abendrothae","1.6 Subtropical/Tropical Moist Lowland Forest"
BROMELIACEAE,"Neoregelia bragarum","1.6 Subtropical/Tropical Moist Lowland Forest"
BROMELIACEAE,"Neoregelia bragarum","4.7 Subtropical/Tropical High Altitude Grassland"
LAURACEAE,"Ocotea abbreviata",
ASTERACEAE,"Austrocritonia taunayana","6 Rocky Areas [e.g. inland cliffs, mountain peaks]"
SOLANACEAE,"Solanum friburgense","1.9 Subtropical/Tropical Moist Montane Forest"
SOLANACEAE,"Capsicum friburgense","1.9 Subtropical/Tropical Moist Montane Forest"
DICHAPETALACEAE,"Stephanopodium sessile","1.6 Subtropical/Tropical Moist Lowland Forest"
DICHAPETALACEAE,"Stephanopodium sessile","1.9 Subtropical/Tropical Moist Montane Forest"
BROMELIACEAE,"Neoregelia camorimiana","1.6 Subtropical/Tropical Moist Lowland Forest"
CLUSIACEAE,"Clusia fragrans","1.9 Subtropical/Tropical Moist Montane Forest"
CLUSIACEAE,"Clusia fragrans","4.7 Subtropical/Tropical High Altitude Grassland"
BROMELIACEAE,"Neoregelia carinata","1.6 Subtropical/Tropical Moist Lowland Forest"
BROMELIACEAE,"Neoregelia coriacea","1.9 Subtropical/Tropical Moist Montane Forest"
COMMELINACEAE,"Siderasis fuscata","1.9 Subtropical/Tropical Moist Montane Forest"
COMMELINACEAE,"Dichorisandra oxypetala","1.9 Subtropical/Tropical Moist Montane Forest"
COMMELINACEAE,"Dichorisandra oxypetala","1.6 Subtropical/Tropical Moist Lowland Forest"
COMMELINACEAE,"Dichorisandra gaudichaudiana","1.6 Subtropical/Tropical Moist Lowland Forest"
FABACEAE,"Mimosa ernestii","1.9 Subtropical/Tropical Moist Montane Forest"
BROMELIACEAE,"Neoregelia desenganensis","4.7 Subtropical/Tropical High Altitude Grassland"
BROMELIACEAE,"Neoregelia eltoniana","1.5 Subtropical/Tropical Dry Forest"
CANELLACEAE,"Cinnamodendron sampaioanum","1.9 Subtropical/Tropical Moist Montane Forest"
CELASTRACEAE,"Maytenus basidentata","1.6 Subtropical/Tropical Moist Lowland Forest"
ACANTHACEAE,"Justicia itatiaiensis","1.9 Subtropical/Tropical Moist Montane Forest"
BROMELIACEAE,"Neoregelia fluminensis","1.6 Subtropical/Tropical Moist Lowland Forest"
ACANTHACEAE,"Justicia nervata","1.9 Subtropical/Tropical Moist Montane Forest"
PIPERACEAE,"Peperomia bradei","1.9 Subtropical/Tropical Moist Montane Forest"
BROMELIACEAE,"Neoregelia fosteriana","1.6 Subtropical/Tropical Moist Lowland Forest"
PIPERACEAE,"Peperomia humifusa","1.9 Subtropical/Tropical Moist Montane Forest"
BROMELIACEAE,"Neoregelia gavionensis","1.6 Subtropical/Tropical Moist Lowland Forest"
Acanthaceae,"Justicia meyeniana","1.9 Subtropical/Tropical Moist Montane Forest"
ACANTHACEAE,"Justicia polita","1.9 Subtropical/Tropical Moist Montane Forest"
XYRIDACEAE,"Xyris organensis","4.7 Subtropical/Tropical High Altitude Grassland"
ERYTHROXYLACEAE,"Erythroxylum cincinnatum","1.6 Subtropical/Tropical Moist Lowland Forest"
ERYTHROXYLACEAE,"Erythroxylum cincinnatum","1.9 Subtropical/Tropical Moist Montane Forest"
ERYTHROXYLACEAE,"Erythroxylum glazioui","1.6 Subtropical/Tropical Moist Lowland Forest"
ERYTHROXYLACEAE,"Erythroxylum glazioui","1.5 Subtropical/Tropical Dry Forest"
ERYTHROXYLACEAE,"Erythroxylum gaudichaudii","1.9 Subtropical/Tropical Moist Montane Forest"
ERYTHROXYLACEAE,"Erythroxylum gaudichaudii","1.6 Subtropical/Tropical Moist Lowland Forest"
ERYTHROXYLACEAE,"Erythroxylum lancifolium","1.6 Subtropical/Tropical Moist Lowland Forest"
ERYTHROXYLACEAE,"Erythroxylum lancifolium","1.9 Subtropical/Tropical Moist Montane Forest"
ERYTHROXYLACEAE,"Erythroxylum magnoliifolium","1.6 Subtropical/Tropical Moist Lowland Forest"
ERYTHROXYLACEAE,"Erythroxylum magnoliifolium","1.9 Subtropical/Tropical Moist Montane Forest"
ERYTHROXYLACEAE,"Erythroxylum occultum","1.6 Subtropical/Tropical Moist Lowland Forest"
ERYTHROXYLACEAE,"Erythroxylum occultum","1.9 Subtropical/Tropical Moist Montane Forest"
BROMELIACEAE,"Neoregelia ilhana","1.6 Subtropical/Tropical Moist Lowland Forest"
PIPERACEAE,"Peperomia papillispica","1.9 Subtropical/Tropical Moist Montane Forest"
BROMELIACEAE,"Neoregelia indecora","1.6 Subtropical/Tropical Moist Lowland Forest"
BROMELIACEAE,"Neoregelia indecora","4.7 Subtropical/Tropical High Altitude Grassland"
LOASACEAE,"Aosa uleana","1.9 Subtropical/Tropical Moist Montane Forest"
ORCHIDACEAE,"Anathallis spannageliana","1.9 Subtropical/Tropical Moist Montane Forest"
BROMELIACEAE,"Neoregelia lactea","1.6 Subtropical/Tropical Moist Lowland Forest"
BROMELIACEAE,"Neoregelia leucophoea","1.8 Subtropical/Tropical Swamp Forest"
ORCHIDACEAE,"Brasilaelia fidelensis","1.9 Subtropical/Tropical Moist Montane Forest"
BROMELIACEAE,"Neoregelia longipedicellata","1.8 Subtropical/Tropical Swamp Forest"
BROMELIACEAE,"Neoregelia longipedicellata","4.7 Subtropical/Tropical High Altitude Grassland"
BROMELIACEAE,"Neoregelia macahensis","1.8 Subtropical/Tropical Swamp Forest"
ORCHIDACEAE,"Brasilidium dasytyle","1.9 Subtropical/Tropical Moist Montane Forest"
BROMELIACEAE,"Neoregelia macwilliamsii","3.5 Subtropical/Tropical Dry Shrubland"
PHYLLANTHACEAE,"Phyllanthus itatiaiensis","1.9 Subtropical/Tropical Moist Montane Forest"
PHYLLANTHACEAE,"Phyllanthus itatiaiensis","4.7 Subtropical/Tropical High Altitude Grassland"
PHYLLANTHACEAE,"Phyllanthus itatiaiensis","6 Rocky Areas [e.g. inland cliffs, mountain peaks]"
PHYLLANTHACEAE,"Phyllanthus mocotensis","1.9 Subtropical/Tropical Moist Montane Forest"
PHYLLANTHACEAE,"Phyllanthus rosmarinifolius","1.9 Subtropical/Tropical Moist Montane Forest"
PHYLLANTHACEAE,"Phyllanthus rosmarinifolius","6 Rocky Areas [e.g. inland cliffs, mountain peaks]"
PHYLLANTHACEAE,"Phyllanthus rosmarinifolius","4.7 Subtropical/Tropical High Altitude Grassland"
ORCHIDACEAE,"Bulbophyllum macroceras","1.9 Subtropical/Tropical Moist Montane Forest"
BROMELIACEAE,"Neoregelia martinellii","1.8 Subtropical/Tropical Swamp Forest"
DRYOPTERIDACEAE,"Elaphoglossum didymoglossoides","1 Forest"
DRYOPTERIDACEAE,"Elaphoglossum didymoglossoides","6 Rocky Areas [e.g. inland cliffs, mountain peaks]"
ASPLENIACEAE,"Asplenium cariocanum","1 Forest"
BROMELIACEAE,"Neoregelia nevaresii","1.8 Subtropical/Tropical Swamp Forest"
MALVACEAE,"Abutilon anodoides","1.6 Subtropical/Tropical Moist Lowland Forest"
MALVACEAE,"Abutilon anodoides","1.9 Subtropical/Tropical Moist Montane Forest"
ISOETACEAE,"Isoetes goebelii","5 Wetlands (inland)"
ISOETACEAE,"Isoetes organensis","5 Wetlands (inland)"
MALVACEAE,"Abutilon esculentum","1.6 Subtropical/Tropical Moist Lowland Forest"
MALVACEAE,"Abutilon esculentum","1.5 Subtropical/Tropical Dry Forest"
MALVACEAE,"Abutilon hirsutum","1.6 Subtropical/Tropical Moist Lowland Forest"
MALVACEAE,"Abutilon hirsutum","1.9 Subtropical/Tropical Moist Montane Forest"
ISOETACEAE,"Isoetes ulei","5 Wetlands (inland)"
MALVACEAE,"Abutilon macrophyllum","1.6 Subtropical/Tropical Moist Lowland Forest"
MALVACEAE,"Byttneria beyrichiana","1.9 Subtropical/Tropical Moist Montane Forest"
MALVACEAE,"Callianthe glaziovii","1.9 Subtropical/Tropical Moist Montane Forest"
MALVACEAE,"Callianthe sellowiana","1.9 Subtropical/Tropical Moist Montane Forest"
MALVACEAE,"Callianthe senilis","1.9 Subtropical/Tropical Moist Montane Forest"
MALVACEAE,"Sida petropolitana","14.6 Subtropical/Tropical Heavily Degraded Former Forest"
MALVACEAE,"Sida sampaiana","1.6 Subtropical/Tropical Moist Lowland Forest"
MALVACEAE,"Sida sampaiana","14.2 Pastureland"
BROMELIACEAE,"Neoregelia petropolitana","1.8 Subtropical/Tropical Swamp Forest"
ORCHIDACEAE,"Baptistonia pulchella","1.9 Subtropical/Tropical Moist Montane Forest"
BROMELIACEAE,"Neoregelia rubrovittata","1.8 Subtropical/Tropical Swamp Forest"
BROMELIACEAE,"Neoregelia sapiatibensis","3.5 Subtropical/Tropical Dry Shrubland"
CELASTRACEAE,"Maytenus samydaeformis","1.6 Subtropical/Tropical Moist Lowland Forest"
Bromeliaceae,"Neoregelia paratiensis","1.8 Subtropical/Tropical Swamp Forest"
ACANTHACEAE,"Staurogyne brachiata","1.9 Subtropical/Tropical Moist Montane Forest"
BROMELIACEAE,"Neoregelia tenebrosa","1.8 Subtropical/Tropical Swamp Forest"
COMMELINACEAE,"Dichorisandra odorata","1.6 Subtropical/Tropical Moist Lowland Forest"
VIOLACEAE,"Rinorea laevigata","1.8 Subtropical/Tropical Swamp Forest"
VIOLACEAE,"Rinorea laevigata","1.5 Subtropical/Tropical Dry Forest"
ACANTHACEAE,"Staurogyne euryphylla","1.9 Subtropical/Tropical Moist Montane Forest"
BIGNONIACEAE,"Adenocalymma bullatum","1.9 Subtropical/Tropical Moist Montane Forest"
BROMELIACEAE,"Cryptanthus bromelioides","1.6 Subtropical/Tropical Moist Lowland Forest"
PASSIFLORACEAE,"Passiflora imbeana","1.9 Subtropical/Tropical Moist Montane Forest"
ORCHIDACEAE,"Cattleya dormaniana","1.9 Subtropical/Tropical Moist Montane Forest"
MELASTOMATACEAE,"Behuria corymbosa","1.9 Subtropical/Tropical Moist Montane Forest"
BROMELIACEAE,"Cryptanthus delicatus","1.6 Subtropical/Tropical Moist Lowland Forest"
BROMELIACEAE,"Cryptanthus sinuosus","3.5 Subtropical/Tropical Dry Shrubland"
MELASTOMATACEAE,"Behuria edmundoi","1.9 Subtropical/Tropical Moist Montane Forest"
ORCHIDACEAE,"Centroglossa greeniana","1.9 Subtropical/Tropical Moist Montane Forest"
MELASTOMATACEAE,"Behuria glazioviana","1.9 Subtropical/Tropical Moist Montane Forest"
MELASTOMATACEAE,"Behuria huberioides","1.9 Subtropical/Tropical Moist Montane Forest"
BROMELIACEAE,"Dyckia martinellii","6 Rocky Areas [e.g. inland cliffs, mountain peaks]"
ORCHIDACEAE,"Cleistes liliastrum","1.9 Subtropical/Tropical Moist Montane Forest"
MELASTOMATACEAE,"Behuria limae","1.9 Subtropical/Tropical Moist Montane Forest"
ORCHIDACEAE,"Cleistes miersii","1.9 Subtropical/Tropical Moist Montane Forest"
MELASTOMATACEAE,"Behuria magdalenensis","1.9 Subtropical/Tropical Moist Montane Forest"
BROMELIACEAE,"Dyckia pseudococcinea","3.5 Subtropical/Tropical Dry Shrubland"
PIPERACEAE,"Piper trigonodrupum","1.9 Subtropical/Tropical Moist Montane Forest"
MELASTOMATACEAE,"Behuria mouraei","1.9 Subtropical/Tropical Moist Montane Forest"
ORCHIDACEAE,"Coppensia edmundoi","1 Forest"
PIPERACEAE,"Piper translucens","1.9 Subtropical/Tropical Moist Montane Forest"
ORCHIDACEAE,"Cyclopogon gardneri","1 Forest"
ORCHIDACEAE,"Cyclopogon proboscideus","1 Forest"
MELASTOMATACEAE,"Behuria organensis","1.9 Subtropical/Tropical Moist Montane Forest"
PRIMULACEAE,"Stylogyne araujoana","1.9 Subtropical/Tropical Moist Montane Forest"
BROMELIACEAE,"Nidularium altimontanum","1.8 Subtropical/Tropical Swamp Forest"
BROMELIACEAE,"Nidularium angustifolium","1.8 Subtropical/Tropical Swamp Forest"
PIPERACEAE,"Piper saldanhai","1.9 Subtropical/Tropical Moist Montane Forest"
BROMELIACEAE,"Nidularium apiculatum","1.8 Subtropical/Tropical Swamp Forest"
PIPERACEAE,"Piper rumicifolium","1.9 Subtropical/Tropical Moist Montane Forest"
ORCHIDACEAE,"Encyclia viridiflora","1 Forest"
BROMELIACEAE,"Nidularium atalaiaense","3.5 Subtropical/Tropical Dry Shrubland"
ERICACEAE,"Agarista organensis","4.7 Subtropical/Tropical High Altitude Grassland"
ERICACEAE,"Agarista uleana","1.9 Subtropical/Tropical Moist Montane Forest"
ERICACEAE,"Gaylussacia pruinosa","4.7 Subtropical/Tropical High Altitude Grassland"
ERICACEAE,"Gaylussacia retivenia","4.7 Subtropical/Tropical High Altitude Grassland"
CAPPARACEAE,"Neocalyptrocalyx eichleriana","1.6 Subtropical/Tropical Moist Lowland Forest"
PIPERACEAE,"Piper rioense","1.9 Subtropical/Tropical Moist Montane Forest"
ONAGRACEAE,"Fuchsia alpestris","1.9 Subtropical/Tropical Moist Montane Forest"
ONAGRACEAE,"Fuchsia campos-portoi","1.9 Subtropical/Tropical Moist Montane Forest"
ONAGRACEAE,"Fuchsia campos-portoi","4.7 Subtropical/Tropical High Altitude Grassland"
ONAGRACEAE,"Fuchsia glazioviana","1.9 Subtropical/Tropical Moist Montane Forest"
ONAGRACEAE,"Fuchsia glazioviana","4.7 Subtropical/Tropical High Altitude Grassland"
OPILIACEAE,"Agonandra fluminensis","1.6 Subtropical/Tropical Moist Lowland Forest"
OPILIACEAE,"Agonandra fluminensis","1.9 Subtropical/Tropical Moist Montane Forest"
ORCHIDACEAE,"Epidendrum ammophilum","6 Rocky Areas [e.g. inland cliffs, mountain peaks]"
HELICONIACEAE,"Heliconia pseudoaemygdiana","1.5 Subtropical/Tropical Dry Forest"
MELASTOMATACEAE,"Bertolonia grazielae","1.6 Subtropical/Tropical Moist Lowland Forest"
MELASTOMATACEAE,"Bertolonia valenteana","1.9 Subtropical/Tropical Moist Montane Forest"
LAURACEAE,"Ocotea leucophloea","1.6 Subtropical/Tropical Moist Lowland Forest"
LAURACEAE,"Ocotea schwackeana","1.9 Subtropical/Tropical Moist Montane Forest"
LAURACEAE,"Mezilaurus navalium","1.6 Subtropical/Tropical Moist Lowland Forest"
LAURACEAE,"Mezilaurus navalium","1.9 Subtropical/Tropical Moist Montane Forest"
LAURACEAE,"Ocotea sulcata","1.9 Subtropical/Tropical Moist Montane Forest"
PIPERACEAE,"Piper morisonianum","1 Forest"
BROMELIACEAE,"Nidularium fradense","1.8 Subtropical/Tropical Swamp Forest"
ASTERACEAE,"Austrocritonia rosea","6 Rocky Areas [e.g. inland cliffs, mountain peaks]"
BROMELIACEAE,"Nidularium fulgens","1.8 Subtropical/Tropical Swamp Forest"
ASTERACEAE,"Austroeupatorium petrophilum","1.9 Subtropical/Tropical Moist Montane Forest"
ASTERACEAE,"Baccharis alpestris","6 Rocky Areas [e.g. inland cliffs, mountain peaks]"
ASTERACEAE,"Baccharis bifrons","1.5 Subtropical/Tropical Dry Forest"
PIPERACEAE,"Piper halesiifolium","1.9 Subtropical/Tropical Moist Montane Forest"
DRYOPTERIDACEAE,"Elaphoglossum hirtipes","1 Forest"
BROMELIACEAE,"Nidularium itatiaiae","1.9 Subtropical/Tropical Moist Montane Forest"
PIPERACEAE,"Piper giordanoi","1.6 Subtropical/Tropical Moist Lowland Forest"
ORCHIDACEAE,"Epidendrum goebelii","1.9 Subtropical/Tropical Moist Montane Forest"
ASTERACEAE,"Baccharis ciliata","6 Rocky Areas [e.g. inland cliffs, mountain peaks]"
ASTERACEAE,"Baccharis friburgensis","6 Rocky Areas [e.g. inland cliffs, mountain peaks]"
ASTERACEAE,"Baccharis friburgensis","1.9 Subtropical/Tropical Moist Montane Forest"
ORCHIDACEAE,"Epidendrum harrisoniae","1 Forest"
ASTERACEAE,"Baccharis pseudovaccinioides","6 Rocky Areas [e.g. inland cliffs, mountain peaks]"
PIPERACEAE,"Piper emygdioi","1.6 Subtropical/Tropical Moist Lowland Forest"
ASTERACEAE,"Bartlettina hemisphaerica","1.9 Subtropical/Tropical Moist Montane Forest"
BROMELIACEAE,"Nidularium mangaratibense","1 Forest"
ASTERACEAE,"Calea wedelioides","1 Forest"
ASTERACEAE,"Critoniopsis magdalenae","1.5 Subtropical/Tropical Dry Forest"
ASTERACEAE,"Dasyphyllum cryptocephalum","6 Rocky Areas [e.g. inland cliffs, mountain peaks]"
ASTERACEAE,"Dasyphyllum leptacanthum","1.5 Subtropical/Tropical Dry Forest"
ASTERACEAE,"Gamochaeta grazielae","1.5 Subtropical/Tropical Dry Forest"
ASTERACEAE,"Graphistylis cuneifolia","6 Rocky Areas [e.g. inland cliffs, mountain peaks]"
ASTERACEAE,"Lepidaploa araujoa","1.5 Subtropical/Tropical Dry Forest"
PIPERACEAE,"Piper crebrinodum","1 Forest"
PIPERACEAE,"Peperomia riedeliana","1.9 Subtropical/Tropical Moist Montane Forest"
ASTERACEAE,"Lepidaploa coulonioides","1.5 Subtropical/Tropical Dry Forest"
PIPERACEAE,"Peperomia pubipeduncula","1.9 Subtropical/Tropical Moist Montane Forest"
ASTERACEAE,"Lepidaploa obtusifolia","1.5 Subtropical/Tropical Dry Forest"
BROMELIACEAE,"Nidularium organense","1 Forest"
BROMELIACEAE,"Nidularium rosulatum","1.6 Subtropical/Tropical Moist Lowland Forest"
BROMELIACEAE,"Nidularium rosulatum","3.5 Subtropical/Tropical Dry Shrubland"
ASTERACEAE,"Lessingianthus glaziovianus","6 Rocky Areas [e.g. inland cliffs, mountain peaks]"
ORCHIDACEAE,"Eurystyles lobata","1.9 Subtropical/Tropical Moist Montane Forest"
MELASTOMATACEAE,"Huberia minor","1.9 Subtropical/Tropical Moist Montane Forest"
ARACEAE,"Anthurium harrisii","1.5 Subtropical/Tropical Dry Forest"
BROMELIACEAE,"Nidularium utriculosum","4.5 Subtropical/Tropical Dry Lowland Grassland"
BROMELIACEAE,"Nidularium utriculosum","1.8 Subtropical/Tropical Swamp Forest"
ORCHIDACEAE,"Eurystyles rutkowskiana","1 Forest"
PRIMULACEAE,"Stylogyne sordida","1.9 Subtropical/Tropical Moist Montane Forest"
ORCHIDACEAE,"Gomesa messmeriana","1 Forest"
COMMELINACEAE,"Dichorisandra picta","1.9 Subtropical/Tropical Moist Montane Forest"
ASTERACEAE,"Ophryosporus organensis","6 Rocky Areas [e.g. inland cliffs, mountain peaks]"
ARACEAE,"Anthurium lucidum","1.9 Subtropical/Tropical Moist Montane Forest"
BROMELIACEAE,"Nidularium viridipetalum","1 Forest"
ORCHIDACEAE,"Habenaria gnoma","4 Grassland"
ASTERACEAE,"Senecio arctiifolius","6 Rocky Areas [e.g. inland cliffs, mountain peaks]"
MONIMIACEAE,"Mollinedia longicuspidata","1.9 Subtropical/Tropical Moist Montane Forest"
ASTERACEAE,"Senecio malacophyllus","6 Rocky Areas [e.g. inland cliffs, mountain peaks]"
PRIMULACEAE,"Stylogyne leptantha","1.9 Subtropical/Tropical Moist Montane Forest"
COMMELINACEAE,"Dichorisandra begoniaefolia","1.6 Subtropical/Tropical Moist Lowland Forest"
ORCHIDACEAE,"Hadrolaelia acuensis","1 Forest"
ASTERACEAE,"Senecio ramentaceus","6 Rocky Areas [e.g. inland cliffs, mountain peaks]"
ASTERACEAE,"Stevia dubia","6 Rocky Areas [e.g. inland cliffs, mountain peaks]"
ORCHIDACEAE,"Hapalorchis cymbirostris","1.9 Subtropical/Tropical Moist Montane Forest"
ASTERACEAE,"Stevia organensis","6 Rocky Areas [e.g. inland cliffs, mountain peaks]"
ASTERACEAE,"Stevia verticillata","6 Rocky Areas [e.g. inland cliffs, mountain peaks]"
ASTERACEAE,"Trichogoniopsis podocarpa","1.5 Subtropical/Tropical Dry Forest"
ASTERACEAE,"Wunderlichia insignis","6 Rocky Areas [e.g. inland cliffs, mountain peaks]"
MONIMIACEAE,"Mollinedia corcovadensis","1.6 Subtropical/Tropical Moist Lowland Forest"
MONIMIACEAE,"Mollinedia stenophylla","1.9 Subtropical/Tropical Moist Montane Forest"
ORCHIDACEAE,"Hapalorchis panduratus","1.9 Subtropical/Tropical Moist Montane Forest"
MONIMIACEAE,"Mollinedia acutissima","1.9 Subtropical/Tropical Moist Montane Forest"
ARACEAE,"Anthurium lhotzkyanum","1.9 Subtropical/Tropical Moist Montane Forest"
ARACEAE,"Anthurium luschnathianum","1.9 Subtropical/Tropical Moist Montane Forest"
ARACEAE,"Anthurium luschnathianum","1.5 Subtropical/Tropical Dry Forest"
ARACEAE,"Asterostigma concinnum","1.5 Subtropical/Tropical Dry Forest"
ARACEAE,"Philodendron fragile","1.9 Subtropical/Tropical Moist Montane Forest"
ARACEAE,"Philodendron millerianum","1.9 Subtropical/Tropical Moist Montane Forest"
ARACEAE,"Philodendron nadruzianum","1.9 Subtropical/Tropical Moist Montane Forest"
ARACEAE,"Wolffiella neotropica","1.5 Subtropical/Tropical Dry Forest"
ORCHIDACEAE,"Hoffmannseggella alvaroana","1 Forest"
ORCHIDACEAE,"Lankesterella parvula","1 Forest"
ORCHIDACEAE,"Lankesterella pilosa","1.9 Subtropical/Tropical Moist Montane Forest"
BROMELIACEAE,"Quesnelia edmundoi","1 Forest"
TRIURIDACEAE,"Peltophyllum caudatum","1.6 Subtropical/Tropical Moist Lowland Forest"
TRIURIDACEAE,"Peltophyllum caudatum","1.9 Subtropical/Tropical Moist Montane Forest"
TRIURIDACEAE,"Triuris alata","1.6 Subtropical/Tropical Moist Lowland Forest"
MELASTOMATACEAE,"Huberia parvifolia","1.9 Subtropical/Tropical Moist Montane Forest"
BROMELIACEAE,"Quesnelia lateralis","1 Forest"
BROMELIACEAE,"Quesnelia seideliana","1 Forest"
BROMELIACEAE,"Canistropsis elata","1.8 Subtropical/Tropical Swamp Forest"
BROMELIACEAE,"Canistropsis marceloi","1 Forest"
BROMELIACEAE,"Canistropsis pulcherrima","1 Forest"
BROMELIACEAE,"Billbergia amandae","1 Forest"
ORCHIDACEAE,"Lankesterella spannageliana","1.9 Subtropical/Tropical Moist Montane Forest"
BROMELIACEAE,"Tillandsia brachyphylla","1 Forest"
BROMELIACEAE,"Tillandsia brachyphylla","4.7 Subtropical/Tropical High Altitude Grassland"
MONIMIACEAE,"Mollinedia marliae","1.9 Subtropical/Tropical Moist Montane Forest"
MELASTOMATACEAE,"Huberia triplinervis","1.9 Subtropical/Tropical Moist Montane Forest"
BROMELIACEAE,"Tillandsia neglecta","3 Shrubland"
BROMELIACEAE,"Tillandsia nuptialis","1 Forest"
MELASTOMATACEAE,"Leandra alpestris","1.9 Subtropical/Tropical Moist Montane Forest"
BROMELIACEAE,"Tillandsia organensis","4.7 Subtropical/Tropical High Altitude Grassland"
EUPHORBIACEAE,"Acalypha peckoltii","1.6 Subtropical/Tropical Moist Lowland Forest"
EUPHORBIACEAE,"Algernonia gibbosa","1.6 Subtropical/Tropical Moist Lowland Forest"
EUPHORBIACEAE,"Algernonia glazioui","1.6 Subtropical/Tropical Moist Lowland Forest"
EUPHORBIACEAE,"Croton nigricans","4.7 Subtropical/Tropical High Altitude Grassland"
EUPHORBIACEAE,"Dalechampia granadilla","1.6 Subtropical/Tropical Moist Lowland Forest"
EUPHORBIACEAE,"Euphorbia laevigata","1.6 Subtropical/Tropical Moist Lowland Forest"
EUPHORBIACEAE,"Euphorbia laevigata",
EUPHORBIACEAE,"Ophthalmoblapton macrophyllum","1.9 Subtropical/Tropical Moist Montane Forest"
EUPHORBIACEAE,"Sebastiania pteroclada","1.6 Subtropical/Tropical Moist Lowland Forest"
EUPHORBIACEAE,"Sebastiania pteroclada","6 Rocky Areas [e.g. inland cliffs, mountain peaks]"
EUPHORBIACEAE,"Sebastiania pteroclada","1.5 Subtropical/Tropical Dry Forest"
EUPHORBIACEAE,"Tragia peltata","1.6 Subtropical/Tropical Moist Lowland Forest"
MELASTOMATACEAE,"Leandra altomacaensis","1.9 Subtropical/Tropical Moist Montane Forest"
MELASTOMATACEAE,"Leandra atrata","1.9 Subtropical/Tropical Moist Montane Forest"
MELASTOMATACEAE,"Leandra atroviridis","1.9 Subtropical/Tropical Moist Montane Forest"
MELASTOMATACEAE,"Leandra attenuata","1.9 Subtropical/Tropical Moist Montane Forest"
MELASTOMATACEAE,"Leandra breviflora","1.9 Subtropical/Tropical Moist Montane Forest"
MELASTOMATACEAE,"Leandra chaetocalyx","1.9 Subtropical/Tropical Moist Montane Forest"
MELASTOMATACEAE,"Leandra dentata","1.9 Subtropical/Tropical Moist Montane Forest"
CACTACEAE,"Rhipsalis triangularis","1.9 Subtropical/Tropical Moist Montane Forest"
CACTACEAE,"Rhipsalis pentaptera","1.9 Subtropical/Tropical Moist Montane Forest"
BROMELIACEAE,"Tillandsia roseiflora","1 Forest"
CHRYSOBALANACEAE,"Couepia parvifolia","1.9 Subtropical/Tropical Moist Montane Forest"
FABACEAE,"Aeschynomene bradei","1.9 Subtropical/Tropical Moist Montane Forest"
ARACEAE,"Anthurium sakuraguianum","1 Forest"
ARACEAE,"Philodendron luizae","1 Forest"
MELASTOMATACEAE,"Leandra depauperata","1.9 Subtropical/Tropical Moist Montane Forest"
MELASTOMATACEAE,"Leandra laxa","1.9 Subtropical/Tropical Moist Montane Forest"
MELASTOMATACEAE,"Leandra magdalenensis","1.9 Subtropical/Tropical Moist Montane Forest"
MELASTOMATACEAE,"Leandra markgrafii","1.9 Subtropical/Tropical Moist Montane Forest"
MELASTOMATACEAE,"Leandra mollis","1.9 Subtropical/Tropical Moist Montane Forest"
MELASTOMATACEAE,"Leandra mouraei","1.9 Subtropical/Tropical Moist Montane Forest"
MELASTOMATACEAE,"Leandra multisetosa","1.9 Subtropical/Tropical Moist Montane Forest"
MELASTOMATACEAE,"Leandra niangaeformis","1.9 Subtropical/Tropical Moist Montane Forest"
MELASTOMATACEAE,"Leandra organensis","1.9 Subtropical/Tropical Moist Montane Forest"
MELASTOMATACEAE,"Leandra rubida","1.9 Subtropical/Tropical Moist Montane Forest"
MELASTOMATACEAE,"Leandra saldanhaei","1.9 Subtropical/Tropical Moist Montane Forest"
MELASTOMATACEAE,"Leandra schwackei","1.9 Subtropical/Tropical Moist Montane Forest"
MELASTOMATACEAE,"Leandra sessiliflora","1.9 Subtropical/Tropical Moist Montane Forest"
MELASTOMATACEAE,"Leandra sphaerocarpa","1.9 Subtropical/Tropical Moist Montane Forest"
MELASTOMATACEAE,"Leandra tetragona","1.9 Subtropical/Tropical Moist Montane Forest"
BROMELIACEAE,"Billbergia brasiliensis","1 Forest"
FABACEAE,"Bauhinia albicans","1.5 Subtropical/Tropical Dry Forest"
Amaryllidaceae,"Worsleya procera","6 Rocky Areas [e.g. inland cliffs, mountain peaks]"
BROMELIACEAE,"Aechmea cariocae","1 Forest"
BIGNONIACEAE,"Bignonia costata","1.9 Subtropical/Tropical Moist Montane Forest"
BROMELIACEAE,"Aechmea dealbata","1 Forest"
ORCHIDACEAE,"Octomeria cariocana","1.9 Subtropical/Tropical Moist Montane Forest"
BROMELIACEAE,"Aechmea fasciata","1 Forest"
ORCHIDACEAE,"Octomeria cochlearis","1.9 Subtropical/Tropical Moist Montane Forest"
ORCHIDACEAE,"Octomeria fimbriata","1.9 Subtropical/Tropical Moist Montane Forest"
ORCHIDACEAE,"Octomeria helvola","1.9 Subtropical/Tropical Moist Montane Forest"
ORCHIDACEAE,"Octomeria helvola","4.7 Subtropical/Tropical High Altitude Grassland"
BIGNONIACEAE,"Fridericia elegans",
BROMELIACEAE,"Aechmea flavorosea","1 Forest"
BROMELIACEAE,"Aechmea grazielae","1 Forest"
BROMELIACEAE,"Aechmea paratiensis","1 Forest"
ORCHIDACEAE,"Octomeria itatiaiae","1.9 Subtropical/Tropical Moist Montane Forest"
BROMELIACEAE,"Aechmea squarrosa","1 Forest"
BIGNONIACEAE,"Jacaranda crassifolia","1.9 Subtropical/Tropical Moist Montane Forest"
BROMELIACEAE,"Alcantarea farneyi","4.7 Subtropical/Tropical High Altitude Grassland"
CLUSIACEAE,"Clusia studartiana","1.9 Subtropical/Tropical Moist Montane Forest"
CLUSIACEAE,"Garcinia calyptrata","1.9 Subtropical/Tropical Moist Montane Forest"
BROMELIACEAE,"Alcantarea geniculata","4.7 Subtropical/Tropical High Altitude Grassland"
BROMELIACEAE,"Alcantarea glaziouana","6 Rocky Areas [e.g. inland cliffs, mountain peaks]"
ORCHIDACEAE,"Octomeria minuta","1 Forest"
BROMELIACEAE,"Alcantarea heloisae","4.7 Subtropical/Tropical High Altitude Grassland"
ORCHIDACEAE,"Octomeria multiflora","1 Forest"
BROMELIACEAE,"Alcantarea nevaresii","6 Rocky Areas [e.g. inland cliffs, mountain peaks]"
BROMELIACEAE,"Alcantarea nevaresii","4.7 Subtropical/Tropical High Altitude Grassland"
ORCHIDACEAE,"Octomeria pumila","1 Forest"
ORCHIDACEAE,"Octomeria rodeiensis","1.9 Subtropical/Tropical Moist Montane Forest"
MELASTOMATACEAE,"Meriania excelsa","1.9 Subtropical/Tropical Moist Montane Forest"
ORCHIDACEAE,"Octomeria rodriguesii","1.9 Subtropical/Tropical Moist Montane Forest"
CHRYSOBALANACEAE,"Hirtella barrosoi","1.9 Subtropical/Tropical Moist Montane Forest"
CHRYSOBALANACEAE,"Hirtella barrosoi","1.6 Subtropical/Tropical Moist Lowland Forest"
PLANTAGINACEAE,"Achetaria latifolia","13.3 Coastal Sand Dunes"
BROMELIACEAE,"Alcantarea tortuosa","6 Rocky Areas [e.g. inland cliffs, mountain peaks]"
BROMELIACEAE,"Alcantarea tortuosa","4.7 Subtropical/Tropical High Altitude Grassland"
BROMELIACEAE,"Pitcairnia albiflos","6 Rocky Areas [e.g. inland cliffs, mountain peaks]"
ORCHIDACEAE,"Octomeria sarcophylla","1.9 Subtropical/Tropical Moist Montane Forest"
ORCHIDACEAE,"Pabstia placanthera","1 Forest"
DILLENIACEAE,"Davilla glaziovii","1.6 Subtropical/Tropical Moist Lowland Forest"
DILLENIACEAE,"Davilla glaziovii","1.9 Subtropical/Tropical Moist Montane Forest"
TRIGONIACEAE,"Trigonia littoralis","1.5 Subtropical/Tropical Dry Forest"
TRIGONIACEAE,"Trigonia littoralis","1.6 Subtropical/Tropical Moist Lowland Forest"
TRIGONIACEAE,"Trigonia rotundifolia","1.6 Subtropical/Tropical Moist Lowland Forest"
CHRYSOBALANACEAE,"Licania glazioviana","1.9 Subtropical/Tropical Moist Montane Forest"
BROMELIACEAE,"Pitcairnia beycalema","6 Rocky Areas [e.g. inland cliffs, mountain peaks]"
ORCHIDACEAE,"Pabstiella calcarata","1.9 Subtropical/Tropical Moist Montane Forest"
BROMELIACEAE,"Pitcairnia corcovadensis","1 Forest"
ORCHIDACEAE,"Pabstiella crassicaulis","1 Forest"
ORCHIDACEAE,"Pabstiella elegantula","1 Forest"
BROMELIACEAE,"Pitcairnia encholirioides","6 Rocky Areas [e.g. inland cliffs, mountain peaks]"
BROMELIACEAE,"Pitcairnia encholirioides","4.7 Subtropical/Tropical High Altitude Grassland"
ORCHIDACEAE,"Pabstiella gracilicaulis","1.9 Subtropical/Tropical Moist Montane Forest"
BROMELIACEAE,"Pitcairnia insularis","6 Rocky Areas [e.g. inland cliffs, mountain peaks]"
ORCHIDACEAE,"Pabstiella spathuliglossa","1.9 Subtropical/Tropical Moist Montane Forest"
ORCHIDACEAE,"Pabstiella tabacina","1 Forest"
MELASTOMATACEAE,"Meriania glabra","1.9 Subtropical/Tropical Moist Montane Forest"
MELASTOMATACEAE,"Meriania glabra","1.6 Subtropical/Tropical Moist Lowland Forest"
MELASTOMATACEAE,"Meriania glazioviana","1.9 Subtropical/Tropical Moist Montane Forest"
CALOPHYLLACEAE,"Kielmeyera excelsa","1.9 Subtropical/Tropical Moist Montane Forest"
MELASTOMATACEAE,"Meriania longipes","1.9 Subtropical/Tropical Moist Montane Forest"
BROMELIACEAE,"Pitcairnia staminea","6 Rocky Areas [e.g. inland cliffs, mountain peaks]"
BROMELIACEAE,"Pitcairnia suaveolens","1 Forest"
MARCGRAVIACEAE,"Marcgravia comosa","1.9 Subtropical/Tropical Moist Montane Forest"
MARCGRAVIACEAE,"Marcgravia comosa","6 Rocky Areas [e.g. inland cliffs, mountain peaks]"
BROMELIACEAE,"Pitcairnia wendtiae","6 Rocky Areas [e.g. inland cliffs, mountain peaks]"
ORCHIDACEAE,"Pelexia longibracteata","1 Forest"
ORCHIDACEAE,"Pelexia luetzelburgii","1.9 Subtropical/Tropical Moist Montane Forest"
SPHAGNACEAE,"Sphagnum costae","1 Forest"
BROMELIACEAE,"Vriesea agostiniana","1 Forest"
FABACEAE,"Inga arenicola","1.5 Subtropical/Tropical Dry Forest"
MELASTOMATACEAE,"Meriania robusta","1.9 Subtropical/Tropical Moist Montane Forest"
LEJEUNEACEAE,"Colura itatyana","1.5 Subtropical/Tropical Dry Forest"
SELIGERIACEAE,"Brachydontium notorogenes","6 Rocky Areas [e.g. inland cliffs, mountain peaks]"
FABACEAE,"Inga enterolobioides","1.6 Subtropical/Tropical Moist Lowland Forest"
MARCGRAVIACEAE,"Souroubea platyadenia","1 Forest"
FABACEAE,"Machaerium firmum","1.5 Subtropical/Tropical Dry Forest"
FABACEAE,"Machaerium firmum","1.6 Subtropical/Tropical Moist Lowland Forest"
ORCHIDACEAE,"Pelexia mouraei","4.7 Subtropical/Tropical High Altitude Grassland"
ORCHIDACEAE,"Phymatidium limae","1.9 Subtropical/Tropical Moist Montane Forest"
ORCHIDACEAE,"Pabstiella dracula","1.9 Subtropical/Tropical Moist Montane Forest"
ORCHIDACEAE,"Pleurothallis jacarepaguaensis","1 Forest"
CALOPHYLLACEAE,"Kielmeyera gracilis","1.9 Subtropical/Tropical Moist Montane Forest"
CALOPHYLLACEAE,"Kielmeyera insignis","1.9 Subtropical/Tropical Moist Montane Forest"
MELASTOMATACEAE,"Miconia augusti","1.9 Subtropical/Tropical Moist Montane Forest"
BROMELIACEAE,"Vriesea atrococcinea","1 Forest"
BROMELIACEAE,"Vriesea brassicoides","6 Rocky Areas [e.g. inland cliffs, mountain peaks]"
BROMELIACEAE,"Vriesea costae","6 Rocky Areas [e.g. inland cliffs, mountain peaks]"
BROMELIACEAE,"Vriesea croceana","6 Rocky Areas [e.g. inland cliffs, mountain peaks]"
BROMELIACEAE,"Vriesea fidelensis","1 Forest"
BROMELIACEAE,"Vriesea fluminensis","1 Forest"
ORCHIDACEAE,"Prescottia spiranthophylla","6 Rocky Areas [e.g. inland cliffs, mountain peaks]"
BROMELIACEAE,"Vriesea fradensis","1 Forest"
OROBANCHACEAE,"Magdalenaea limae","1.9 Subtropical/Tropical Moist Montane Forest"
OROBANCHACEAE,"Magdalenaea limae","4.7 Subtropical/Tropical High Altitude Grassland"
ORCHIDACEAE,"Prosthechea serpentilingua","1.9 Subtropical/Tropical Moist Montane Forest"
ORCHIDACEAE,"Pygmaeorchis brasiliensis","1.9 Subtropical/Tropical Moist Montane Forest"
ORCHIDACEAE,"Rauhiella brasiliensis","13.3 Coastal Sand Dunes"
MORACEAE,"Dorstenia brevipetiolata","1.9 Subtropical/Tropical Moist Montane Forest"
ORCHIDACEAE,"Rauhiella seehaweri","1 Forest"
FABACEAE,"Machaerium legale",
MORACEAE,"Dorstenia fischeri","1.6 Subtropical/Tropical Moist Lowland Forest"
ORCHIDACEAE,"Rodriguezia bifolia","1 Forest"
ORCHIDACEAE,"Rodriguezia leucantha","1 Forest"
ORCHIDACEAE,"Rodriguezia sucrei","13.3 Coastal Sand Dunes"
MORACEAE,"Ficus nevesiae","1.9 Subtropical/Tropical Moist Montane Forest"
MORACEAE,"Ficus nevesiae","3.5 Subtropical/Tropical Dry Shrubland"
BROMELIACEAE,"Vriesea gastiniana","6 Rocky Areas [e.g. inland cliffs, mountain peaks]"
ORCHIDACEAE,"Sarcoglottis veyretiae","1 Forest"
ORCHIDACEAE,"Sauroglossum odoratum","1 Forest"
FABACEAE,"Machaerium macaense","1.9 Subtropical/Tropical Moist Montane Forest"
FABACEAE,"Machaerium obovatum","1.5 Subtropical/Tropical Dry Forest"
ORCHIDACEAE,"Sauroglossum organense","1 Forest"
MORACEAE,"Maclura brasiliensis","3.5 Subtropical/Tropical Dry Shrubland"
FABACEAE,"Mimosa bocainae","1.9 Subtropical/Tropical Moist Montane Forest"
FABACEAE,"Mimosa glazioui","1.9 Subtropical/Tropical Moist Montane Forest"
FABACEAE,"Mimosa itatiaiensis","1.9 Subtropical/Tropical Moist Montane Forest"
ORCHIDACEAE,"Specklinia hymenantha","1 Forest"
MORACEAE,"Sorocea carautana","1.9 Subtropical/Tropical Moist Montane Forest"
Orchidaceae,"Pabstiella pantherina","1 Forest"
BROMELIACEAE,"Vriesea grandiflora","1 Forest"
ORCHIDACEAE,"Stelis palmeiraensis","1 Forest"
ORCHIDACEAE,"Pabstiella purpurea","1.9 Subtropical/Tropical Moist Montane Forest"
BROMELIACEAE,"Vriesea joyae","1 Forest"
ORCHIDACEAE,"Trigonidium turbinatum","1 Forest"
CYPERACEAE,"Hypolytrum glaziovii","1.9 Subtropical/Tropical Moist Montane Forest"
MELASTOMATACEAE,"Miconia cinerea","1.6 Subtropical/Tropical Moist Lowland Forest"
MELASTOMATACEAE,"Miconia dichroa","1.9 Subtropical/Tropical Moist Montane Forest"
BROMELIACEAE,"Vriesea leptantha","3.7 Subtropical/Tropical High Altitude Shrubland"
ORCHIDACEAE,"Vanilla dungsii","1.9 Subtropical/Tropical Moist Montane Forest"
CYPERACEAE,"Rhynchospora luetzelburgiana","1.9 Subtropical/Tropical Moist Montane Forest"
BROMELIACEAE,"Vriesea lidicensis","1 Forest"
BROMELIACEAE,"Vriesea nubicola","3.7 Subtropical/Tropical High Altitude Shrubland"
CYPERACEAE,"Rhynchospora sampaioana","1.9 Subtropical/Tropical Moist Montane Forest"
MELASTOMATACEAE,"Miconia eichleri","1.9 Subtropical/Tropical Moist Montane Forest"
MELASTOMATACEAE,"Miconia eichleri","1.6 Subtropical/Tropical Moist Lowland Forest"
ORCHIDACEAE,"Zygostates ovatipetala","1 Forest"
BROMELIACEAE,"Vriesea pastuchoffiana","1 Forest"
BROMELIACEAE,"Vriesea pauciflora","1 Forest"
CYPERACEAE,"Scleria bradei","1.6 Subtropical/Tropical Moist Lowland Forest"
PLANTAGINACEAE,"Ildefonsia bibracteata","1.6 Subtropical/Tropical Moist Lowland Forest"
MELASTOMATACEAE,"Miconia elaeodendron","1.6 Subtropical/Tropical Moist Lowland Forest"
MELASTOMATACEAE,"Miconia elaeodendron","1.9 Subtropical/Tropical Moist Montane Forest"
CYPERACEAE,"Trilepis tenuis","1.9 Subtropical/Tropical Moist Montane Forest"
CACTACEAE,"Rhipsalis ormindoi","1.9 Subtropical/Tropical Moist Montane Forest"
CACTACEAE,"Rhipsalis ormindoi","3.7 Subtropical/Tropical High Altitude Shrubland"
BROMELIACEAE,"Vriesea punctulata","1 Forest"
BROMELIACEAE,"Vriesea roethii","1 Forest"
MALPIGHIACEAE,"Banisteriopsis magdalenensis","1.9 Subtropical/Tropical Moist Montane Forest"
ORCHIDACEAE,"Brasiliorchis moutinhoi","1 Forest"
BROMELIACEAE,"Vriesea rubyae","1 Forest"
BROMELIACEAE,"Vriesea saundersii","6 Rocky Areas [e.g. inland cliffs, mountain peaks]"
MALPIGHIACEAE,"Bronwenia peckoltii","1.9 Subtropical/Tropical Moist Montane Forest"
BROMELIACEAE,"Vriesea secundiflora","1 Forest"
MYRTACEAE,"Calyptranthes anceps","1 Forest"
MELASTOMATACEAE,"Miconia fluminensis","1.9 Subtropical/Tropical Moist Montane Forest"
MALPIGHIACEAE,"Heteropterys occhionii","1.9 Subtropical/Tropical Moist Montane Forest"
MELASTOMATACEAE,"Miconia gigantea","1.6 Subtropical/Tropical Moist Lowland Forest"
MELASTOMATACEAE,"Miconia gigantea","1.9 Subtropical/Tropical Moist Montane Forest"
MELASTOMATACEAE,"Miconia glazioviana","1.9 Subtropical/Tropical Moist Montane Forest"
MYRTACEAE,"Calyptranthes aromatica","1 Forest"
BROMELIACEAE,"Vriesea serrana","1 Forest"
BROMELIACEAE,"Vriesea sucrei","1 Forest"
BROMELIACEAE,"Vriesea sucrei","3.5 Subtropical/Tropical Dry Shrubland"
CACTACEAE,"Schlumbergera russelliana","1.9 Subtropical/Tropical Moist Montane Forest"
MYRTACEAE,"Calyptranthes bimarginata","1 Forest"
MYRTACEAE,"Calyptranthes bimarginata","13.3 Coastal Sand Dunes"
MELIACEAE,"Trichilia luciae","1.6 Subtropical/Tropical Moist Lowland Forest"
MELIACEAE,"Trichilia luciae","1.9 Subtropical/Tropical Moist Montane Forest"
BROMELIACEAE,"Vriesea thyrsoidea","1 Forest"
BROMELIACEAE,"Vriesea thyrsoidea","4.7 Subtropical/Tropical High Altitude Grassland"
MYRTACEAE,"Calyptranthes caudata","1.9 Subtropical/Tropical Moist Montane Forest"
APOCYNACEAE,"Aspidosperma compactinervium","1 Forest"
BROMELIACEAE,"Vriesea triligulata","1 Forest"
BROMELIACEAE,"Vriesea triligulata","4.7 Subtropical/Tropical High Altitude Grassland"
MYRTACEAE,"Calyptranthes grandiflora","1 Forest"
APOCYNACEAE,"Aspidosperma ingratum","1 Forest"
APOCYNACEAE,"Cynanchum brasiliense","1 Forest"
MYRTACEAE,"Calyptranthes martiusiana","1 Forest"
APOCYNACEAE,"Ditassa fontellae","1 Forest"
APOCYNACEAE,"Ditassa guilleminiana","1 Forest"
APOCYNACEAE,"Ditassa imbricata","1 Forest"
BROMELIACEAE,"Vriesea vidalii","6 Rocky Areas [e.g. inland cliffs, mountain peaks]"
BROMELIACEAE,"Vriesea vidalii","3.7 Subtropical/Tropical High Altitude Shrubland"
MYRTACEAE,"Calyptranthes ursina","1 Forest"
APOCYNACEAE,"Ditassa subumbellata","1 Forest"
BROMELIACEAE,"Vriesea warmingii","1 Forest"
MYRTACEAE,"Campomanesia fruticosa","1 Forest"
MYRTACEAE,"Campomanesia hirsuta","1 Forest"
MARANTACEAE,"Thalia petersiana","5 Wetlands (inland)"
BROMELIACEAE,"Vriesea zildae","1 Forest"
FABACEAE,"Senegalia miersii","1.6 Subtropical/Tropical Moist Lowland Forest"
APOCYNACEAE,"Macroditassa laxa","1 Forest"
APOCYNACEAE,"Mandevilla crassinoda","1 Forest"
FABACEAE,"Senegalia mikanii","1.5 Subtropical/Tropical Dry Forest"
APOCYNACEAE,"Marsdenia glaziovii","1 Forest"
FABACEAE,"Swartzia glazioviana","1.5 Subtropical/Tropical Dry Forest"
APOCYNACEAE,"Matelea fournieri","1 Forest"
APOCYNACEAE,"Matelea quinquedentata","1 Forest"
APOCYNACEAE,"Monsanima tinguaensis","1 Forest"
FABACEAE,"Swartzia submontana","1.9 Subtropical/Tropical Moist Montane Forest"
MARANTACEAE,"Goeppertia dorothyae","1.5 Subtropical/Tropical Dry Forest"
FABACEAE,"Piptadenia laxipinna","1.6 Subtropical/Tropical Moist Lowland Forest"
MYRTACEAE,"Campomanesia lundiana","1 Forest"
MARANTACEAE,"Goeppertia fatimae","1.6 Subtropical/Tropical Moist Lowland Forest"
MARANTACEAE,"Goeppertia fatimae","1.9 Subtropical/Tropical Moist Montane Forest"
FABACEAE,"Piptadenia polyptera","1.6 Subtropical/Tropical Moist Lowland Forest"
MYRTACEAE,"Campomanesia mediterranea","1 Forest"
FABACEAE,"Poecilanthe fluminensis","1.9 Subtropical/Tropical Moist Montane Forest"
MYRTACEAE,"Campomanesia terminalis","1 Forest"
FABACEAE,"Moldenhawera polysperma","1.9 Subtropical/Tropical Moist Montane Forest"
APOCYNACEAE,"Orthosia arenosa","1 Forest"
APOCYNACEAE,"Oxypetalum lutescens","1 Forest"
APOCYNACEAE,"Oxypetalum schottii","1.9 Subtropical/Tropical Moist Montane Forest"
MALPIGHIACEAE,"Heteropterys ternstroemiifolia","1.9 Subtropical/Tropical Moist Montane Forest"
FABACEAE,"Dahlstedtia grandiflora","1.9 Subtropical/Tropical Moist Montane Forest"
OCHNACEAE,"Luxemburgia glazioviana","1.9 Subtropical/Tropical Moist Montane Forest"
RUTACEAE,"Conchocarpus grandiflorus","1.6 Subtropical/Tropical Moist Lowland Forest"
RUTACEAE,"Conchocarpus ovatus","1.6 Subtropical/Tropical Moist Lowland Forest"
OCHNACEAE,"Ouratea campos-portoi","1.9 Subtropical/Tropical Moist Montane Forest"
OCHNACEAE,"Ouratea grandifolia","1.9 Subtropical/Tropical Moist Montane Forest"
MYRTACEAE,"Eugenia arrabidae","1 Forest"
MYRTACEAE,"Eugenia arvensis","1 Forest"
MYRTACEAE,"Eugenia arvensis","13.3 Coastal Sand Dunes"
MARANTACEAE,"Goeppertia reginae","1.6 Subtropical/Tropical Moist Lowland Forest"
RUTACEAE,"Conchocarpus paniculatus","1.6 Subtropical/Tropical Moist Lowland Forest"
MYRTACEAE,"Eugenia brachysepala","1 Forest"
OCHNACEAE,"Ouratea miersii",
MALPIGHIACEAE,"Janusia diminuta","3.5 Subtropical/Tropical Dry Shrubland"
Malpighiaceae,"Hiraea macrophylla","3.5 Subtropical/Tropical Dry Shrubland"
GESNERIACEAE,"Besleria fluminensis","1 Forest"
GESNERIACEAE,"Besleria grandifolia","1 Forest"
MARANTACEAE,"Goeppertia sphaerocephala","1.6 Subtropical/Tropical Moist Lowland Forest"
GESNERIACEAE,"Nematanthus mirabilis","1 Forest"
GESNERIACEAE,"Nematanthus pycnophyllus","1 Forest"
LOGANIACEAE,"Strychnos dantaensis","1.6 Subtropical/Tropical Moist Lowland Forest"
LOGANIACEAE,"Strychnos jacarepiensis","1.5 Subtropical/Tropical Dry Forest"
OCHNACEAE,"Ouratea stipulata","1.9 Subtropical/Tropical Moist Montane Forest"
OCHNACEAE,"Ouratea stipulata","1.6 Subtropical/Tropical Moist Lowland Forest"
MALPIGHIACEAE,"Stigmaphyllon affine","1.9 Subtropical/Tropical Moist Montane Forest"
GESNERIACEAE,"Besleria melancholica","1 Forest"
MALPIGHIACEAE,"Stigmaphyllon carautae","1.9 Subtropical/Tropical Moist Montane Forest"
CUCURBITACEAE,"Cayaponia latiloba","1.9 Subtropical/Tropical Moist Montane Forest"
MYRTACEAE,"Eugenia coccifera","1.9 Subtropical/Tropical Moist Montane Forest"
CUCURBITACEAE,"Gurania cogniauxiana","1.9 Subtropical/Tropical Moist Montane Forest"
PICRAMNIACEAE,"Picramnia grandifolia","1.8 Subtropical/Tropical Swamp Forest"
POACEAE,"Apochloa tijucae","6 Rocky Areas [e.g. inland cliffs, mountain peaks]"
CUCURBITACEAE,"Gurania ovata","1.9 Subtropical/Tropical Moist Montane Forest"
FABACEAE,"Dalbergia glaziovii","1.9 Subtropical/Tropical Moist Montane Forest"
CONVOLVULACEAE,"Bonamia umbellata","1.9 Subtropical/Tropical Moist Montane Forest"
CONVOLVULACEAE,"Bonamia umbellata","1.6 Subtropical/Tropical Moist Lowland Forest"
POACEAE,"Chusquea tenuis","3.7 Subtropical/Tropical High Altitude Shrubland"
POACEAE,"Chusquea wilkesii","1 Forest"
FABACEAE,"Martiodendron fluminense","1.8 Subtropical/Tropical Swamp Forest"
FABACEAE,"Martiodendron fluminense","1.6 Subtropical/Tropical Moist Lowland Forest"
FABACEAE,"Martiodendron fluminense",
CUCURBITACEAE,"Wilbrandia glaziovii","1.9 Subtropical/Tropical Moist Montane Forest"
FABACEAE,"Luetzelburgia trialata",
RANUNCULACEAE,"Anemone assisbrasiliana","4.7 Subtropical/Tropical High Altitude Grassland"
FABACEAE,"Lupinus dusenianus","1.9 Subtropical/Tropical Moist Montane Forest"
DIOSCOREACEAE,"Dioscorea bradei","1.9 Subtropical/Tropical Moist Montane Forest"
DIOSCOREACEAE,"Dioscorea campanulata",
POACEAE,"Dichanthelium cucaense","3.7 Subtropical/Tropical High Altitude Shrubland"
MELASTOMATACEAE,"Miconia klotzschii","1.6 Subtropical/Tropical Moist Lowland Forest"
MELASTOMATACEAE,"Miconia klotzschii","1.9 Subtropical/Tropical Moist Montane Forest"
MELASTOMATACEAE,"Miconia laeta","1.9 Subtropical/Tropical Moist Montane Forest"
POACEAE,"Dichanthelium itatiaiae","1.9 Subtropical/Tropical Moist Montane Forest"
RUBIACEAE,"Bathysa sylvestrae","1.9 Subtropical/Tropical Moist Montane Forest"
RUBIACEAE,"Bathysa sylvestrae","1.6 Subtropical/Tropical Moist Lowland Forest"
BEGONIACEAE,"Begonia acida","1 Forest"
BEGONIACEAE,"Begonia aconitifolia","1 Forest"
BEGONIACEAE,"Begonia antonietae","6 Rocky Areas [e.g. inland cliffs, mountain peaks]"
BEGONIACEAE,"Begonia cariocana","1 Forest"
BEGONIACEAE,"Begonia cerasiphylla","1 Forest"
BEGONIACEAE,"Begonia collaris","1 Forest"
BEGONIACEAE,"Begonia concinna","1 Forest"
BEGONIACEAE,"Begonia cordata","1 Forest"
BEGONIACEAE,"Begonia declinata","1 Forest"
BEGONIACEAE,"Begonia densifolia","1 Forest"
BEGONIACEAE,"Begonia dentatiloba","1 Forest"
BEGONIACEAE,"Begonia depauperata","1 Forest"
BEGONIACEAE,"Begonia edmundoi","1 Forest"
DIOSCOREACEAE,"Dioscorea itatiaiensis","1.9 Subtropical/Tropical Moist Montane Forest"
BEGONIACEAE,"Begonia epipsila","1 Forest"
BEGONIACEAE,"Begonia erecta","1 Forest"
BEGONIACEAE,"Begonia fabulosa","1 Forest"
BEGONIACEAE,"Begonia fagifolia","1 Forest"
BEGONIACEAE,"Begonia fluminensis","1 Forest"
BEGONIACEAE,"Begonia friburgensis","1 Forest"
BEGONIACEAE,"Begonia jocelinoi","1 Forest"
POACEAE,"Dichanthelium petropolitanum","3.7 Subtropical/Tropical High Altitude Shrubland"
BEGONIACEAE,"Begonia lanstyakii","6 Rocky Areas [e.g. inland cliffs, mountain peaks]"
BEGONIACEAE,"Begonia lubbersii","1 Forest"
BEGONIACEAE,"Begonia lunaris","1 Forest"
BEGONIACEAE,"Begonia magdalenensis","1 Forest"
BEGONIACEAE,"Begonia olsoniae","1.5 Subtropical/Tropical Dry Forest"
BEGONIACEAE,"Begonia parvifolia","1 Forest"
BEGONIACEAE,"Begonia princeps","1 Forest"
BEGONIACEAE,"Begonia pseudolubbersii","1 Forest"
BEGONIACEAE,"Begonia ramentacea","1 Forest"
BEGONIACEAE,"Begonia rotunda","1 Forest"
BEGONIACEAE,"Begonia rubropilosa","1 Forest"
BEGONIACEAE,"Begonia sanguinea","1 Forest"
POACEAE,"Renvoizea glaziovii","6 Rocky Areas [e.g. inland cliffs, mountain peaks]"
POACEAE,"Renvoizea glaziovii","3.5 Subtropical/Tropical Dry Shrubland"
BEGONIACEAE,"Begonia semidigitata","1 Forest"
BEGONIACEAE,"Begonia valida","1 Forest"
BEGONIACEAE,"Begonia velloziana","1 Forest"
LENTIBULARIACEAE,"Utricularia geminiloba","6 Rocky Areas [e.g. inland cliffs, mountain peaks]"
LENTIBULARIACEAE,"Utricularia geminiloba","4.7 Subtropical/Tropical High Altitude Grassland"
DIOSCOREACEAE,"Dioscorea margarethia","1.9 Subtropical/Tropical Moist Montane Forest"
POACEAE,"Renvoizea teretifolia","3.5 Subtropical/Tropical Dry Shrubland"
CAMPANULACEAE,"Lobelia glazioviana","6 Rocky Areas [e.g. inland cliffs, mountain peaks]"
CAMPANULACEAE,"Lobelia santos-limae","6 Rocky Areas [e.g. inland cliffs, mountain peaks]"
CAMPANULACEAE,"Siphocampylus viscidus","1 Forest"
MYRTACEAE,"Eugenia grazielae","1 Forest"
FABACEAE,"Peltogyne mattosiana","1.6 Subtropical/Tropical Moist Lowland Forest"
MELASTOMATACEAE,"Miconia oblongifolia","1.9 Subtropical/Tropical Moist Montane Forest"
DIOSCOREACEAE,"Dioscorea oppositiflora","1.9 Subtropical/Tropical Moist Montane Forest"
DIOSCOREACEAE,"Dioscorea oppositiflora","1.6 Subtropical/Tropical Moist Lowland Forest"
POACEAE,"Trisetum brasiliense","3.7 Subtropical/Tropical High Altitude Shrubland"
DIOSCOREACEAE,"Dioscorea organensis","1.9 Subtropical/Tropical Moist Montane Forest"
MELASTOMATACEAE,"Miconia ovalifolia","1.9 Subtropical/Tropical Moist Montane Forest"
SAPINDACEAE,"Allophylus exappendiculatus","1.5 Subtropical/Tropical Dry Forest"
RUBIACEAE,"Chomelia transiens","1 Forest"
SAPINDACEAE,"Allophylus heterophyllus","1.6 Subtropical/Tropical Moist Lowland Forest"
SAPINDACEAE,"Allophylus heterophyllus","1.5 Subtropical/Tropical Dry Forest"
RUBIACEAE,"Coussarea biflora","1 Forest"
MELASTOMATACEAE,"Miconia penduliflora","1.9 Subtropical/Tropical Moist Montane Forest"
LAMIACEAE,"Hedeoma crenatum","6 Rocky Areas [e.g. inland cliffs, mountain peaks]"
SAPINDACEAE,"Allophylus membranifolius","1 Forest"
SAPINDACEAE,"Cupania fluminensis","1.6 Subtropical/Tropical Moist Lowland Forest"
SAPINDACEAE,"Cupania fluminensis","3.5 Subtropical/Tropical Dry Shrubland"
MYRTACEAE,"Eugenia itaguahiensis","1.9 Subtropical/Tropical Moist Montane Forest"
MYRTACEAE,"Eugenia itaguahiensis","13.3 Coastal Sand Dunes"
SAPINDACEAE,"Cupania schizoneura","1 Forest"
MELASTOMATACEAE,"Miconia subvernicosa","1.5 Subtropical/Tropical Dry Forest"
MELASTOMATACEAE,"Miconia subvernicosa","1.6 Subtropical/Tropical Moist Lowland Forest"
MELASTOMATACEAE,"Miconia subvernicosa","1.9 Subtropical/Tropical Moist Montane Forest"
SAPINDACEAE,"Matayba leucodyctia","1.6 Subtropical/Tropical Moist Lowland Forest"
SAPINDACEAE,"Matayba talisioides","1 Forest"
DIOSCOREACEAE,"Dioscorea septemnervis","1.9 Subtropical/Tropical Moist Montane Forest"
DIOSCOREACEAE,"Dioscorea sphaeroidea","1.9 Subtropical/Tropical Moist Montane Forest"
RUBIACEAE,"Coussarea friburgensis","1.9 Subtropical/Tropical Moist Montane Forest"
RUBIACEAE,"Coussarea friburgensis","1.6 Subtropical/Tropical Moist Lowland Forest"
SAPINDACEAE,"Serjania fluminensis","3.5 Subtropical/Tropical Dry Shrubland"
SAPINDACEAE,"Serjania hamuligera","1 Forest"
CONNARACEAE,"Connarus marginatus","1 Forest"
IRIDACEAE,"Neomarica northiana","1 Forest"
IRIDACEAE,"Neomarica silvestris","1 Forest"
SAPINDACEAE,"Serjania itatiaiensis","1 Forest"
LAMIACEAE,"Salvia benthamiana","1 Forest"
LAMIACEAE,"Salvia longibracteolata","1 Forest"
LAMIACEAE,"Salvia rivularis","1 Forest"
LAMIACEAE,"Scutellaria tubiflora","1 Forest"
THYMELAEACEAE,"Funifera insulae","1.6 Subtropical/Tropical Moist Lowland Forest"
THYMELAEACEAE,"Funifera brasiliensis","1.6 Subtropical/Tropical Moist Lowland Forest"
THYMELAEACEAE,"Funifera brasiliensis","1.9 Subtropical/Tropical Moist Montane Forest"
SAPOTACEAE,"Pradosia glaziovii","1.6 Subtropical/Tropical Moist Lowland Forest"
SAPOTACEAE,"Pradosia glaziovii","1.9 Subtropical/Tropical Moist Montane Forest"
RUBIACEAE,"Coussarea procumbens","1.6 Subtropical/Tropical Moist Lowland Forest"
RUBIACEAE,"Coussarea procumbens","1.7 Subtropical/Tropical Mangrove Forest Vegetation Above High Tide Level"
RUBIACEAE,"Coussarea procumbens","1.8 Subtropical/Tropical Swamp Forest"
RUBIACEAE,"Coussarea procumbens","1.5 Subtropical/Tropical Dry Forest"
OLACACEAE,"Cathedra grandiflora","1.9 Subtropical/Tropical Moist Montane Forest"
OLACACEAE,"Dulacia singularis","1.6 Subtropical/Tropical Moist Lowland Forest"
OLACACEAE,"Dulacia singularis","1.9 Subtropical/Tropical Moist Montane Forest"
MYRTACEAE,"Eugenia kuhlmanniana","1 Forest"
SAPINDACEAE,"Serjania littoralis","3.5 Subtropical/Tropical Dry Shrubland"
SAPINDACEAE,"Serjania truncata","1 Forest"
MYRTACEAE,"Eugenia marambaiensis","13.3 Coastal Sand Dunes"
DRYOPTERIDACEAE,"Elaphoglossum miersii","1 Forest"
DRYOPTERIDACEAE,"Elaphoglossum mourae","1 Forest"
RUBIACEAE,"Simira walteri","1.9 Subtropical/Tropical Moist Montane Forest"
MYRTACEAE,"Eugenia oxyoentophylla","1 Forest"
HYMENOPHYLLACEAE,"Hymenophyllum sampaioanum","1.9 Subtropical/Tropical Moist Montane Forest"
PTERIDACEAE,"Cheilanthes incisa","1 Forest"
RUBIACEAE,"Simira rubra","1.9 Subtropical/Tropical Moist Montane Forest"
THELYPTERIDACEAE,"Thelypteris refracta","1 Forest"
RUBIACEAE,"Rustia simpsonii","1.9 Subtropical/Tropical Moist Montane Forest"
RUBIACEAE,"Rudgea parvifolia","1.9 Subtropical/Tropical Moist Montane Forest"
MYRTACEAE,"Eugenia pulcherrima","1 Forest"
PTERIDACEAE,"Doryopteris magdalenensis","1 Forest"
RUBIACEAE,"Rudgea macrophylla","1.9 Subtropical/Tropical Moist Montane Forest"
PTERIDACEAE,"Doryopteris quinquelobata","1.6 Subtropical/Tropical Moist Lowland Forest"
RUBIACEAE,"Coussarea speciosa","1.9 Subtropical/Tropical Moist Montane Forest"
MYRTACEAE,"Eugenia strellensis","1 Forest"
PTERIDACEAE,"Doryopteris tijucana","1.6 Subtropical/Tropical Moist Lowland Forest"
RUBIACEAE,"Coussarea strigosipes","1.9 Subtropical/Tropical Moist Montane Forest"
Pteridaceae,"Jamesonia brasiliensis","3.7 Subtropical/Tropical High Altitude Shrubland"
PTERIDACEAE,"Pteris congesta","1 Forest"
MYRTACEAE,"Eugenia strigipes","1.9 Subtropical/Tropical Moist Montane Forest"
PTERIDACEAE,"Doryopteris subsimplex","1.9 Subtropical/Tropical Moist Montane Forest"
MYRTACEAE,"Eugenia violascens","1 Forest"
RUBIACEAE,"Rudgea insignis","1.9 Subtropical/Tropical Moist Montane Forest"
RUBIACEAE,"Coussarea viridis","1.6 Subtropical/Tropical Moist Lowland Forest"
RUBIACEAE,"Coussarea viridis","1.9 Subtropical/Tropical Moist Montane Forest"
POLYPODIACEAE,"Alansmia alfaroi","1 Forest"
MYRTACEAE,"Marlierea capitata","1 Forest"
MYRTACEAE,"Marlierea choriophylla","1 Forest"
POLYPODIACEAE,"Moranopteris xbradei","1 Forest"
RUBIACEAE,"Rudgea erythrocarpa","1.9 Subtropical/Tropical Moist Montane Forest"
MYRTACEAE,"Marlierea estrellensis","1.9 Subtropical/Tropical Moist Montane Forest"
RUBIACEAE,"Faramea anisodonta","1.9 Subtropical/Tropical Moist Montane Forest"
RUBIACEAE,"Faramea anisodonta","1.6 Subtropical/Tropical Moist Lowland Forest"
RUBIACEAE,"Rudgea discolor","1.9 Subtropical/Tropical Moist Montane Forest"
POLYPODIACEAE,"Pecluma imbeana","1.9 Subtropical/Tropical Moist Montane Forest"
POLYPODIACEAE,"Stenogrammitis luetzelburgii","1 Forest"
RUBIACEAE,"Rudgea allophylla","1.9 Subtropical/Tropical Moist Montane Forest"
PODOSTEMACEAE,"Podostemum saldanhanum","1.9 Subtropical/Tropical Moist Montane Forest"
RUBIACEAE,"Faramea aristata","1.6 Subtropical/Tropical Moist Lowland Forest"
RUBIACEAE,"Faramea aristata","1.9 Subtropical/Tropical Moist Montane Forest"
MYRTACEAE,"Marlierea guanabarina","1 Forest"
MYRTACEAE,"Marlierea guanabarina","13.3 Coastal Sand Dunes"
RUBIACEAE,"Randia itatiaiae","1.9 Subtropical/Tropical Moist Montane Forest"
MYRTACEAE,"Marlierea langsdorffii","1 Forest"
THISMIACEAE,"Thismia caudata","1 Forest"
THISMIACEAE,"Thismia fungiformis","1 Forest"
RUBIACEAE,"Psychotria wilkesiana","1.9 Subtropical/Tropical Moist Montane Forest"
THISMIACEAE,"Thismia macahensis","1 Forest"
OLEACEAE,"Chionanthus fluminensis","1 Forest"
RUBIACEAE,"Faramea australis","1 Forest"
RUBIACEAE,"Psychotria ulei","1.9 Subtropical/Tropical Moist Montane Forest"
OLEACEAE,"Chionanthus tenuis","1 Forest"
RUBIACEAE,"Faramea brachyloba","1.6 Subtropical/Tropical Moist Lowland Forest"
MYRTACEAE,"Marlierea occhionii","1 Forest"
RUBIACEAE,"Psychotria tenuinervis","1.9 Subtropical/Tropical Moist Montane Forest"
MYRTACEAE,"Marlierea resupinata","1 Forest"
MYRTACEAE,"Marlierea sessiliflora","1 Forest"
RUBIACEAE,"Faramea calyciflora","1.9 Subtropical/Tropical Moist Montane Forest"
RUBIACEAE,"Faramea calyciflora","1.6 Subtropical/Tropical Moist Lowland Forest"
RUBIACEAE,"Faramea calyciflora","1.5 Subtropical/Tropical Dry Forest"
RUBIACEAE,"Faramea campanularis","1.5 Subtropical/Tropical Dry Forest"
RUBIACEAE,"Psychotria sutericalyx","1.9 Subtropical/Tropical Moist Montane Forest"
MYRTACEAE,"Marlierea silvestris","1 Forest"
RUBIACEAE,"Psychotria subspathacea","1.9 Subtropical/Tropical Moist Montane Forest"
MELASTOMATACEAE,"Mouriri arenicola","1.5 Subtropical/Tropical Dry Forest"
MELASTOMATACEAE,"Pleiochiton glaziovianum","1.9 Subtropical/Tropical Moist Montane Forest"
MELASTOMATACEAE,"Pleiochiton longipetiolatum","1.9 Subtropical/Tropical Moist Montane Forest"
MELASTOMATACEAE,"Pleiochiton magdalenense","1.9 Subtropical/Tropical Moist Montane Forest"
MELASTOMATACEAE,"Pleiochiton micranthum","1.9 Subtropical/Tropical Moist Montane Forest"
MELASTOMATACEAE,"Pleiochiton parvifolium","1.9 Subtropical/Tropical Moist Montane Forest"
Poaceae,"Glaziophyton mirabile","3.7 Subtropical/Tropical High Altitude Shrubland"
MYRTACEAE,"Myrcia dolichopetala","1 Forest"
RUBIACEAE,"Psychotria mineirensis","1.9 Subtropical/Tropical Moist Montane Forest"
MELASTOMATACEAE,"Tibouchina alata","1.9 Subtropical/Tropical Moist Montane Forest"
GESNERIACEAE,"Nematanthus serpens","1 Forest"
RUBIACEAE,"Psychotria mandiocana","1.9 Subtropical/Tropical Moist Montane Forest"
RUBIACEAE,"Psychotria lucidifolia","1.9 Subtropical/Tropical Moist Montane Forest"
MYRTACEAE,"Myrcia neocambessedeana","1 Forest"
RUBIACEAE,"Faramea cardiophylla","1 Forest"
GESNERIACEAE,"Sinningia bulbosa","1 Forest"
RUBIACEAE,"Faramea cordifolia","1 Forest"
GESNERIACEAE,"Sinningia cardinalis","1 Forest"
GESNERIACEAE,"Sinningia cardinalis","6 Rocky Areas [e.g. inland cliffs, mountain peaks]"
RUBIACEAE,"Psychotria friburgensis","1.9 Subtropical/Tropical Moist Montane Forest"
GESNERIACEAE,"Sinningia cochlearis","6 Rocky Areas [e.g. inland cliffs, mountain peaks]"
MYRTACEAE,"Myrcia oreioeca","1.9 Subtropical/Tropical Moist Montane Forest"
GESNERIACEAE,"Sinningia guttata","1 Forest"
FABACEAE,"Lupinus hasslerianus","1.6 Subtropical/Tropical Moist Lowland Forest"
MYRTACEAE,"Myrcia rubiginosa","1 Forest"
FABACEAE,"Lupinus russellianus","1.9 Subtropical/Tropical Moist Montane Forest"
RUBIACEAE,"Psychotria caudata","1.9 Subtropical/Tropical Moist Montane Forest"
GESNERIACEAE,"Sinningia helleri","1 Forest"
MYRTACEAE,"Myrcia stewartiana","1 Forest"
MYRTACEAE,"Myrcia velutiflora","1.9 Subtropical/Tropical Moist Montane Forest"
GESNERIACEAE,"Sinningia hirsuta","1 Forest"
RUBIACEAE,"Faramea diversifolia","1 Forest"
RUBIACEAE,"Faramea filamentosa","1.9 Subtropical/Tropical Moist Montane Forest"
RUBIACEAE,"Faramea filamentosa","1.6 Subtropical/Tropical Moist Lowland Forest"
GESNERIACEAE,"Sinningia lindleyi","1 Forest"
FABACEAE,"Tachigali beaurepairei","1.6 Subtropical/Tropical Moist Lowland Forest"
RUBIACEAE,"Psychotria ampla","1.9 Subtropical/Tropical Moist Montane Forest"
GESNERIACEAE,"Sinningia muscicola","1 Forest"
GESNERIACEAE,"Sinningia pusilla","1 Forest"
FABACEAE,"Zollernia glaziovii","1.6 Subtropical/Tropical Moist Lowland Forest"
RUBIACEAE,"Faramea heteromera","1.6 Subtropical/Tropical Moist Lowland Forest"
RUBIACEAE,"Faramea heteromera","1.9 Subtropical/Tropical Moist Montane Forest"
RUBIACEAE,"Posoqueria laurifolia","1.9 Subtropical/Tropical Moist Montane Forest"
MYRTACEAE,"Myrcia warmingiana","1.9 Subtropical/Tropical Moist Montane Forest"
RUBIACEAE,"Faramea includens","1.9 Subtropical/Tropical Moist Montane Forest"
GESNERIACEAE,"Vanhouttea bradeana","1 Forest"
GESNERIACEAE,"Vanhouttea fruticulosa","1 Forest"
GESNERIACEAE,"Vanhouttea gardneri","1 Forest"
MELASTOMATACEAE,"Tibouchina axillaris","1.6 Subtropical/Tropical Moist Lowland Forest"
MELASTOMATACEAE,"Tibouchina axillaris","1.9 Subtropical/Tropical Moist Montane Forest"
MELASTOMATACEAE,"Tibouchina benthamiana","1.9 Subtropical/Tropical Moist Montane Forest"
MELASTOMATACEAE,"Tibouchina cordifolia","1.9 Subtropical/Tropical Moist Montane Forest"
MELASTOMATACEAE,"Tibouchina cristata","1.9 Subtropical/Tropical Moist Montane Forest"
RUBIACEAE,"Faramea intercedens","1.6 Subtropical/Tropical Moist Lowland Forest"
RUBIACEAE,"Faramea intercedens","12.2 Sandy Shoreline and/or Beaches, Sand Bars, Spits, etc."
MELASTOMATACEAE,"Tibouchina discolor","1.9 Subtropical/Tropical Moist Montane Forest"
MELASTOMATACEAE,"Tibouchina elegans","1.9 Subtropical/Tropical Moist Montane Forest"
MELASTOMATACEAE,"Tibouchina hirsutissima",
MELASTOMATACEAE,"Tibouchina pallida","1.9 Subtropical/Tropical Moist Montane Forest"
MELASTOMATACEAE,"Tibouchina schwackei","1.9 Subtropical/Tropical Moist Montane Forest"
MELASTOMATACEAE,"Tibouchina thereminiana","1.9 Subtropical/Tropical Moist Montane Forest"
MELASTOMATACEAE,"Tibouchina virgata","1.9 Subtropical/Tropical Moist Montane Forest"
MELASTOMATACEAE,"Itatiaia cleistopetala","1.9 Subtropical/Tropical Moist Montane Forest"
RUBIACEAE,"Faramea leucocalyx","1.6 Subtropical/Tropical Moist Lowland Forest"
RUBIACEAE,"Faramea leucocalyx","5.4 Bogs, Marshes, Swamps, Fens, Peatlands [generally over 8 ha]"
RUBIACEAE,"Faramea micrantha","1 Forest"
MYRTACEAE,"Myrciaria pallida","1.9 Subtropical/Tropical Moist Montane Forest"
RUBIACEAE,"Faramea platypoda","1.6 Subtropical/Tropical Moist Lowland Forest"
RUBIACEAE,"Faramea porophylla","1 Forest"
GESNERIACEAE,"Vanhouttea lanata","1 Forest"
MYRTACEAE,"Myrciaria pumila","1.9 Subtropical/Tropical Moist Montane Forest"
RUBIACEAE,"Faramea tinguana","1.6 Subtropical/Tropical Moist Lowland Forest"
RUBIACEAE,"Faramea urophylla","1.9 Subtropical/Tropical Moist Montane Forest"
RUBIACEAE,"Faramea urophylla","1.6 Subtropical/Tropical Moist Lowland Forest"
RUBIACEAE,"Galianthe polygonoides","1.9 Subtropical/Tropical Moist Montane Forest"
RUBIACEAE,"Galianthe polygonoides","1.6 Subtropical/Tropical Moist Lowland Forest"
RUBIACEAE,"Hillia saldanhaei","1.9 Subtropical/Tropical Moist Montane Forest"
RUBIACEAE,"Hillia saldanhaei","1.6 Subtropical/Tropical Moist Lowland Forest"
RUBIACEAE,"Manettia pedunculata","1.9 Subtropical/Tropical Moist Montane Forest"
MYRTACEAE,"Neomitranthes apiculata","1.9 Subtropical/Tropical Moist Montane Forest"
MYRTACEAE,"Neomitranthes riedeliana","1 Forest"
RUBIACEAE,"Manettia parvula","1.9 Subtropical/Tropical Moist Montane Forest"
MYRTACEAE,"Plinia anonyma","1.8 Subtropical/Tropical Swamp Forest"
MYRTACEAE,"Plinia anonyma","1.6 Subtropical/Tropical Moist Lowland Forest"
RUBIACEAE,"Manettia lutescens","1.9 Subtropical/Tropical Moist Montane Forest"
MYRTACEAE,"Plinia ilhensis","13.3 Coastal Sand Dunes"
MYRTACEAE,"Plinia ilhensis","13.1 Sea Cliffs and Rocky Offshore Islands"
RUBIACEAE,"Manettia fimbriata","1.9 Subtropical/Tropical Moist Montane Forest"
RUBIACEAE,"Malanea spicata","1.9 Subtropical/Tropical Moist Montane Forest"
MYRTACEAE,"Plinia martinellii","1 Forest"
RUBIACEAE,"Ixora heterophylla","1.9 Subtropical/Tropical Moist Montane Forest"
RUBIACEAE,"Hindsia violacea","1.9 Subtropical/Tropical Moist Montane Forest"
RUBIACEAE,"Hindsia republicana","1.9 Subtropical/Tropical Moist Montane Forest"
RUBIACEAE,"Hindsia ramosissima","1.9 Subtropical/Tropical Moist Montane Forest"
RUBIACEAE,"Hindsia phyllocalyx","1.9 Subtropical/Tropical Moist Montane Forest"
MYRTACEAE,"Psidium anthomega","1 Forest"
MYRTACEAE,"Psidium arboreum","1 Forest"
RUBIACEAE,"Hindsia glabra","1.9 Subtropical/Tropical Moist Montane Forest"
RUBIACEAE,"Hindsia cucullata","1.9 Subtropical/Tropical Moist Montane Forest"
RUBIACEAE,"Hindsia arianeae","1.9 Subtropical/Tropical Moist Montane Forest"
IRIDACEAE,"Neomarica longifolia","1 Forest"
IRIDACEAE,"Trimezia organensis","6 Rocky Areas [e.g. inland cliffs, mountain peaks]"
VELLOZIACEAE,"Barbacenia brevifolia","6 Rocky Areas [e.g. inland cliffs, mountain peaks]"
VELLOZIACEAE,"Barbacenia fanniae","1 Forest"
VELLOZIACEAE,"Barbacenia foliosa","6 Rocky Areas [e.g. inland cliffs, mountain peaks]"
VELLOZIACEAE,"Barbacenia gaveensis","6 Rocky Areas [e.g. inland cliffs, mountain peaks]"
VELLOZIACEAE,"Barbacenia seubertiana","6 Rocky Areas [e.g. inland cliffs, mountain peaks]"
VELLOZIACEAE,"Barbacenia squamata","6 Rocky Areas [e.g. inland cliffs, mountain peaks]"
GESNERIACEAE,"Sinningia gesneriifolia","1 Forest"
