"family","scientificName","analysis","assessment","category","criteria"
"Verbenaceae","Lippia diamantinensis","done","comments","LC",""
"Verbenaceae","Lippia lasiocalycina","done","open","LC",""
"Melastomataceae","Cambessedesia cambessedesioides","done","comments","VU","B1ab(i,ii,iii,iv,v)"
"Verbenaceae","Lantana gracilis","done","comments","LC",""
"Fabaceae","Chamaecrista gymnothyrsa","done","comments","EN","B1ab(i,ii,iii)+2ab(i,ii,iii)"
"Eriocaulaceae","Actinocephalus nodifer","done","comments","DD",""
"Eriocaulaceae","Actinocephalus robustus","done","comments","EN","B1ab(i,ii,iii)+2ab(i,ii,iii)"
"Eriocaulaceae","Actinocephalus stereophyllus","done","comments","EN","B1ab(iii)+2ab(ii,iii,iv)"
"Lythraceae","Diplusodon leucocalycinus","done","comments","VU","B1ab(i,ii,iii)"
"Lythraceae","Diplusodon nigricans","done","comments","DD",""
"Melastomataceae","Chaetostoma scoparium","done","comments","EN","B1ab(i,ii,iii)+2ab(i,ii,iii)"
"Verbenaceae","Lippia rubella","done","comments","EN","B2ab(i,ii,iii)"
"Araliaceae","Schefflera lucumoides","done","comments","EN","B1ab(i,ii,iii)+2ab(i,ii,iii)"
"ERIOCAULACEAE","Comanthera pignalii","done","comments","CR","B2ab(i,ii,iii,iv)"
"Fabaceae","Albizia robsonii","done","open","EN","B2ab(i,ii,iii,iv,v);E"
"RUBIACEAE","Bradea borrerioides","done","review","EN","B1ab(i,ii,iii,iv,v)+2ab(i,ii,iii,iv,v);D1"
"ERIOCAULACEAE","Syngonanthus incurvifolius","done","review","CR","A2ac;B2ab(i,ii,iii)"
"ERIOCAULACEAE","Syngonanthus vittatus","done","review","EN","B2ab(i,ii,iii)"
"ACANTHACEAE","Justicia clivalis","done","comments","NT",""
"ACANTHACEAE","Poikilacanthus bahiensis","done","comments","NT",""
"ACANTHACEAE","Staurogyne minarum","done","comments","EN","B1ab(i,ii,iii)+2ab(i,ii,iii)"
"ACANTHACEAE","Stenandrium goiasense","done","comments","DD",""
"ACANTHACEAE","Stenandrium irwinii","done","comments","EN","B1ab(i,ii,iii,v)+2ab(i,ii,iii,v)"
"ALISMATACEAE","Echinodorus lanceolatus","done","comments","LC",""
"ALSTROEMERIACEAE","Alstroemeria chapadensis","done","comments","EN","B1ab(i,ii,iii)"
"AMARANTHACEAE","Gomphrena hermogenesii","done","comments","VU","B1ab(iii);D2"
"AMARANTHACEAE","Gomphrena hillii","done","comments","EN","B2ab(i,ii,iii,iv)"
"AMARANTHACEAE","Gomphrena marginata","done","comments","EN","B1ab(i,iii,iv)+2ab(ii,iii,iv)"
"ANNONACEAE","Duguetia rotundifolia","done","comments","DD",""
"APOCYNACEAE","Barjonia grazielae","done","comments","EN","B1ab(i,ii,iii)"
"APOCYNACEAE","Blepharodon hatschbachii","done","comments","EN","B1ab(i,ii,iii)"
"APOCYNACEAE","Ditassa emmerichii","done","open","DD",""
"APOCYNACEAE","Ditassa insignis","done","comments","EN","B1ab(i,ii,iii)"
"APOCYNACEAE","Ditassa obscura","done","comments","EN","B1ab(i,ii,iii)+2ab(i,ii,iii)"
"APOCYNACEAE","Mandevilla rubra","done","comments","EN","B1ab(i,ii,iii)+2ab(i,ii,iii)"
"APOCYNACEAE","Mandevilla semirii","done","comments","EN","B1ab(i,ii,iii)+2ab(i,ii,iii)"
"APOCYNACEAE","Marsdenia neomanarae","done","comments","EN","B1ab(i,ii,iii)"
"APOCYNACEAE","Marsdenia sessilifolia","done","comments","EN","B1ab(i,ii,iii)+2ab(i,ii,iii)"
"APOCYNACEAE","Marsdenia virgultorum","done","comments","DD",""
"APOCYNACEAE","Matelea matogrossensis","done","comments","DD",""
"APOCYNACEAE","Matelea refracta","done","comments","DD",""
"APOCYNACEAE","Minaria campanuliflora","done","comments","CR","B1ab(i,ii,iii)+2ab(i,ii,iii)"
"APOCYNACEAE","Nephradenia filipes","done","comments","CR","B2ab(i,ii,iii)"
"APOCYNACEAE","Oxypetalum habrogynum","done","comments","CR","B2ab(i,ii,iii)"
"APOCYNACEAE","Oxypetalum helios","done","comments","EN","B1ab(i,ii,iii)+2ab(i,ii,iii)"
"APOCYNACEAE","Oxypetalum pardense","done","comments","DD",""
"APOCYNACEAE","Rauvolfia ligustrina","done","comments","LC",""
"APOCYNACEAE","Tassadia geniculata","done","comments","EN","B1ab(i,ii,iii)"
"APOCYNACEAE","Tassadia rizzoana","done","comments","CR","B2ab(i,ii,iii)"
"APODANTHACEAE","Apodanthes minarum","done","comments","EN","B2ab(i,ii,iii,iv)"
"AQUIFOLIACEAE","Ilex mucugensis","done","comments","EN","B1ab(i,ii,iii)+2ab(i,ii,iii)"
"ARACEAE","Anthurium megapetiolatum","done","comments","EN","B2ab(i,ii,iii)"
"ARACEAE","Philodendron cipoense","done","comments","EN","B1ab(i,ii,iii,iv)+2ab(i,ii,iii,iv)"
"ARACEAE","Philodendron pachyphyllum","done","comments","EN","B2ab(i,ii,iii,iv)"
"ARACEAE","Philodendron rhizomatosum","done","comments","EN","B1ab(i,ii,iii)+2ab(i,ii,iii)"
"ARALIACEAE","Schefflera botumirimensis","done","comments","CR","B1ab(i,ii)"
"ARALIACEAE","Schefflera cephalantha","done","comments","CR","B2ab(i,ii,iii)"
"ARALIACEAE","Schefflera fruticosa","done","comments","EN","A4cd;B1ab(i,ii,iii)+2ab(i,ii,iii)"
"ARECACEAE","Attalea pindobassu","done","comments","LC",""
"ARECACEAE","Syagrus werdermannii","done","comments","LC",""
"ASTERACEAE","Aspilia discolor","done","comments","DD",""
"ASTERACEAE","Aspilia goiazensis","done","comments","VU","D2"
"ASTERACEAE","Aspilia hatschbachii","done","comments","DD",""
"ASTERACEAE","Aspilia podophylla","done","comments","DD",""
"ASTERACEAE","Aspilia pseudoyedaea","done","comments","EN","B1ab(iii)+2ab(iii)"
"ASTERACEAE","Bidens edentula","done","comments","EN","B1ab(i,ii,iii)+2ab(i,ii,iii)"
"ASTERACEAE","Calea irwinii","done","comments","EN","B1ab(i,ii,iii)+2b(i,ii,iii)"
"ASTERACEAE","Chrysolaena dusenii","done","comments","EN","B1ab(i,ii,iii)+2ab(i,ii,iii)"
"ASTERACEAE","Dasyphyllum reticulatum","done","comments","NT",""
"ASTERACEAE","Dasyphyllum retinens","done","comments","EN","B2ab(iii)"
"ASTERACEAE","Dasyphyllum trichophyllum","done","comments","VU","B1ab(i,ii,iii)"
"ASTERACEAE","Eremanthus pabstii","done","comments","EN","B1ab(iii)+2ab(iii)"
"ASTERACEAE","Ichthyothere mattogrossensis","done","comments","DD",""
"ASTERACEAE","Ichthyothere petiolata","done","comments","DD",""
"ASTERACEAE","Lessingianthus arachniolepis","done","comments","VU","B2ab(i,iii)"
"ASTERACEAE","Lessingianthus argenteus","done","comments","VU","B1ab(i,ii,iii)"
"ASTERACEAE","Lessingianthus caiapoensis","done","comments","DD",""
"ASTERACEAE","Lessingianthus heringeri","done","comments","EN","B1ab(iii)+2ab(iii)"
"ASTERACEAE","Lessingianthus rugulosus","done","comments","DD",""
"ASTERACEAE","Lessingianthus scaposus","done","comments","DD",""
"ASTERACEAE","Minasia cabralensis","done","comments","EN","B1ab(i,iii)+2ab(i,iii)"
"ASTERACEAE","Minasia lewinsohnii","done","comments","DD",""
"ASTERACEAE","Stenophalium heringeri","done","comments","DD",""
"ASTERACEAE","Stevia resinosa","done","comments","VU","B1ab(iii)"
"ASTERACEAE","Vernonanthura almedae","done","comments","EN","B2ab(i,iii)"
"ASTERACEAE","Vernonanthura lindbergii","done","comments","DD",""
"ASTERACEAE","Wedelia souzae","done","comments","EN","B1ab(i,iii)+2ab(i,iii)"
"BALANOPHORACEAE","Lophophytum rizzoi","done","comments","EN","B1ab(i,ii,iii)+2ab(i,ii,iii)"
"BIGNONIACEAE","Adenocalymma subspicatum","done","comments","EN","B1ab(i,ii,iii,iv)+2ab(i,ii,iii,iv)"
"BIGNONIACEAE","Jacaranda racemosa","done","comments","LC",""
"BIGNONIACEAE","Lundia damazii","done","comments","VU","A4b"
"BROMELIACEAE","Alcantarea burle-marxii","done","comments","DD",""
"BROMELIACEAE","Alcantarea hatschbachii","done","comments","DD",""
"BROMELIACEAE","Cryptanthus leopoldo-horstii","done","comments","DD",""
"BROMELIACEAE","Dyckia argentea","done","comments","EN","B1ab(i,ii,iii)+2ab(i,ii,iii)"
"BROMELIACEAE","Dyckia brachyphylla","done","comments","EN","B1ab(i,ii,iii)+2ab(i,ii,iii)"
"BROMELIACEAE","Dyckia bracteata","done","comments","LC",""
"BROMELIACEAE","Dyckia densiflora","done","comments","DD",""
"BROMELIACEAE","Dyckia elongata","done","comments","DD",""
"BROMELIACEAE","Dyckia mello-barretoi","done","comments","DD",""
"BROMELIACEAE","Dyckia pectinata","done","comments","EN","B1ab(i,ii,iii)+2ab(i,ii,iii)"
"BROMELIACEAE","Encholirium reflexum","done","comments","DD",""
"BROMELIACEAE","Lapanthus itambensis","done","comments","DD",""
"BROMELIACEAE","Orthophytum mello-barretoi","done","comments","VU","B1ab(i,ii,iii)"
"BROMELIACEAE","Orthophytum schulzianum","done","comments","EN","B1ab(i,ii,iii)+2ab(i,ii,iii)"
"BROMELIACEAE","Pitcairnia curvidens","done","comments","NT",""
"BROMELIACEAE","Tillandsia copynii","done","comments","DD",""
"BROMELIACEAE","Tillandsia sprengeliana","done","comments","NT",""
"BROMELIACEAE","Vriesea densiflora","done","comments","EN","B1ab(i,ii,iii)+2ab(i,ii,iii)"
"BURSERACEAE","Protium dawsonii","done","comments","LC",""
"CACTACEAE","Cipocereus pleurocarpus","done","comments","NT",""
"CACTACEAE","Rhipsalis agudoensis","done","comments","DD",""
"CALOPHYLLACEAE","Kielmeyera anisosepala","done","comments","DD",""
"CALOPHYLLACEAE","Kielmeyera juruensis","done","comments","DD",""
"CALOPHYLLACEAE","Kielmeyera similis","done","comments","CR","D1"
"CALOPHYLLACEAE","Kielmeyera trichophora","done","comments","CR","B2ab(i,ii,iii,iv);D1"
"CAMPANULACEAE","Lobelia brasiliensis","done","comments","EN","B1ab(i,ii,iii,iv)+2ab(i,ii,iii)"
"CARYOPHYLLACEAE","Paronychia fasciculata","done","comments","CR","B2ab(i,ii,iii,iv)"
"CELASTRACEAE","Maytenus opaca","done","comments","NT",""
"CHRYSOBALANACEAE","Hirtella juruensis","done","comments","EN","B2ab(i,ii,iii,iv)"
"CHRYSOBALANACEAE","Licania maguirei","done","comments","EN","B2ab(i,ii,iii,iv)"
"COMMELINACEAE","Tripogandra elata","done","open","EN","B2ab(i,ii,iii,iv,v)"
"COMMELINACEAE","Tripogandra warmingiana","done","comments","VU","A4c;B2ab(i,ii,iii,iv)"
"CONNARACEAE","Rourea chrysomalla","done","comments","EN","B1ab(i,ii,iii)+2ab(i,ii,iii)"
"CONNARACEAE","Rourea prancei","done","comments","DD",""
"CONNARACEAE","Rourea tenuis","done","comments","DD",""
"CONVOLVULACEAE","Bonamia kuhlmannii","done","comments","CR","B2ab(i,ii,iii,iv)"
"CONVOLVULACEAE","Evolvulus chapadensis","done","comments","EN","B1ab(i,ii,iii,iv)+2ab(i,ii,iii,iv)"
"CONVOLVULACEAE","Evolvulus gnaphalioides","done","comments","EN","B2ab(i,ii,iii,iv)"
"CONVOLVULACEAE","Ipomoea calyptrata","done","comments","DD",""
"CUCURBITACEAE","Apodanthera villosa","done","comments","VU","B1ab(i,ii,iii,iv)+2ab(i,ii,iii,iv)"
"CUCURBITACEAE","Cayaponia rugosa","done","comments","DD",""
"CUNONIACEAE","Lamanonia brasiliensis","done","comments","EN","B1ab(i,ii,iii)+2ab(i,ii,iii)"
"CYPERACEAE","Abildgaardia papillosa","done","comments","CR","B2ab(ii,iii)"
"CYPERACEAE","Bulbostylis lombardii","done","comments","NT",""
"CYPERACEAE","Cryptangium humile","done","comments","EN","B2ab(iii)"
"CYPERACEAE","Cryptangium polyphyllum","done","comments","EN","B2ab(iii)"
"CYPERACEAE","Cyperus almensis","done","comments","EN","B1ab(iii)+2ab(iii)"
"CYPERACEAE","Eleocharis loefgreniana","done","comments","LC",""
"CYPERACEAE","Eleocharis morroi","done","comments","EN","B1ab(iii)+2ab(iii)"
"CYPERACEAE","Eleocharis olivaceonux","done","comments","EN","B1ab(ii,iii)+2ab(ii,iii)"
"CYPERACEAE","Lagenocarpus adamantinus","done","comments","VU","B1ab(iii)"
"CYPERACEAE","Rhynchospora enmanuelis","done","comments","EN","B1ab(iii)+2ab(iii)"
"CYPERACEAE","Rhynchospora tenuis","done","comments","LC",""
"CYPERACEAE","Scleria cuyabensis","done","comments","NT",""
"EBENACEAE","Diospyros mexiae","done","comments","EN","B1ab(iii)+2ab(iii)"
"ERIOCAULACEAE","Actinocephalus aggregatus","done","comments","DD",""
"ERIOCAULACEAE","Actinocephalus callophyllus","done","comments","DD",""
"ERIOCAULACEAE","Actinocephalus compactus","done","comments","DD",""
"ERIOCAULACEAE","Actinocephalus coutoensis","done","comments","DD",""
"ERIOCAULACEAE","Actinocephalus deflexus","done","comments","EN","B2ab(i,ii,iii)"
"ERIOCAULACEAE","Actinocephalus diffusus","done","comments","DD",""
"ERIOCAULACEAE","Actinocephalus falcifolius","done","comments","EN","B1ab(i,ii,iii)+2ab(i,ii,iii)"
"ERIOCAULACEAE","Actinocephalus fimbriatus","done","comments","DD",""
"ERIOCAULACEAE","Actinocephalus glabrescens","done","comments","DD",""
"ERIOCAULACEAE","Actinocephalus graminifolius","done","comments","DD",""
"ERIOCAULACEAE","Actinocephalus herzogii","done","comments","EN","B1ab(iii)+2ab(iii)"
"ERIOCAULACEAE","Comanthera cipoensis","done","comments","NT",""
"ERIOCAULACEAE","Comanthera circinnata","done","comments","VU","D2"
"ERIOCAULACEAE","Comanthera curralensis","done","comments","VU","B1ab(i,ii,iii)"
"ERIOCAULACEAE","Comanthera floccosa","done","comments","EN","B1ab(iii)+2ab(iii)"
"ERIOCAULACEAE","Comanthera hatschbachii","done","comments","VU","B1ab(i,iii)"
"ERIOCAULACEAE","Eriocaulon aquatile","done","comments","LC",""
"ERIOCAULACEAE","Eriocaulon burchellii","done","comments","EN","B1ab(i,ii,iii)+2ab(i,ii,iii)"
"ERIOCAULACEAE","Eriocaulon cipoense","done","comments","CR","B1ab(iii)+2ab(iii)"
"ERIOCAULACEAE","Eriocaulon griseum","done","comments","DD",""
"ERIOCAULACEAE","Eriocaulon papillosum","done","comments","DD",""
"ERIOCAULACEAE","Leiothrix cipoensis","done","comments","DD",""
"ERIOCAULACEAE","Leiothrix crassifolia","done","comments","LC",""
"ERIOCAULACEAE","Leiothrix distichoclada","done","comments","LC",""
"ERIOCAULACEAE","Leiothrix luxurians","done","open","EN","B1ab(iii)+2ab(iii)"
"ERIOCAULACEAE","Leiothrix rupestris","done","comments","CR","B2ab(iii)"
"ERIOCAULACEAE","Leiothrix sclerophylla","done","comments","VU","D2"
"ERIOCAULACEAE","Leiothrix sinuosa","done","comments","VU","D2"
"ERIOCAULACEAE","Leiothrix spiralis","done","comments","VU","D2"
"ERIOCAULACEAE","Paepalanthus albidus","done","comments","VU","B1ab(i,ii,iii,iv)"
"ERIOCAULACEAE","Paepalanthus albo-tomentosus","done","comments","VU","D2"
"ERIOCAULACEAE","Paepalanthus almasensis","done","comments","EN","B2ab(i,ii,iii)"
"ERIOCAULACEAE","Paepalanthus anamariae","done","comments","DD",""
"ERIOCAULACEAE","Paepalanthus argenteus","done","comments","LC",""
"ERIOCAULACEAE","Paepalanthus aureus","done","comments","VU","D2"
"ERIOCAULACEAE","Paepalanthus barbiger","done","comments","VU","D2"
"ERIOCAULACEAE","Paepalanthus barbulatus","done","comments","VU","D2"
"ERIOCAULACEAE","Paepalanthus cinereus","done","comments","EN","B1ab(iii)+2ab(iii)"
"ERIOCAULACEAE","Paepalanthus complanatus","done","comments","VU","D2"
"ERIOCAULACEAE","Paepalanthus contasensis","done","comments","EN","B1ab(i,ii,iii)+2ab(i,ii,iii)"
"ERIOCAULACEAE","Paepalanthus cordatus","done","comments","CR","B2ab(i,ii,iii)"
"ERIOCAULACEAE","Paepalanthus digitiformis","done","comments","DD",""
"ERIOCAULACEAE","Paepalanthus erigeron","done","comments","VU","B1ab(i,ii,iii)"
"ERIOCAULACEAE","Paepalanthus globulifer","done","comments","EN","B1ab(i,ii,iii)+2ab(i,ii,iii)"
"ERIOCAULACEAE","Paepalanthus harleyi","done","comments","EN","B1ab(iii)+2ab(iii)"
"ERIOCAULACEAE","Paepalanthus homomallus","done","comments","EN","B1ab(iii)+2ab(iii)"
"ERIOCAULACEAE","Paepalanthus inopinatus","done","comments","EN","B1ab(iii)+2ab(iii)"
"ERIOCAULACEAE","Paepalanthus luetzelburgii","done","comments","EN","B1ab(iii)+2ab(iii)"
"ERIOCAULACEAE","Paepalanthus obtusifolius","done","comments","LC",""
"ERIOCAULACEAE","Paepalanthus pulvinatus","done","comments","VU","B1ab(iii)"
"ERIOCAULACEAE","Paepalanthus revolutus","done","comments","EN","B2ab(i,ii,iii)"
"ERIOCAULACEAE","Paepalanthus rupestris","done","comments","EN","B1ab(iii)+2ab(iii)"
"ERIOCAULACEAE","Paepalanthus senaeanus","done","comments","VU","D2"
"ERIOCAULACEAE","Paepalanthus stannardii","done","comments","VU","D2"
"ERIOCAULACEAE","Paepalanthus stuetzelii","done","comments","EN","B1ab(iii)+2ab(iii)"
"ERIOCAULACEAE","Paepalanthus superbus","done","comments","EN","B1ab(iii)+2ab(iii)"
"ERIOCAULACEAE","Paepalanthus urbanianus","done","comments","NT",""
"ERIOCAULACEAE","Syngonanthus bracteosus","done","comments","DD",""
"ERIOCAULACEAE","Syngonanthus hygrotrichus","done","comments","EN","B1ab(iii)+2ab(iii)"
"ERIOCAULACEAE","Syngonanthus latifolius","done","comments","DD",""
"EUPHORBIACEAE","Croton arlineae","done","comments","DD",""
"FABACEAE","Aeschynomene graminoides","done","comments","EN","B1ab(i,ii,iii)+2ab(i,ii,iii)"
"FABACEAE","Aeschynomene simplicifolia","done","comments","VU","D2"
"FABACEAE","Bauhinia candelabriformis","done","comments","CR","B1ab(i,ii,iii)"
"FABACEAE","Bauhinia leptantha","done","comments","VU","B1ab(i,ii,iii)"
"FABACEAE","Bauhinia malacotrichoides","done","comments","VU","D2"
"FABACEAE","Bocoa ratteri","done","comments","DD",""
"FABACEAE","Calliandra gardneri","done","comments","EN","B1ab(i,ii,iii)+2ab(i,ii,iii)"
"FABACEAE","Calliandra imbricata","done","comments","DD",""
"FABACEAE","Calliandra linearis","done","comments","VU","D2"
"FABACEAE","Calliandra santosiana","done","comments","DD",""
"FABACEAE","Calliandra semisepulta","done","comments","VU","D2"
"FABACEAE","Chamaecrista adamantina","done","comments","DD",""
"FABACEAE","Chamaecrista altoana","done","comments","EN","B1ab(i,ii,iii)+2ab(i,ii,iii)"
"FABACEAE","Chamaecrista caiapo","done","comments","DD",""
"FABACEAE","Chamaecrista caracensis","done","comments","DD",""
"FABACEAE","Chamaecrista catapodia","done","comments","DD",""
"FABACEAE","Chamaecrista catiarae","done","comments","DD",""
"FABACEAE","Chamaecrista centiflora","done","comments","DD",""
"FABACEAE","Chamaecrista coradinii","done","comments","VU","D2"
"FABACEAE","Chamaecrista coriacea","done","comments","CR","B2ab(i,ii,iii)"
"FABACEAE","Chamaecrista deltoidea","done","comments","DD",""
"FABACEAE","Chamaecrista dumalis","done","comments","NT",""
"FABACEAE","Chamaecrista ericifolia","done","comments","EN","B1ab(i,ii,iii)"
"FABACEAE","Chamaecrista fuscescens","done","comments","DD",""
"FABACEAE","Chamaecrista geraldii","done","comments","DD",""
"FABACEAE","Chamaecrista gumminans","done","comments","DD",""
"FABACEAE","Chamaecrista hatschbachii","done","comments","EN","B1ab(i,ii,iii)+2ab(i,ii,iii)"
"FABACEAE","Chamaecrista itabiritoana","done","comments","CR","B1ab(i,ii,iii)"
"FABACEAE","Chamaecrista ixodes","open","comments","DD",""
"FABACEAE","Chamaecrista lavradioides","done","comments","VU","D2"
"FABACEAE","Chamaecrista leucopilis","done","comments","DD",""
"FABACEAE","Chamaecrista macedoi","done","comments","EN","B2ab(i,ii,iii)"
"FABACEAE","Chamaecrista ochrosperma","done","comments","VU","B1ab(iii)"
"FABACEAE","Chamaecrista pachyclada","done","comments","DD",""
"FABACEAE","Chamaecrista phyllostachya","done","comments","EN","B1ab(iii)+2ab(iii)"
"FABACEAE","Chamaecrista pilicarpa","done","comments","DD",""
"FABACEAE","Chamaecrista polymorpha","done","comments","DD",""
"FABACEAE","Chamaecrista psoraleopsis","done","comments","DD",""
"FABACEAE","Chamaecrista simplifacta","done","comments","EN","B1ab(iii)+2ab(iii)"
"FABACEAE","Chamaecrista vauthieri","done","comments","EN","B1ab(i,ii,iii)"
"FABACEAE","Chamaecrista virginis","done","comments","DD",""
"FABACEAE","Crotalaria goiasensis","done","comments","NT",""
"FABACEAE","Crotalaria irwinii","done","comments","CR","B1ab(i,ii,iii)"
"FABACEAE","Crotalaria rufipila","done","comments","NT",""
"FABACEAE","Desmodium glabrescens","done","comments","EN","B1ab(i,ii,iii)+2ab(i,ii,iii)"
"FABACEAE","Desmodium juruenense","done","comments","EN","B2ab(i,ii,iii)"
"FABACEAE","Mimosa cryptothamnos","done","comments","EN","B1ab(i,ii,iii)+2ab(i,ii,iii)"
"FABACEAE","Mimosa cyclophylla","done","comments","CR","B2ab(i,ii,iii)"
"FABACEAE","Mimosa decorticans","done","comments","LC",""
"FABACEAE","Mimosa humivagans","done","comments","DD",""
"FABACEAE","Mimosa laniceps","done","comments","DD",""
"FABACEAE","Mimosa lepidophora","done","comments","NT",""
"FABACEAE","Mimosa manidea","done","comments","NT",""
"FABACEAE","Mimosa oligosperma","done","comments","EN","B1ab(i,ii,iii)"
"FABACEAE","Mimosa pycnocoma","done","comments","DD",""
"FABACEAE","Mimosa pyrenea","done","comments","NT",""
"FABACEAE","Mimosa regina","done","comments","EN","B1ab(i,ii,iii,v)+2ab(i,ii,iii,v)"
"FABACEAE","Mimosa setosissima","done","comments","LC",""
"FABACEAE","Mimosa splendida","done","comments","EN","B1ab(i,ii,iii)+2ab(i,ii,iii)"
"FABACEAE","Mimosa ulbrichiana","done","comments","LC",""
"FABACEAE","Mimosa ulei","done","comments","EN","B1ab(i,ii,iii)+2ab(i,ii,iii)"
"FABACEAE","Mimosa virgula","done","comments","NT",""
"FABACEAE","Moldenhawera acuminata","done","comments","EN","B1ab(i,ii,iii)+2ab(i,ii,iii)"
"FABACEAE","Poiretia bahiana","done","comments","LC",""
"FABACEAE","Poiretia marginata","done","comments","EN","B1ab(i,ii,iii)+2ab(i,ii,iii)"
"FABACEAE","Poiretia unifoliolata","done","comments","EN","B1ab(i,ii,iii)+2ab(i,ii,iii)"
"FABACEAE","Zornia glaziovii","done","comments","CR","B2ab(iii)"
"FABACEAE","Zornia subsessilis","done","comments","EN","B2ab(i,ii,iii)"
"GENTIANACEAE","Prepusa montana","done","comments","VU","B1ab(i,ii,iii,iv,v)+2ab(i,ii,iii,iv,v)"
"GENTIANACEAE","Schultesia bahiensis","done","comments","LC",""
"GENTIANACEAE","Schultesia crenuliflora","done","comments","VU","B1ab(i,ii,iii)+2ab(i,ii,iii)"
"GENTIANACEAE","Schultesia irwiniana","done","comments","CR","B2ab(i,ii,iii,iv)"
"GENTIANACEAE","Schultesia pachyphylla","done","comments","LC",""
"GENTIANACEAE","Schultesia piresiana","done","comments","EN","B1ab(i,ii,iii,iv)+2ab(i,ii,iii,iv)"
"GENTIANACEAE","Schultesia sucreana","done","comments","CR","B2ab(ii,iii,iv)"
"GESNERIACEAE","Paliavana plumerioides","done","comments","EN","B1ab(iii)+2ab(iii)"
"LAMIACEAE","Eriope angustifolia","done","comments","CR","B2ab(i,ii,iii)"
"LAMIACEAE","Eriope confusa","done","comments","EN","B1ab(i,ii,iii)+2ab(i,ii,iii)"
"LAMIACEAE","Eriope filifolia","done","comments","EN","B2ab(i,ii,iii,v)"
"LAMIACEAE","Eriope montana","done","comments","VU","B1ab(i,ii,iii)"
"LAMIACEAE","Eriope sincorana","done","comments","NT",""
"LAMIACEAE","Eriope xavantium","done","comments","DD",""
"LAMIACEAE","Hypenia concinna","done","comments","DD",""
"LAMIACEAE","Hypenia paradisi","done","comments","EN","B1ab(i,ii,iii)"
"LAMIACEAE","Hyptidendron dictiocalyx","done","comments","EN","B1ab(i,ii,iii)+2ab(i,ii,iii)"
"LAMIACEAE","Hyptis argyrophylla","done","comments","EN","B1ab(i,ii,iii)+2ab(i,ii,iii)"
"LAMIACEAE","Hyptis asteroides","done","comments","DD",""
"LAMIACEAE","Hyptis caduca","done","comments","DD",""
"LAMIACEAE","Hyptis coriacea","done","comments","DD",""
"LAMIACEAE","Hyptis cuniloides","done","comments","VU","B1ab(i,ii,iii)"
"LAMIACEAE","Hyptis dictyodea","done","comments","VU","B1ab(i,ii,iii);D2"
"LAMIACEAE","Hyptis hagei","done","comments","VU","B1ab(i,ii,iii)"
"LAMIACEAE","Hyptis halimifolia","done","comments","EN","B1ab(i,ii,iii)+2ab(i,ii,iii)"
"LAMIACEAE","Hyptis heterophylla","done","comments","DD",""
"LAMIACEAE","Hyptis humilis","done","comments","EN","B1ab(i,ii,iii)+2ab(i,ii,iii)"
"LAMIACEAE","Hyptis irwinii","done","comments","NT",""
"LAMIACEAE","Hyptis loeseneriana","done","comments","DD",""
"LAMIACEAE","Hyptis nivea","done","comments","EN","B1ab(i,ii,iii,v)+2ab(i,ii,iii,v)"
"LAMIACEAE","Hyptis nubicola","done","comments","EN","B1ab(i,ii,iii)+2ab(i,ii,iii)"
"LAMIACEAE","Hyptis silvinae","done","comments","EN","B1ab(i,ii,iii)+2ab(i,ii,iii)"
"LAMIACEAE","Hyptis tenuifolia","open","comments","NT",""
"LENTIBULARIACEAE","Utricularia huntii","done","comments","DD",""
"LOGANIACEAE","Strychnos cerradoensis","done","comments","DD",""
"LORANTHACEAE","Oryctina eubrachioides","done","comments","EN","B1ab(i,ii,iii,iv)+2ab(i,ii,iii,iv)"
"LORANTHACEAE","Psittacanthus acinarius","done","comments","LC",""
"LORANTHACEAE","Struthanthus microstylus","done","comments","CR","B2ab(i,ii,iii,iv)"
"LORANTHACEAE","Struthanthus planaltinae","done","comments","EN","B1ab(i,ii,iii,iv)+2ab(i,ii,iii,iv)"
"LORANTHACEAE","Struthanthus pusillifolius","done","comments","EN","B1ab(i,ii,iii,iv)+2ab(i,ii,iii,iv)"
"LORANTHACEAE","Struthanthus rufo-furfuraceus","done","comments","DD",""
"LYTHRACEAE","Cuphea anamariae","done","comments","DD",""
"LYTHRACEAE","Cuphea cunninghamiifolia","done","comments","EN","B2ab(i,ii,iii)"
"LYTHRACEAE","Cuphea disperma","done","comments","LC",""
"LYTHRACEAE","Cuphea fuchsiifolia","done","comments","EN","B2ab(i,ii,iii)"
"LYTHRACEAE","Cuphea glareosa","done","comments","NT",""
"LYTHRACEAE","Cuphea lucens","done","comments","DD",""
"LYTHRACEAE","Cuphea potamophila","done","comments","DD",""
"LYTHRACEAE","Cuphea sclerophylla","done","comments","VU","B2ab(i,ii,iii,v)"
"LYTHRACEAE","Cuphea sincorana","done","comments","DD",""
"LYTHRACEAE","Cuphea warmingii","done","comments","DD",""
"LYTHRACEAE","Cuphea xanthopetala","done","comments","DD",""
"LYTHRACEAE","Diplusodon adpressipilus","done","comments","EN","B1ab(i,ii,iii)+2ab(i,ii,iii)"
"LYTHRACEAE","Diplusodon alatus","done","comments","EN","B1ab(i,ii,iii)+2ab(i,ii,iii)"
"LYTHRACEAE","Diplusodon appendiculosus","done","comments","DD",""
"LYTHRACEAE","Diplusodon argenteus","done","comments","EN","B1ab(i,ii,iii)+2ab(i,ii,iii)"
"LYTHRACEAE","Diplusodon bradei","done","comments","VU","B2ab(i,ii,iii)"
"LYTHRACEAE","Diplusodon canastrensis","done","comments","EN","B1ab(i,ii,iii)+2ab(i,ii,iii)"
"LYTHRACEAE","Diplusodon capitalensis","done","comments","EN","B1ab(i,ii,iii)+2ab(i,ii,iii)"
"LYTHRACEAE","Diplusodon capitatus","done","comments","CR","B2ab(i,ii,iii)"
"LYTHRACEAE","Diplusodon chapadensis","done","comments","DD",""
"LYTHRACEAE","Diplusodon decussatus","done","comments","EN","B2ab(i,ii,iii)"
"LYTHRACEAE","Diplusodon floribundus","done","comments","EN","B1ab(i,ii,iii,iv)+2ab(i,ii,iii,iv)"
"LYTHRACEAE","Diplusodon glocimarii","done","comments","EN","B2ab(i,ii,iii)"
"LYTHRACEAE","Diplusodon grahamae","done","comments","DD",""
"LYTHRACEAE","Diplusodon heringeri","done","comments","EN","B1ab(i,ii,iii)+2ab(i,ii,iii)"
"LYTHRACEAE","Diplusodon longipes","done","comments","EN","B1ab(i,ii,iii)+2ab(i,ii,iii)"
"LYTHRACEAE","Diplusodon mattogrossensis","done","comments","EN","B1ab(i,ii,iii)+2ab(i,ii,iii)"
"LYTHRACEAE","Diplusodon mononeuros","done","comments","DD",""
"LYTHRACEAE","Diplusodon parvifolius","done","comments","NT",""
"LYTHRACEAE","Diplusodon petiolatus","done","comments","EN","B1ab(i,ii,iii)+2ab(i,ii,iii)"
"LYTHRACEAE","Diplusodon plumbeus","done","comments","EN","B1ab(i,ii,iii)+2ab(i,ii,iii)"
"LYTHRACEAE","Diplusodon pygmaeus","done","comments","DD",""
"LYTHRACEAE","Diplusodon rosmarinifolius","done","comments","LC",""
"LYTHRACEAE","Diplusodon rotundifolius","done","comments","EN","B1ab(i,ii,iii)+2ab(i,ii,iii)"
"LYTHRACEAE","Diplusodon rupestris","done","comments","DD",""
"LYTHRACEAE","Diplusodon saxatilis","done","comments","DD",""
"LYTHRACEAE","Diplusodon sigillatus","done","comments","EN","B1ab(i,ii,iii)+2ab(i,ii,iii)"
"LYTHRACEAE","Diplusodon sordidus","done","comments","EN","B1ab(i,ii,iii)+2ab(i,ii,iii,v)"
"LYTHRACEAE","Diplusodon thysanosepalus","done","comments","DD",""
"LYTHRACEAE","Diplusodon trigintus","done","comments","EN","B2ab(i,ii,iii)"
"MALPIGHIACEAE","Acmanthera fernandesii","done","open","DD",""
"MALPIGHIACEAE","Amorimia velutina","done","comments","DD",""
"MALPIGHIACEAE","Banisteriopsis arborea","done","comments","VU","B1ab(i,ii,iii,iv)+2ab(i,ii,iii,iv)"
"MALPIGHIACEAE","Banisteriopsis byssacea","done","comments","VU","B1ab(i,ii,iii)"
"MALPIGHIACEAE","Banisteriopsis goiana","done","comments","VU","B1ab(i,ii,iii)"
"MALPIGHIACEAE","Byrsonima cordifolia","done","comments","EN","B2ab(i,ii,iii,iv)"
"MALPIGHIACEAE","Byrsonima hatschbachii","done","comments","VU","D2"
"MALPIGHIACEAE","Janusia christianeae","done","comments","EN","B1ab(i,ii,iii,iv)+2ab(i,ii,iii,iv)"
"MALPIGHIACEAE","Mascagnia aptera","done","comments","CR","B2ab(i,ii,iii,iv)"
"MALPIGHIACEAE","Peixotoa anadenanthera","done","comments","CR","B2ab(i,ii,iii,iv)"
"MALPIGHIACEAE","Peixotoa axillaris","done","comments","CR","B2ab(i,ii,iii,iv)"
"MALPIGHIACEAE","Peixotoa gardneri","done","comments","DD",""
"MALPIGHIACEAE","Peixotoa irwinii","done","comments","CR","B2ab(i,ii,iii,iv)"
"MALPIGHIACEAE","Peixotoa octoflora","done","comments","DD",""
"MALPIGHIACEAE","Pterandra hatschbachii","done","comments","VU","D2"
"MALPIGHIACEAE","Pterandra viridiflora","done","comments","DD",""
"MALPIGHIACEAE","Stigmaphyllon jobertii","done","comments","DD",""
"MELASTOMATACEAE","Cambessedesia pityrophylla","done","comments","EN","B1ab(i,ii,iii,iv)+2ab(i,ii,iii,iv)"
"MELASTOMATACEAE","Cambessedesia salviifolia","done","comments","EN","B1ab(i,ii,iii,iv)+2ab(i,ii,iii,iv)"
"MELASTOMATACEAE","Cambessedesia semidecandra","done","comments","VU","D2"
"MELASTOMATACEAE","Chaetostoma cupressimum","open","comments","DD",""
"MELASTOMATACEAE","Chaetostoma flavum","done","comments","VU","D2"
"MELASTOMATACEAE","Chaetostoma inerme","done","comments","CR","B1ab(iii)+2ab(iii)"
"MELASTOMATACEAE","Chaetostoma selagineum","done","comments","LC",""
"MELASTOMATACEAE","Chaetostoma stenocladon","done","comments","NT",""
"MELASTOMATACEAE","Comolia edmundoi","done","comments","EN","B1ab(i,ii,iii,iv)+2ab(i,ii,iii,iv)"
"MELASTOMATACEAE","Lavoisiera adamantium","done","comments","EN","B1ab(i,ii,iii,iv)+2ab(i,ii,iii,iv)"
"MELASTOMATACEAE","Lavoisiera angustifolia","done","comments","CR","B2ab(i,ii,iii,iv)"
"MELASTOMATACEAE","Lavoisiera bradeana","done","comments","EN","B1ab(i,ii,iii,iv)+2ab(i,ii,iii,iv)"
"MELASTOMATACEAE","Lavoisiera caryophyllea","done","comments","EN","B1ab(i,ii,iii)+2ab(i,ii,iii)"
"MELASTOMATACEAE","Lavoisiera firmula","done","comments","EN","B1ab(i,ii,iii)+2ab(i,ii,iii)"
"MELASTOMATACEAE","Lavoisiera harleyi","done","comments","EN","B1ab(i,ii,iii)+2ab(i,ii,iii)"
"MELASTOMATACEAE","Lavoisiera humilis","done","comments","EN","B1ab(i,ii,iii,iv)+2ab(i,ii,iii,iv)"
"MELASTOMATACEAE","Lavoisiera macrocarpa","done","comments","NT",""
"MELASTOMATACEAE","Lavoisiera mucorifera","done","open","NT",""
"MELASTOMATACEAE","Lavoisiera punctata","done","comments","EN","B1ab(i,ii,iii,iv)+2ab(i,ii,iii,iv)"
"MELASTOMATACEAE","Lavoisiera senaei","done","comments","VU","D2"
"MELASTOMATACEAE","Lavoisiera subulata","done","comments","VU","D2"
"MELASTOMATACEAE","Lavoisiera tetragona","done","comments","CR","B1ab(i,ii,iii,iv)"
"MELASTOMATACEAE","Microlicia balsamifera","done","comments","VU","B1ab(i,ii,iii)"
"MELASTOMATACEAE","Microlicia cipoana","done","comments","EN","B1ab(i,ii,iii)+2ab(i,ii,iii)"
"MELASTOMATACEAE","Microlicia crebropunctata","done","comments","DD",""
"MELASTOMATACEAE","Microlicia giuliettiana","done","comments","NT",""
"MELASTOMATACEAE","Microlicia minima","done","comments","NT",""
"MELASTOMATACEAE","Microlicia monticola","done","comments","NT",""
"MELASTOMATACEAE","Microlicia mucugensis","done","comments","EN","B1ab(i,ii,iii)+2ab(i,ii,iii)"
"MELASTOMATACEAE","Microlicia noblickii","done","comments","EN","B1ab(i,ii,iii,iv)+2ab(i,ii,iii,iv)"
"MELASTOMATACEAE","Microlicia oligochaeta","done","comments","EN","B1ab(i,ii,iii,iv)"
"MELASTOMATACEAE","Microlicia ordinata","done","comments","EN","B1ab(i,ii,iii)+2ab(i,ii,iii)"
"MELASTOMATACEAE","Microlicia petasensis","done","comments","VU","B1ab(i,ii,iii)"
"MELASTOMATACEAE","Microlicia pinheiroi","open","comments","EN","B2ab(i,ii,iii,iv)"
"MELASTOMATACEAE","Microlicia scoparia","done","comments","NT",""
"MELASTOMATACEAE","Microlicia sincorensis","done","comments","VU","B1ab(i,ii,iii)+2ab(i,ii,iii)"
"MELASTOMATACEAE","Microlicia subaequalis","done","comments","EN","B1ab(i,ii,iii)+2ab(i,ii,iii)"
"MELASTOMATACEAE","Microlicia subalata","done","comments","CR","B1ab(i,ii,iii,iv)"
"MELASTOMATACEAE","Microlicia suborbicularifolia","done","comments","EN","B1ab(i,ii,iii,iv)+2ab(i,ii,iii,iv)"
"MELASTOMATACEAE","Microlicia tenuifolia","done","comments","EN","B1ab(i,ii,iii,iv)+2ab(i,ii,iii,iv)"
"MELASTOMATACEAE","Microlicia trichocalycina","done","comments","CR","B2ab(i,ii,iii,iv)"
"MELASTOMATACEAE","Microlicia vernicosa","done","comments","EN","B1ab(i,ii,iii)+2ab(i,ii,iii)"
"MELASTOMATACEAE","Pterolepis rotundifolia","done","comments","EN","B1ab(i,ii,iii,iv)+2ab(i,ii,iii,iv)"
"MELASTOMATACEAE","Trembleya rosmarinoides","done","comments","EN","B1ab(i,ii,iii)+2ab(i,ii,iii)"
"MONIMIACEAE","Macropeplus schwackeanus","done","comments","VU","B1ab(i,ii,iii,iv)"
"MORACEAE","Dorstenia contensis","done","comments","VU","B1ab(i,ii,iii,iv)"
"MORACEAE","Dorstenia strangii","done","comments","CR","B2ab(i,ii,iii,iv)"
"MORACEAE","Ficus carautana","done","comments","EN","B2ab(i,ii,iii,iv)"
"MYRTACEAE","Calycolpus australis","done","comments","EN","B1ab(i,ii,iii)+2ab(i,ii,iii)"
"MYRTACEAE","Plinia nana","done","comments","VU","B1ab(iii)+2ab(iii)"
"MYRTACEAE","Psidium firmum","done","comments","LC",""
"OCHNACEAE","Luxemburgia ciliatibracteata","done","comments","EN","B1ab(i,ii,iii,iv)+2ab(i,ii,iii,iv)"
"OCHNACEAE","Luxemburgia damazioana","done","comments","VU","B1ab(i,ii,iii)+2ab(i,ii,iii)"
"OCHNACEAE","Luxemburgia diciliata","done","comments","EN","B1ab(i,ii,iii)+2ab(i,ii,iii)"
"OCHNACEAE","Luxemburgia hatschbachiana","done","comments","EN","B1ab(i,ii,iii)+2ab(i,ii,iii)"
"OCHNACEAE","Luxemburgia speciosa","done","comments","EN","B1ab(i,ii,iii,iv)+2ab(i,ii,iii,iv)"
"OCHNACEAE","Ouratea acicularis","done","comments","EN","B1ab(i,ii,iii,iv,v)+2ab(i,ii,iii,iv,v)"
"OCHNACEAE","Sauvagesia lanceolata","done","comments","EN","B1ab(i,ii,iii,iv)+2ab(i,ii,iii,iv)"
"OCHNACEAE","Sauvagesia oliveirae","done","comments","CR","B1ab(i,ii,iii)+2ab(i,ii,iii)"
"OCHNACEAE","Sauvagesia ribeiroi","done","comments","EN","B1ab(i,ii,iii,iv)+2ab(i,ii,iii,iv)"
"ORCHIDACEAE","Acianthera amaralii","validation","","",""
"ORCHIDACEAE","Dungsia marcaliana","validation","","",""
"ORCHIDACEAE","Habenaria meeana","validation","","",""
"ORCHIDACEAE","Habenaria pseudohamata","validation","","",""
"ORCHIDACEAE","Hadrolaelia praestans","validation","","",""
"ORCHIDACEAE","Hoffmannseggella pendula","validation","","",""
"ORCHIDACEAE","Hoffmannseggella pfisteri","validation","","",""
"ORCHIDACEAE","Leptotes vellozicola","validation","","",""
"ORCHIDACEAE","Sarcoglottis riocontensis","validation","","",""
"OROBANCHACEAE","Esterhazya nanuzae","done","comments","EN","B1ab(i,ii,iii,iv)+2ab(i,ii,iii,iv)"
"OROBANCHACEAE","Physocalyx scaberrimus","done","comments","EN","B1ab(i,ii,iii,iv)+2ab(i,ii,iii,iv)"
"OXALIDACEAE","Oxalis areolata","done","comments","DD",""
"OXALIDACEAE","Oxalis pretoensis","done","comments","DD",""
"OXALIDACEAE","Oxalis veadeirosensis","done","comments","DD",""
"PASSIFLORACEAE","Passiflora hypoglauca","done","comments","EN","B1ab(i,ii,iii)+2ab(i,ii,iii)"
"PASSIFLORACEAE","Passiflora mucugeana","done","comments","EN","B1ab(iii)+2ab(iii)"
"PIPERACEAE","Peperomia warmingii","done","comments","NT",""
"PLANTAGINACEAE","Angelonia pratensis","done","comments","EN","B2ab(i,ii,iii)"
"POACEAE","Andropogon campestris","done","comments","DD",""
"POACEAE","Axonopus aureus","done","comments","LC",""
"POACEAE","Axonopus grandifolius","done","comments","VU","A2c;B1ab(i,iii)"
"POACEAE","Dichanthelium aequivaginatum","done","comments","NT",""
"POACEAE","Dichanthelium assurgens","done","comments","NT",""
"POACEAE","Dichanthelium congestum","done","comments","DD",""
"POACEAE","Dichanthelium sendulskyii","done","comments","DD",""
"POACEAE","Digitaria chaseae","done","comments","DD",""
"POACEAE","Digitaria pampinosa","done","comments","EN","B1ab(i,ii,iii,iv)+2ab(i,ii,iii,iv)"
"POACEAE","Guadua magna","done","comments","CR","B1ab(i,ii,iii,iv)"
"POACEAE","Mesosetum alatum","done","comments","EN","B1ab(i,ii,iii)+2ab(i,ii,iii)"
"POACEAE","Mesosetum longiaristatum","done","comments","EN","B1ab(i,ii,iii)+2ab(i,ii,iii)"
"POACEAE","Ophiochloa bryoides","done","comments","CR","B1ab(i,ii,iii)"
"POACEAE","Otachyrium piligerum","done","comments","EN","B1ab(i,ii,iii)+2ab(i,ii,iii)"
"POACEAE","Panicum ephemeroides","done","comments","DD",""
"POACEAE","Panicum noterophilum","done","comments","EN","B1ab(i,ii,iii)+2ab(i,ii,iii)"
"POACEAE","Panicum nutabundum","done","comments","DD",""
"POACEAE","Paspalum biaristatum","done","comments","CR","B1ab(i,ii,iii)+2ab(i,ii,iii)"
"POACEAE","Paspalum brachytrichum","done","comments","NT",""
"POACEAE","Paspalum burmanii","done","comments","DD",""
"POACEAE","Paspalum cachimboense","done","comments","DD",""
"POACEAE","Paspalum filgueirasii","done","comments","DD",""
"POACEAE","Paspalum longiaristatum","done","comments","VU","D2"
"POACEAE","Paspalum petrense","done","comments","EN","B1ab(i,iii)+2ab(i,ii,iii)"
"POACEAE","Paspalum vallsii","done","comments","DD",""
"POACEAE","Rheochloa scabrifolia","done","comments","DD",""
"POACEAE","Rupichloa acuminata","done","comments","DD",""
"POACEAE","Sporobolus hians","done","comments","CR","B2ab(i,ii,iii)"
"POACEAE","Sporobolus paucifolius","done","comments","DD",""
"POACEAE","Streptostachys lanciflora","done","comments","DD",""
"POLYGALACEAE","Asemeia marquesiana","done","comments","EN","B1ab(i,ii,iii,iv)+2ab(i,ii,iii,iv)"
"POLYGALACEAE","Asemeia pohliana","done","comments","CR","B2ab(i,ii,iii)"
"POLYGALACEAE","Polygala apparicioi","done","comments","EN","B1ab(i,ii,iii)+2ab(i,ii,iii)"
"POLYGALACEAE","Polygala asperuloides","done","comments","LC",""
"POLYGALACEAE","Polygala bevilacquai","done","comments","CR","B2ab(i,ii,iii)"
"POLYGALACEAE","Polygala grazielae","done","comments","CR","B2ab(i,ii,iii)"
"POLYGALACEAE","Polygala irwinii","done","comments","NT",""
"POLYGALACEAE","Polygala juncea","done","comments","EN","B1ab(i,ii,iii)+2ab(i,ii,iii)"
"POLYGALACEAE","Polygala malmeana","done","comments","EN","B1ab(i,ii,iii,iv)+2ab(i,ii,iii,iv)"
"POLYGALACEAE","Polygala patens","done","comments","EN","B1ab(i,ii,iii)+2ab(i,ii,iii)"
"POLYGALACEAE","Polygala pseudocoriacea","done","comments","CR","B2ab(i,ii,iii)"
"POLYGALACEAE","Polygala pseudoerica","done","comments","EN","B1ab(i,ii,iii,iv)+2ab(i,ii,iii,iv)"
"POLYGALACEAE","Polygala suganumae","done","comments","CR","B2ab(i,ii,iii,iv)"
"POLYGALACEAE","Polygala trifurcata","done","comments","EN","B1ab(i,ii,iii)+2ab(i,ii,iii)"
"POLYGALACEAE","Polygala vollii","done","comments","EN","B1ab(i,ii,iii,iv)+2ab(i,ii,iii,iv)"
"POLYGALACEAE","Securidaca acuminata","done","comments","DD",""
"POLYGONACEAE","Coccoloba cereifera","done","comments","EN","B1ab(i,ii,iii,iv)+2ab(i,ii,iii,iv)"
"PRIMULACEAE","Myrsine cipoensis","done","comments","DD",""
"RHABDODENDRACEAE","Rhabdodendron gardneranum","done","comments","DD",""
"RUBIACEAE","Borreria amapaensis","done","comments","DD",""
"RUBIACEAE","Borreria burchellii","done","comments","DD",""
"RUBIACEAE","Borreria gracillima","done","comments","NT",""
"RUBIACEAE","Borreria guimaraesensis","done","comments","DD",""
"RUBIACEAE","Borreria irwiniana","done","comments","DD",""
"RUBIACEAE","Borreria paulista","done","comments","VU","A2c"
"RUBIACEAE","Borreria rosmarinifolia","done","comments","DD",""
"RUBIACEAE","Borreria tocantinsiana","done","comments","DD",""
"RUBIACEAE","Diodia macrophylla","done","comments","DD",""
"RUBIACEAE","Galianthe macedoi","done","comments","EN","B2ab(ii,iii)"
"RUBIACEAE","Galianthe matogrossiana","done","comments","DD",""
"RUBIACEAE","Mitracarpus pusillus","done","comments","CR","B1ab(i,iii)"
"RUBIACEAE","Psyllocarpus schwackei","done","comments","VU","B1ab(i,ii,iii)"
"RUBIACEAE","Staelia tocantinsiana","done","comments","EN","B2ab(i,ii,iii)"
"SANTALACEAE","Phoradendron anamariae","done","comments","CR","B2ab(i,ii,iii)"
"SANTALACEAE","Phoradendron dimerostachys","done","comments","EN","B2ab(i,ii,iii,iv)"
"SANTALACEAE","Phoradendron virens","done","comments","CR","B1ab(i,ii,iii,iv)"
"SCHOEPFIACEAE","Schoepfia velutina","done","comments","DD",""
"SCROPHULARIACEAE","Buddleja longiflora","done","comments","CR","B1ab(i,ii,iii,iv)"
"SCROPHULARIACEAE","Buddleja speciosissima","done","comments","VU","B1ab(i,ii,iii,iv)+2ab(i,ii,iii,iv)"
"PLANTAGINACEAE","Philcoxia goiasensis","done","comments","DD",""
"PLANTAGINACEAE","Philcoxia minensis","done","comments","EN","B1ab(i,ii,iii,iv)+2ab(i,ii,iii,iv)"
"SOLANACEAE","Brunfelsia rupestris","done","comments","VU","B1ab(i,ii,iii)+2ab(i,ii,iii)"
"SOLANACEAE","Solanum eitenii","done","comments","CR","B1ab(i,ii,iii,iv)+2ab(i,ii,iii,iv)"
"SYMPLOCACEAE","Symplocos glaberrima","done","comments","EN","B1ab(i,ii,iii,iv)+2ab(i,ii,iii,iv)"
"SYMPLOCACEAE","Symplocos insolita","done","comments","EN","B1ab(i,ii,iii,iv)+2ab(i,ii,iii,iv)"
"SYMPLOCACEAE","Symplocos saxatilis","done","comments","CR","B1ab(i,iii)"
"TURNERACEAE","Piriqueta araguaiana","done","comments","DD",""
"TURNERACEAE","Piriqueta caiapoensis","done","comments","EN","B1ab(i,ii,iii)+2ab(i,ii,iii)"
"TURNERACEAE","Piriqueta cristobaliae","done","comments","DD",""
"TURNERACEAE","Piriqueta emasensis","done","comments","DD",""
"TURNERACEAE","Piriqueta lourteigiae","done","comments","DD",""
"TURNERACEAE","Turnera asymmetrica","done","comments","DD",""
"TURNERACEAE","Turnera cipoensis","done","comments","VU","B1ab(i,ii,iii)"
"TURNERACEAE","Turnera coccinea","done","comments","EN","B1ab(i,ii,iii,iv)+2ab(i,ii,iii,iv)"
"TURNERACEAE","Turnera collotricha","done","comments","CR","B1ab(i,iii)"
"TURNERACEAE","Turnera coriacea","done","comments","EN","B1ab(i,ii,iii)"
"TURNERACEAE","Turnera elliptica","done","comments","DD",""
"TURNERACEAE","Turnera foliosa","done","comments","EN","B1ab(i,ii,iii)+2ab(i,ii,iii)"
"TURNERACEAE","Turnera gardneriana","done","comments","DD",""
"TURNERACEAE","Turnera ignota","done","comments","CR","B2ab(i,ii,iii)"
"TURNERACEAE","Turnera luetzelburgii","done","comments","VU","B1ab(i,ii,iii)"
"TURNERACEAE","Turnera pinifolia","done","comments","EN","B1ab(i,ii,iii)+2ab(i,ii,iii)"
"TURNERACEAE","Turnera princeps","done","comments","DD",""
"TURNERACEAE","Turnera reginae","done","comments","DD",""
"TURNERACEAE","Turnera revoluta","done","comments","EN","B1ab(i,ii,iii)+2ab(i,ii,iii)"
"TURNERACEAE","Turnera riedeliana","done","comments","CR","B2ab(i,ii,iii)"
"VELLOZIACEAE","Barbacenia andersonii","done","comments","EN","B1ab(i,ii,iii)+2ab(i,ii,iii)"
"VELLOZIACEAE","Barbacenia blackii","done","comments","VU","A2c;B1ab(i,ii,iii)"
"VELLOZIACEAE","Barbacenia contasana","done","comments","EN","B1ab(i,ii,iii)+2ab(i,iii)"
"VELLOZIACEAE","Barbacenia cylindrica","done","comments","CR","B2ab(ii,iii)"
"VELLOZIACEAE","Barbacenia fulva","done","comments","EN","B2ab(ii,iii)"
"VELLOZIACEAE","Barbacenia glabra","done","comments","EN","B1ab(i,ii,iii)+2ab(i,ii,iii)"
"VELLOZIACEAE","Barbacenia hatschbachii","done","comments","EN","B1ab(i,iii)"
"VELLOZIACEAE","Barbacenia lymansmithii","done","comments","CR","B2ab(i,ii,iii)"
"VELLOZIACEAE","Barbacenia minima","done","comments","DD",""
"VELLOZIACEAE","Barbacenia reflexa","done","comments","CR","B2ab(i,ii,iii)"
"VELLOZIACEAE","Barbacenia regis","done","comments","EN","B1ab(i,ii,iii)+2ab(i,ii,iii)"
"VELLOZIACEAE","Barbacenia umbrosa","done","comments","EN","B1ab(i,ii,iii)+2ab(i,ii,iii)"
"VELLOZIACEAE","Barbacenia williamsii","done","comments","EN","B1ab(i,iii)"
"VELLOZIACEAE","Vellozia bradei","done","comments","CR","B2ab(i,ii,iii)"
"VELLOZIACEAE","Vellozia costata","done","comments","DD",""
"VELLOZIACEAE","Vellozia crinita","done","comments","EN","B1ab(i,ii,iii)+2ab(i,ii,iii)"
"VELLOZIACEAE","Vellozia exilis","done","comments","EN",""
"VELLOZIACEAE","Vellozia graomogolensis","done","comments","DD",""
"VELLOZIACEAE","Vellozia luteola","done","open","EN","B2ab(i,ii,iii)"
"VELLOZIACEAE","Vellozia maxillarioides","done","comments","EN","A2c;B1ab(i,ii,iii)+2ab(i,ii,iii)"
"VELLOZIACEAE","Vellozia prolifera","done","comments","CR","B2ab(i,ii,iii)"
"VELLOZIACEAE","Vellozia sellowii","done","comments","EN","B1ab(i,ii,iii)+2ab(i,ii,iii)"
"VELLOZIACEAE","Vellozia spiralis","done","comments","EN","B1ab(i,ii,iii)+2ab(i,ii,iii)"
"VELLOZIACEAE","Vellozia tillandsioides","done","comments","CR","B1ab(i,iii)"
"VELLOZIACEAE","Vellozia torquata","done","comments","DD",""
"VERBENACEAE","Bouchea chascanoides","done","open","DD",""
"VERBENACEAE","Bouchea fluminensis","done","comments","LC",""
"VERBENACEAE","Lippia ciliata","done","comments","DD",""
"VERBENACEAE","Lippia duartei","done","comments","CR","B1ab(i,ii,iii)"
"VERBENACEAE","Lippia gardneriana","done","comments","VU","B2ab(i,ii,iii)"
"VERBENACEAE","Lippia grandiflora","done","comments","VU","B2ab(i,ii,iii)"
"VERBENACEAE","Lippia macedoi","done","comments","EN","B1ab(i,ii,iii)+2ab(i,ii,iii)"
"VERBENACEAE","Stachytarpheta ajugifolia","done","comments","EN","B2ab(i,ii,iii,iv)"
"VERBENACEAE","Stachytarpheta bicolor","done","comments","LC",""
"VERBENACEAE","Stachytarpheta discolor","done","comments","EN","B1ab(i,ii,iii)+2b(i,ii,iii)"
"VERBENACEAE","Stachytarpheta froesii","done","comments","EN","B1ab(i,ii,iii)+2ab(i,ii,iii)"
"VERBENACEAE","Stachytarpheta galactea","done","comments","DD",""
"VERBENACEAE","Stachytarpheta integrifolia","done","comments","EN","B1ab(i,ii,iii)+2ab(i,ii,iii)"
"VERBENACEAE","Stachytarpheta itambensis","done","comments","EN","B1ab(i,ii,iii)+2ab(i,ii,iii)"
"VERBENACEAE","Stachytarpheta lacunosa","done","comments","VU","B2ab(i,ii,iii)"
"VERBENACEAE","Stachytarpheta lychnitis","done","comments","VU","B1ab(i,ii,iii)"
"VERBENACEAE","Stachytarpheta monachinoi","done","comments","EN","B1ab(i,ii,iii)+2ab(i,ii,iii)"
"VERBENACEAE","Stachytarpheta pohliana","done","comments","DD",""
"VOCHYSIACEAE","Callisthene erythroclada","done","comments","VU","B1ab(iii)+2ab(iii)"
"VOCHYSIACEAE","Qualea elegans","done","comments","EN","B1ab(i,ii,iii)+2ab(i,ii,iii)"
"VOCHYSIACEAE","Vochysia petraea","done","comments","EN","B1ab(i,ii,iii)+2ab(i,ii,iii)"
"VOCHYSIACEAE","Vochysia pygmaea","done","comments","EN","B1ab(iii)+2ab(iii)"
"VOCHYSIACEAE","Vochysia rotundifolia","done","comments","EN","B1ab(i,ii,iii)+2ab(i,ii,iii)"
"XYRIDACEAE","Xyris archeri","done","comments","EN","B1ab(i,ii,iii,v)+2ab(i,ii,iii,v)"
"XYRIDACEAE","Xyris diaphanobracteata","done","comments","EN","B1ab(i,ii,iii,v)+2ab(i,ii,iii,v)"
"XYRIDACEAE","Xyris goyazensis","done","comments","EN","B2ab(i,ii,iii,v)"
"XYRIDACEAE","Xyris itambensis","done","comments","DD",""
"XYRIDACEAE","Xyris jataiana","done","comments","DD",""
"XYRIDACEAE","Xyris lanuginosa","done","comments","EN","B2ab(ii,iii,v)"
"XYRIDACEAE","Xyris mertensiana","done","comments","EN","B2ab(i,ii,iii,v)"
"XYRIDACEAE","Xyris obcordata","done","comments","EN","B1ab(i,ii,iii)+2ab(i,ii,iii)"
"XYRIDACEAE","Xyris paradisiaca","done","comments","EN","B1ab(i,ii,iii,v)+2ab(i,ii,iii,v)"
"XYRIDACEAE","Xyris picea","done","comments","EN","B1ab(i,ii,iii)+2ab(i,ii,iii)"
"XYRIDACEAE","Xyris pranceana","done","comments","DD",""
"XYRIDACEAE","Xyris rupicola","done","comments","EN","B1ab(i,ii,iii,v)"
"XYRIDACEAE","Xyris spectabilis","done","comments","EN","B2ab(i,ii,iii,v)"
"XYRIDACEAE","Xyris subsetigera","done","comments","EN","B1ab(i,ii,iii,v)"
"XYRIDACEAE","Xyris veruina","done","comments","EN","B1ab(i,ii,iii,v)"
"XYRIDACEAE","Xyris vestita","done","comments","VU","B2ab(i,iii,v)"
"XYRIDACEAE","Xyris villosicarinata","done","comments","DD",""
"ERIOCAULACEAE","Leiothrix fulgida var. milho-verdensis","done","comments","EN","B1ab(i,ii,iii)+2ab(i,ii,iii)"
"","","open","","",""
"","","open","","",""
