family,scientificName,bioma
ERIOCAULACEAE,"Comanthera pignalii",Cerrado
ERIOCAULACEAE,"Comanthera pignalii",Caatinga
Fabaceae,"Albizia robsonii","Mata Atlântica"
RUBIACEAE,"Bradea borrerioides","Mata Atlântica"
BROMELIACEAE,"Encholirum splendidum",Cerrado
BROMELIACEAE,"Encholirium splendidum",Cerrado
ERIOCAULACEAE,"Syngonanthus incurvifolius",Cerrado
ERIOCAULACEAE,"Syngonanthus vittatus",Cerrado
CYPERACEAE,"Abildgaardia papillosa",Cerrado
CYPERACEAE,"Abildgaardia papillosa",Caatinga
ORCHIDACEAE,"Acianthera amaralii",Cerrado
MALPIGHIACEAE,"Acmanthera fernandesii",Cerrado
ERIOCAULACEAE,"Actinocephalus aggregatus",Cerrado
ERIOCAULACEAE,"Actinocephalus callophyllus",Cerrado
ERIOCAULACEAE,"Actinocephalus compactus",Cerrado
ERIOCAULACEAE,"Actinocephalus coutoensis",Cerrado
ERIOCAULACEAE,"Actinocephalus deflexus",Cerrado
ERIOCAULACEAE,"Actinocephalus diffusus",Cerrado
ERIOCAULACEAE,"Actinocephalus falcifolius",Cerrado
ERIOCAULACEAE,"Actinocephalus fimbriatus",Cerrado
ERIOCAULACEAE,"Actinocephalus glabrescens",Cerrado
ERIOCAULACEAE,"Actinocephalus graminifolius",Cerrado
ERIOCAULACEAE,"Actinocephalus herzogii",Cerrado
ERIOCAULACEAE,"Actinocephalus nodifer",Cerrado
ERIOCAULACEAE,"Actinocephalus robustus",Cerrado
ERIOCAULACEAE,"Actinocephalus stereophyllus",Cerrado
BIGNONIACEAE,"Adenocalymma subspicatum",Cerrado
BIGNONIACEAE,"Adenocalymma subspicatum",Caatinga
FABACEAE,"Aeschynomene graminoides",Cerrado
FABACEAE,"Aeschynomene simplicifolia",Cerrado
BROMELIACEAE,"Alcantarea burle-marxii",Cerrado
BROMELIACEAE,"Alcantarea burle-marxii","Mata Atlântica"
BROMELIACEAE,"Alcantarea hatschbachii",Cerrado
ALSTROEMERIACEAE,"Alstroemeria chapadensis",Cerrado
POACEAE,"Andropogon campestris",Cerrado
PLANTAGINACEAE,"Angelonia pratensis",Cerrado
ARACEAE,"Anthurium megapetiolatum",Cerrado
ARACEAE,"Anthurium megapetiolatum","Mata Atlântica"
CUCURBITACEAE,"Apodanthera villosa",Cerrado
CUCURBITACEAE,"Apodanthera villosa",Caatinga
APODANTHACEAE,"Apodanthes minarum",Cerrado
POLYGALACEAE,"Asemeia marquesiana",Cerrado
POLYGALACEAE,"Asemeia pohliana",Cerrado
ASTERACEAE,"Aspilia discolor","Pampa (Campos Sulinos)"
ASTERACEAE,"Aspilia goiazensis",Cerrado
ASTERACEAE,"Aspilia hatschbachii",Cerrado
ASTERACEAE,"Aspilia podophylla",Cerrado
ASTERACEAE,"Aspilia pseudoyedaea",Cerrado
ARECACEAE,"Attalea pindobassu",Cerrado
ARECACEAE,"Attalea pindobassu",Caatinga
POACEAE,"Axonopus aureus",Amazônia
POACEAE,"Axonopus aureus","Mata Atlântica"
POACEAE,"Axonopus aureus",Cerrado
POACEAE,"Axonopus aureus",Caatinga
POACEAE,"Axonopus grandifolius",Caatinga
POACEAE,"Axonopus grandifolius",Cerrado
MALPIGHIACEAE,"Banisteriopsis arborea",Cerrado
MALPIGHIACEAE,"Banisteriopsis goiana",Cerrado
VELLOZIACEAE,"Barbacenia andersonii",Cerrado
VELLOZIACEAE,"Barbacenia blackii",Cerrado
VELLOZIACEAE,"Barbacenia contasana",Cerrado
VELLOZIACEAE,"Barbacenia contasana",Caatinga
VELLOZIACEAE,"Barbacenia cylindrica",Cerrado
VELLOZIACEAE,"Barbacenia fulva",Cerrado
VELLOZIACEAE,"Barbacenia glabra",Cerrado
VELLOZIACEAE,"Barbacenia hatschbachii",Cerrado
VELLOZIACEAE,"Barbacenia lymansmithii",Cerrado
VELLOZIACEAE,"Barbacenia minima",Cerrado
VELLOZIACEAE,"Barbacenia reflexa",Cerrado
VELLOZIACEAE,"Barbacenia regis",Cerrado
VELLOZIACEAE,"Barbacenia regis",Caatinga
VELLOZIACEAE,"Barbacenia umbrosa",Cerrado
VELLOZIACEAE,"Barbacenia williamsii",Cerrado
APOCYNACEAE,"Barjonia grazielae",Cerrado
FABACEAE,"Bauhinia candelabriformis",Cerrado
FABACEAE,"Bauhinia leptantha",Cerrado
FABACEAE,"Bauhinia malacotrichoides",Cerrado
ASTERACEAE,"Bidens edentula",Cerrado
APOCYNACEAE,"Blepharodon hatschbachii",Cerrado
FABACEAE,"Bocoa ratteri",Cerrado
CONVOLVULACEAE,"Bonamia kuhlmannii",Cerrado
CONVOLVULACEAE,"Bonamia kuhlmannii",Amazônia
RUBIACEAE,"Borreria amapaensis",Cerrado
RUBIACEAE,"Borreria burchellii",Cerrado
RUBIACEAE,"Borreria gracillima",Cerrado
RUBIACEAE,"Borreria guimaraesensis",Cerrado
RUBIACEAE,"Borreria irwiniana",Cerrado
RUBIACEAE,"Borreria paulista",Cerrado
RUBIACEAE,"Borreria rosmarinifolia",Cerrado
RUBIACEAE,"Borreria tocantinsiana",Cerrado
VERBENACEAE,"Bouchea chascanoides",Cerrado
VERBENACEAE,"Bouchea fluminensis",Cerrado
VERBENACEAE,"Bouchea fluminensis",Amazônia
VERBENACEAE,"Bouchea fluminensis","Mata Atlântica"
SOLANACEAE,"Brunfelsia rupestris",Cerrado
SCROPHULARIACEAE,"Buddleja longiflora","Mata Atlântica"
SCROPHULARIACEAE,"Buddleja speciosissima","Mata Atlântica"
CYPERACEAE,"Bulbostylis lombardii",Cerrado
MALPIGHIACEAE,"Byrsonima cordifolia",Cerrado
MALPIGHIACEAE,"Byrsonima hatschbachii",Cerrado
ASTERACEAE,"Calea irwinii",Cerrado
FABACEAE,"Calliandra gardneri",Cerrado
FABACEAE,"Calliandra imbricata",Cerrado
FABACEAE,"Calliandra linearis",Cerrado
FABACEAE,"Calliandra santosiana",Cerrado
FABACEAE,"Calliandra semisepulta",Cerrado
VOCHYSIACEAE,"Callisthene erythroclada",Cerrado
MYRTACEAE,"Calycolpus australis",Cerrado
MELASTOMATACEAE,"Cambessedesia cambessedesioides",Cerrado
MELASTOMATACEAE,"Cambessedesia pityrophylla",Cerrado
MELASTOMATACEAE,"Cambessedesia salviifolia",Cerrado
MELASTOMATACEAE,"Cambessedesia semidecandra",Cerrado
CUCURBITACEAE,"Cayaponia rugosa",Cerrado
MELASTOMATACEAE,"Chaetostoma flavum",Cerrado
MELASTOMATACEAE,"Chaetostoma inerme",Cerrado
MELASTOMATACEAE,"Chaetostoma scoparium",Cerrado
MELASTOMATACEAE,"Chaetostoma selagineum",Cerrado
MELASTOMATACEAE,"Chaetostoma stenocladon",Cerrado
FABACEAE,"Chamaecrista adamantina",Cerrado
FABACEAE,"Chamaecrista altoana",Cerrado
FABACEAE,"Chamaecrista caiapo",Cerrado
FABACEAE,"Chamaecrista caracensis",Cerrado
FABACEAE,"Chamaecrista catapodia",Cerrado
FABACEAE,"Chamaecrista catiarae",Cerrado
FABACEAE,"Chamaecrista centiflora",Cerrado
FABACEAE,"Chamaecrista coradinii",Caatinga
FABACEAE,"Chamaecrista coradinii",Cerrado
FABACEAE,"Chamaecrista coriacea",Cerrado
FABACEAE,"Chamaecrista deltoidea",Cerrado
FABACEAE,"Chamaecrista dumalis",Caatinga
FABACEAE,"Chamaecrista dumalis",Cerrado
FABACEAE,"Chamaecrista dumalis",Amazônia
FABACEAE,"Chamaecrista ericifolia",Cerrado
FABACEAE,"Chamaecrista fuscescens",Cerrado
FABACEAE,"Chamaecrista geraldii",Cerrado
FABACEAE,"Chamaecrista gumminans",Cerrado
FABACEAE,"Chamaecrista gymnothyrsa",Cerrado
FABACEAE,"Chamaecrista hatschbachii",Cerrado
FABACEAE,"Chamaecrista itabiritoana",Cerrado
FABACEAE,"Chamaecrista ixodes",Cerrado
FABACEAE,"Chamaecrista lavradioides",Cerrado
FABACEAE,"Chamaecrista leucopilis",Cerrado
FABACEAE,"Chamaecrista macedoi",Cerrado
FABACEAE,"Chamaecrista ochrosperma",Cerrado
FABACEAE,"Chamaecrista pachyclada",Cerrado
FABACEAE,"Chamaecrista phyllostachya",Cerrado
FABACEAE,"Chamaecrista pilicarpa",Cerrado
FABACEAE,"Chamaecrista polymorpha",Cerrado
FABACEAE,"Chamaecrista psoraleopsis",Cerrado
FABACEAE,"Chamaecrista simplifacta",Cerrado
FABACEAE,"Chamaecrista vauthieri",Cerrado
FABACEAE,"Chamaecrista virginis",Cerrado
ASTERACEAE,"Chrysolaena dusenii",Cerrado
CACTACEAE,"Cipocereus pleurocarpus",Cerrado
POLYGONACEAE,"Coccoloba cereifera",Cerrado
ERIOCAULACEAE,"Comanthera cipoensis",Cerrado
ERIOCAULACEAE,"Comanthera circinnata",Cerrado
ERIOCAULACEAE,"Comanthera curralensis",Cerrado
ERIOCAULACEAE,"Comanthera floccosa",Cerrado
ERIOCAULACEAE,"Comanthera floccosa",Caatinga
ERIOCAULACEAE,"Comanthera hatschbachii",Cerrado
MELASTOMATACEAE,"Comolia edmundoi",Cerrado
FABACEAE,"Crotalaria goiasensis",Cerrado
FABACEAE,"Crotalaria irwinii",Cerrado
FABACEAE,"Crotalaria rufipila",Cerrado
EUPHORBIACEAE,"Croton arlineae",Cerrado
CYPERACEAE,"Cryptangium humile",Cerrado
CYPERACEAE,"Cryptangium polyphyllum","Mata Atlântica"
CYPERACEAE,"Cryptangium polyphyllum",Cerrado
LYTHRACEAE,"Cuphea anamariae",Cerrado
LYTHRACEAE,"Cuphea cunninghamiifolia",Cerrado
LYTHRACEAE,"Cuphea disperma",Cerrado
LYTHRACEAE,"Cuphea fuchsiifolia",Cerrado
LYTHRACEAE,"Cuphea glareosa",Cerrado
LYTHRACEAE,"Cuphea glareosa",Caatinga
LYTHRACEAE,"Cuphea lucens",Cerrado
LYTHRACEAE,"Cuphea potamophila",Cerrado
LYTHRACEAE,"Cuphea sclerophylla",Cerrado
LYTHRACEAE,"Cuphea sincorana",Cerrado
LYTHRACEAE,"Cuphea warmingii",Cerrado
LYTHRACEAE,"Cuphea xanthopetala",Cerrado
CYPERACEAE,"Cyperus almensis",Cerrado
CYPERACEAE,"Cyperus almensis",Caatinga
ASTERACEAE,"Dasyphyllum reticulatum",Cerrado
ASTERACEAE,"Dasyphyllum retinens",Cerrado
ASTERACEAE,"Dasyphyllum trichophyllum",Cerrado
ASTERACEAE,"Dasyphyllum trichophyllum","Mata Atlântica"
FABACEAE,"Desmodium glabrescens",Cerrado
FABACEAE,"Desmodium juruenense",Amazônia
FABACEAE,"Desmodium juruenense",Cerrado
POACEAE,"Dichanthelium aequivaginatum",Cerrado
POACEAE,"Dichanthelium aequivaginatum","Mata Atlântica"
POACEAE,"Dichanthelium aequivaginatum",Caatinga
POACEAE,"Dichanthelium assurgens","Mata Atlântica"
POACEAE,"Dichanthelium assurgens",Caatinga
POACEAE,"Dichanthelium assurgens",Cerrado
POACEAE,"Dichanthelium congestum",Caatinga
POACEAE,"Dichanthelium congestum",Cerrado
POACEAE,"Dichanthelium sendulskyii",Cerrado
POACEAE,"Digitaria chaseae",Cerrado
POACEAE,"Digitaria pampinosa",Cerrado
RUBIACEAE,"Diodia macrophylla",Cerrado
EBENACEAE,"Diospyros mexiae","Mata Atlântica"
EBENACEAE,"Diospyros mexiae",Cerrado
LYTHRACEAE,"Diplusodon adpressipilus",Cerrado
LYTHRACEAE,"Diplusodon alatus",Cerrado
LYTHRACEAE,"Diplusodon appendiculosus",Cerrado
LYTHRACEAE,"Diplusodon argenteus",Cerrado
LYTHRACEAE,"Diplusodon bradei",Cerrado
LYTHRACEAE,"Diplusodon canastrensis",Cerrado
LYTHRACEAE,"Diplusodon capitalensis",Cerrado
LYTHRACEAE,"Diplusodon capitatus",Cerrado
LYTHRACEAE,"Diplusodon chapadensis",Cerrado
LYTHRACEAE,"Diplusodon decussatus",Cerrado
LYTHRACEAE,"Diplusodon floribundus",Cerrado
LYTHRACEAE,"Diplusodon glocimarii",Cerrado
LYTHRACEAE,"Diplusodon grahamae",Cerrado
LYTHRACEAE,"Diplusodon heringeri",Cerrado
LYTHRACEAE,"Diplusodon leucocalycinus",Cerrado
LYTHRACEAE,"Diplusodon longipes",Cerrado
LYTHRACEAE,"Diplusodon mattogrossensis",Cerrado
LYTHRACEAE,"Diplusodon mononeuros",Cerrado
LYTHRACEAE,"Diplusodon nigricans",Cerrado
LYTHRACEAE,"Diplusodon parvifolius",Cerrado
LYTHRACEAE,"Diplusodon petiolatus",Cerrado
LYTHRACEAE,"Diplusodon plumbeus",Cerrado
LYTHRACEAE,"Diplusodon pygmaeus",Cerrado
LYTHRACEAE,"Diplusodon rosmarinifolius",Cerrado
LYTHRACEAE,"Diplusodon rotundifolius",Cerrado
LYTHRACEAE,"Diplusodon rupestris",Cerrado
LYTHRACEAE,"Diplusodon saxatilis",Cerrado
LYTHRACEAE,"Diplusodon sigillatus",Cerrado
LYTHRACEAE,"Diplusodon sordidus",Cerrado
LYTHRACEAE,"Diplusodon thysanosepalus",Cerrado
LYTHRACEAE,"Diplusodon trigintus",Cerrado
APOCYNACEAE,"Ditassa emmerichii",Cerrado
APOCYNACEAE,"Ditassa insignis",Cerrado
APOCYNACEAE,"Ditassa obscura",Cerrado
MORACEAE,"Dorstenia contensis",Cerrado
MORACEAE,"Dorstenia contensis","Mata Atlântica"
MORACEAE,"Dorstenia strangii",Cerrado
MORACEAE,"Dorstenia strangii","Mata Atlântica"
ANNONACEAE,"Duguetia rotundifolia",Cerrado
ORCHIDACEAE,"Dungsia marcaliana",Cerrado
BROMELIACEAE,"Dyckia argentea",Cerrado
BROMELIACEAE,"Dyckia brachyphylla",Cerrado
BROMELIACEAE,"Dyckia densiflora",Cerrado
BROMELIACEAE,"Dyckia mello-barretoi",Cerrado
BROMELIACEAE,"Dyckia pectinata",Cerrado
ALISMATACEAE,"Echinodorus lanceolatus",Cerrado
ALISMATACEAE,"Echinodorus lanceolatus",Caatinga
CYPERACEAE,"Eleocharis loefgreniana",Cerrado
CYPERACEAE,"Eleocharis morroi",Cerrado
CYPERACEAE,"Eleocharis olivaceonux",Cerrado
BROMELIACEAE,"Encholirium reflexum",Cerrado
ASTERACEAE,"Eremanthus pabstii",Cerrado
ERIOCAULACEAE,"Eriocaulon aquatile",Cerrado
ERIOCAULACEAE,"Eriocaulon burchellii",Cerrado
ERIOCAULACEAE,"Eriocaulon cipoense",Cerrado
ERIOCAULACEAE,"Eriocaulon griseum",Cerrado
ERIOCAULACEAE,"Eriocaulon griseum",Caatinga
ERIOCAULACEAE,"Eriocaulon papillosum",Cerrado
LAMIACEAE,"Eriope angustifolia",Cerrado
LAMIACEAE,"Eriope confusa",Cerrado
LAMIACEAE,"Eriope filifolia",Cerrado
LAMIACEAE,"Eriope montana",Cerrado
LAMIACEAE,"Eriope sincorana",Cerrado
LAMIACEAE,"Eriope xavantium",Cerrado
OROBANCHACEAE,"Esterhazya nanuzae",Cerrado
CONVOLVULACEAE,"Evolvulus chapadensis",Cerrado
CONVOLVULACEAE,"Evolvulus gnaphalioides",Caatinga
CONVOLVULACEAE,"Evolvulus gnaphalioides",Cerrado
MORACEAE,"Ficus carautana",Cerrado
MORACEAE,"Ficus carautana",Pantanal
MORACEAE,"Ficus carautana",Amazônia
RUBIACEAE,"Galianthe macedoi",Cerrado
RUBIACEAE,"Galianthe matogrossiana",Cerrado
AMARANTHACEAE,"Gomphrena hermogenesii",Cerrado
AMARANTHACEAE,"Gomphrena hillii",Cerrado
AMARANTHACEAE,"Gomphrena marginata",Cerrado
POACEAE,"Guadua magna",Cerrado
ORCHIDACEAE,"Habenaria meeana",Cerrado
ORCHIDACEAE,"Habenaria meeana",Caatinga
ORCHIDACEAE,"Habenaria pseudohamata",Cerrado
ORCHIDACEAE,"Habenaria pseudohamata",Caatinga
ORCHIDACEAE,"Hadrolaelia praestans",Cerrado
CHRYSOBALANACEAE,"Hirtella juruensis",Amazônia
CHRYSOBALANACEAE,"Hirtella juruensis",Cerrado
ORCHIDACEAE,"Hoffmannseggella pendula",Cerrado
ORCHIDACEAE,"Hoffmannseggella pfisteri",Cerrado
LAMIACEAE,"Hypenia concinna",Cerrado
LAMIACEAE,"Hypenia paradisi",Cerrado
LAMIACEAE,"Hyptidendron dictiocalyx",Cerrado
LAMIACEAE,"Hyptis argyrophylla",Cerrado
LAMIACEAE,"Hyptis asteroides",Cerrado
LAMIACEAE,"Hyptis caduca",Cerrado
LAMIACEAE,"Hyptis coriacea",Cerrado
LAMIACEAE,"Hyptis cuniloides",Cerrado
LAMIACEAE,"Hyptis dictyodea",Cerrado
LAMIACEAE,"Hyptis hagei",Cerrado
LAMIACEAE,"Hyptis halimifolia",Cerrado
LAMIACEAE,"Hyptis heterophylla",Cerrado
LAMIACEAE,"Hyptis humilis",Cerrado
LAMIACEAE,"Hyptis irwinii",Cerrado
LAMIACEAE,"Hyptis loeseneriana",Cerrado
LAMIACEAE,"Hyptis nivea",Cerrado
LAMIACEAE,"Hyptis nubicola",Cerrado
LAMIACEAE,"Hyptis silvinae",Cerrado
LAMIACEAE,"Hyptis tenuifolia",Cerrado
ASTERACEAE,"Ichthyothere mattogrossensis",Cerrado
ASTERACEAE,"Ichthyothere petiolata",Cerrado
AQUIFOLIACEAE,"Ilex mucugensis",Cerrado
CONVOLVULACEAE,"Ipomoea calyptrata",Cerrado
CONVOLVULACEAE,"Ipomoea calyptrata",Caatinga
BIGNONIACEAE,"Jacaranda racemosa",Cerrado
MALPIGHIACEAE,"Janusia christianeae",Cerrado
MALPIGHIACEAE,"Janusia christianeae",Caatinga
ACANTHACEAE,"Justicia clivalis",Cerrado
CALOPHYLLACEAE,"Kielmeyera anisosepala",Cerrado
CALOPHYLLACEAE,"Kielmeyera juruensis",Cerrado
CALOPHYLLACEAE,"Kielmeyera similis",Cerrado
CALOPHYLLACEAE,"Kielmeyera trichophora",Cerrado
CYPERACEAE,"Lagenocarpus adamantinus",Cerrado
CUNONIACEAE,"Lamanonia brasiliensis",Cerrado
VERBENACEAE,"Lantana gracilis",Caatinga
VERBENACEAE,"Lantana gracilis",Cerrado
BROMELIACEAE,"Lapanthus itambensis",Cerrado
MELASTOMATACEAE,"Lavoisiera adamantium",Cerrado
MELASTOMATACEAE,"Lavoisiera angustifolia",Cerrado
MELASTOMATACEAE,"Lavoisiera bradeana",Cerrado
MELASTOMATACEAE,"Lavoisiera caryophyllea",Cerrado
MELASTOMATACEAE,"Lavoisiera firmula",Cerrado
MELASTOMATACEAE,"Lavoisiera harleyi",Cerrado
MELASTOMATACEAE,"Lavoisiera humilis",Cerrado
MELASTOMATACEAE,"Lavoisiera macrocarpa",Cerrado
MELASTOMATACEAE,"Lavoisiera mucorifera",Cerrado
MELASTOMATACEAE,"Lavoisiera punctata",Cerrado
MELASTOMATACEAE,"Lavoisiera senaei",Cerrado
MELASTOMATACEAE,"Lavoisiera subulata",Cerrado
MELASTOMATACEAE,"Lavoisiera tetragona",Cerrado
ERIOCAULACEAE,"Leiothrix cipoensis",Cerrado
ERIOCAULACEAE,"Leiothrix crassifolia",Cerrado
ERIOCAULACEAE,"Leiothrix crassifolia","Mata Atlântica"
ERIOCAULACEAE,"Leiothrix distichoclada",Cerrado
ERIOCAULACEAE,"Leiothrix fulgida var. milho-verdensis",Cerrado
ERIOCAULACEAE,"Leiothrix luxurians",Cerrado
ERIOCAULACEAE,"Leiothrix rupestris",Cerrado
ERIOCAULACEAE,"Leiothrix sclerophylla",Cerrado
ERIOCAULACEAE,"Leiothrix sinuosa",Cerrado
ERIOCAULACEAE,"Leiothrix spiralis",Cerrado
ORCHIDACEAE,"Leptotes vellozicola",Cerrado
ASTERACEAE,"Lessingianthus arachniolepis",Cerrado
ASTERACEAE,"Lessingianthus argenteus",Cerrado
ASTERACEAE,"Lessingianthus caiapoensis",Cerrado
ASTERACEAE,"Lessingianthus heringeri",Cerrado
ASTERACEAE,"Lessingianthus scaposus",Cerrado
CHRYSOBALANACEAE,"Licania maguirei",Cerrado
VERBENACEAE,"Lippia ciliata",Cerrado
VERBENACEAE,"Lippia diamantinensis",Cerrado
VERBENACEAE,"Lippia duartei",Cerrado
VERBENACEAE,"Lippia gardneriana",Cerrado
VERBENACEAE,"Lippia grandiflora",Cerrado
VERBENACEAE,"Lippia macedoi",Cerrado
VERBENACEAE,"Lippia rubella",Cerrado
CAMPANULACEAE,"Lobelia brasiliensis",Cerrado
BALANOPHORACEAE,"Lophophytum rizzoi",Cerrado
BIGNONIACEAE,"Lundia damazii",Cerrado
OCHNACEAE,"Luxemburgia ciliatibracteata",Cerrado
OCHNACEAE,"Luxemburgia damazioana",Cerrado
OCHNACEAE,"Luxemburgia diciliata",Caatinga
OCHNACEAE,"Luxemburgia diciliata",Cerrado
OCHNACEAE,"Luxemburgia hatschbachiana",Cerrado
OCHNACEAE,"Luxemburgia speciosa",Cerrado
MONIMIACEAE,"Macropeplus schwackeanus",Cerrado
MONIMIACEAE,"Macropeplus schwackeanus","Mata Atlântica"
APOCYNACEAE,"Mandevilla rubra",Cerrado
APOCYNACEAE,"Mandevilla semirii",Caatinga
APOCYNACEAE,"Mandevilla semirii",Cerrado
APOCYNACEAE,"Marsdenia neomanarae",Cerrado
APOCYNACEAE,"Marsdenia sessilifolia","Mata Atlântica"
APOCYNACEAE,"Marsdenia sessilifolia",Cerrado
APOCYNACEAE,"Marsdenia sessilifolia",Caatinga
APOCYNACEAE,"Marsdenia virgultorum",Cerrado
MALPIGHIACEAE,"Mascagnia aptera",Cerrado
APOCYNACEAE,"Matelea matogrossensis",Cerrado
APOCYNACEAE,"Matelea refracta",Cerrado
CELASTRACEAE,"Maytenus opaca",Cerrado
CELASTRACEAE,"Maytenus opaca",Caatinga
POACEAE,"Mesosetum alatum",Cerrado
POACEAE,"Mesosetum longiaristatum",Cerrado
MELASTOMATACEAE,"Microlicia balsamifera",Cerrado
MELASTOMATACEAE,"Microlicia balsamifera",Caatinga
MELASTOMATACEAE,"Microlicia cipoana",Cerrado
MELASTOMATACEAE,"Microlicia crebropunctata",Cerrado
MELASTOMATACEAE,"Microlicia giuliettiana",Cerrado
MELASTOMATACEAE,"Microlicia giuliettiana",Caatinga
MELASTOMATACEAE,"Microlicia minima",Cerrado
MELASTOMATACEAE,"Microlicia minima",Caatinga
MELASTOMATACEAE,"Microlicia monticola",Cerrado
MELASTOMATACEAE,"Microlicia monticola",Caatinga
MELASTOMATACEAE,"Microlicia mucugensis",Cerrado
MELASTOMATACEAE,"Microlicia noblickii",Cerrado
MELASTOMATACEAE,"Microlicia oligochaeta",Cerrado
MELASTOMATACEAE,"Microlicia ordinata",Cerrado
MELASTOMATACEAE,"Microlicia petasensis",Cerrado
MELASTOMATACEAE,"Microlicia petasensis",Caatinga
MELASTOMATACEAE,"Microlicia pinheiroi",Cerrado
MELASTOMATACEAE,"Microlicia pinheiroi",Caatinga
MELASTOMATACEAE,"Microlicia scoparia",Cerrado
MELASTOMATACEAE,"Microlicia sincorensis",Cerrado
MELASTOMATACEAE,"Microlicia sincorensis",Caatinga
MELASTOMATACEAE,"Microlicia subaequalis",Cerrado
MELASTOMATACEAE,"Microlicia subaequalis",Caatinga
MELASTOMATACEAE,"Microlicia subalata",Cerrado
MELASTOMATACEAE,"Microlicia subalata",Caatinga
MELASTOMATACEAE,"Microlicia suborbicularifolia",Cerrado
MELASTOMATACEAE,"Microlicia tenuifolia",Cerrado
MELASTOMATACEAE,"Microlicia trichocalycina",Cerrado
MELASTOMATACEAE,"Microlicia vernicosa",Cerrado
FABACEAE,"Mimosa cryptothamnos",Cerrado
FABACEAE,"Mimosa cyclophylla",Cerrado
FABACEAE,"Mimosa decorticans",Cerrado
FABACEAE,"Mimosa humivagans",Cerrado
FABACEAE,"Mimosa laniceps",Cerrado
FABACEAE,"Mimosa lepidophora",Cerrado
FABACEAE,"Mimosa lepidophora",Caatinga
FABACEAE,"Mimosa manidea",Cerrado
FABACEAE,"Mimosa oligosperma",Cerrado
FABACEAE,"Mimosa pycnocoma",Cerrado
FABACEAE,"Mimosa pyrenea",Cerrado
FABACEAE,"Mimosa regina",Cerrado
FABACEAE,"Mimosa setosissima",Cerrado
FABACEAE,"Mimosa splendida",Cerrado
FABACEAE,"Mimosa ulbrichiana",Cerrado
FABACEAE,"Mimosa ulei",Cerrado
FABACEAE,"Mimosa virgula",Cerrado
APOCYNACEAE,"Minaria campanuliflora",Cerrado
ASTERACEAE,"Minasia cabralensis",Cerrado
ASTERACEAE,"Minasia lewinsohnii",Cerrado
RUBIACEAE,"Mitracarpus pusillus",Cerrado
FABACEAE,"Moldenhawera acuminata",Cerrado
PRIMULACEAE,"Myrsine cipoensis",Cerrado
PRIMULACEAE,"Myrsine cipoensis","Mata Atlântica"
APOCYNACEAE,"Nephradenia filipes",Cerrado
POACEAE,"Ophiochloa bryoides",Cerrado
BROMELIACEAE,"Orthophytum mello-barretoi",Cerrado
BROMELIACEAE,"Orthophytum mello-barretoi",Caatinga
BROMELIACEAE,"Orthophytum schulzianum",Cerrado
LORANTHACEAE,"Oryctina eubrachioides",Caatinga
LORANTHACEAE,"Oryctina eubrachioides",Cerrado
POACEAE,"Otachyrium piligerum",Cerrado
OCHNACEAE,"Ouratea acicularis",Cerrado
OXALIDACEAE,"Oxalis areolata",Cerrado
OXALIDACEAE,"Oxalis pretoensis",Cerrado
OXALIDACEAE,"Oxalis veadeirosensis",Cerrado
APOCYNACEAE,"Oxypetalum habrogynum",Cerrado
APOCYNACEAE,"Oxypetalum helios",Cerrado
APOCYNACEAE,"Oxypetalum pardense",Cerrado
APOCYNACEAE,"Oxypetalum pardense","Mata Atlântica"
ERIOCAULACEAE,"Paepalanthus albidus",Cerrado
ERIOCAULACEAE,"Paepalanthus albo-tomentosus",Cerrado
ERIOCAULACEAE,"Paepalanthus almasensis",Cerrado
ERIOCAULACEAE,"Paepalanthus anamariae",Cerrado
ERIOCAULACEAE,"Paepalanthus argenteus",Cerrado
ERIOCAULACEAE,"Paepalanthus aureus",Cerrado
ERIOCAULACEAE,"Paepalanthus barbiger",Cerrado
ERIOCAULACEAE,"Paepalanthus barbulatus",Cerrado
ERIOCAULACEAE,"Paepalanthus cinereus",Cerrado
ERIOCAULACEAE,"Paepalanthus complanatus",Cerrado
ERIOCAULACEAE,"Paepalanthus contasensis",Cerrado
ERIOCAULACEAE,"Paepalanthus cordatus",Cerrado
ERIOCAULACEAE,"Paepalanthus digitiformis",Cerrado
ERIOCAULACEAE,"Paepalanthus erigeron",Cerrado
ERIOCAULACEAE,"Paepalanthus globulifer",Cerrado
ERIOCAULACEAE,"Paepalanthus harleyi",Cerrado
ERIOCAULACEAE,"Paepalanthus harleyi",Caatinga
ERIOCAULACEAE,"Paepalanthus homomallus",Cerrado
ERIOCAULACEAE,"Paepalanthus inopinatus",Cerrado
ERIOCAULACEAE,"Paepalanthus luetzelburgii",Cerrado
ERIOCAULACEAE,"Paepalanthus obtusifolius",Cerrado
ERIOCAULACEAE,"Paepalanthus obtusifolius",Caatinga
ERIOCAULACEAE,"Paepalanthus pulvinatus",Cerrado
ERIOCAULACEAE,"Paepalanthus pulvinatus",Caatinga
ERIOCAULACEAE,"Paepalanthus revolutus",Cerrado
ERIOCAULACEAE,"Paepalanthus rupestris",Cerrado
ERIOCAULACEAE,"Paepalanthus senaeanus",Cerrado
ERIOCAULACEAE,"Paepalanthus stannardii",Cerrado
ERIOCAULACEAE,"Paepalanthus stuetzelii",Cerrado
ERIOCAULACEAE,"Paepalanthus superbus",Cerrado
ERIOCAULACEAE,"Paepalanthus urbanianus",Cerrado
GESNERIACEAE,"Paliavana plumerioides",Cerrado
POACEAE,"Panicum ephemeroides",Cerrado
POACEAE,"Panicum ephemeroides",Pantanal
POACEAE,"Panicum noterophilum",Cerrado
POACEAE,"Panicum noterophilum",Caatinga
POACEAE,"Panicum nutabundum",Cerrado
POACEAE,"Panicum nutabundum",Amazônia
CARYOPHYLLACEAE,"Paronychia fasciculata",Cerrado
POACEAE,"Paspalum biaristatum",Cerrado
POACEAE,"Paspalum brachytrichum","Mata Atlântica"
POACEAE,"Paspalum brachytrichum",Cerrado
POACEAE,"Paspalum burmanii",Cerrado
POACEAE,"Paspalum cachimboense",Cerrado
POACEAE,"Paspalum cachimboense",Amazônia
POACEAE,"Paspalum filgueirasii",Cerrado
POACEAE,"Paspalum longiaristatum",Cerrado
POACEAE,"Paspalum petrense",Cerrado
POACEAE,"Paspalum vallsii",Cerrado
PASSIFLORACEAE,"Passiflora hypoglauca",Cerrado
PASSIFLORACEAE,"Passiflora hypoglauca","Mata Atlântica"
PASSIFLORACEAE,"Passiflora mucugeana",Cerrado
MALPIGHIACEAE,"Peixotoa anadenanthera",Cerrado
MALPIGHIACEAE,"Peixotoa irwinii",Cerrado
MALPIGHIACEAE,"Peixotoa octoflora",Cerrado
PIPERACEAE,"Peperomia warmingii",Cerrado
PIPERACEAE,"Peperomia warmingii","Mata Atlântica"
SCROPHULARIACEAE,"Philcoxia goiasensis",Cerrado
SCROPHULARIACEAE,"Philcoxia minensis",Cerrado
ARACEAE,"Philodendron cipoense",Cerrado
ARACEAE,"Philodendron cipoense","Mata Atlântica"
ARACEAE,"Philodendron pachyphyllum",Cerrado
ARACEAE,"Philodendron rhizomatosum",Cerrado
ARACEAE,"Philodendron rhizomatosum","Mata Atlântica"
SANTALACEAE,"Phoradendron anamariae",Cerrado
SANTALACEAE,"Phoradendron dimerostachys",Caatinga
SANTALACEAE,"Phoradendron dimerostachys",Cerrado
SANTALACEAE,"Phoradendron virens",Cerrado
OROBANCHACEAE,"Physocalyx scaberrimus",Caatinga
OROBANCHACEAE,"Physocalyx scaberrimus",Cerrado
TURNERACEAE,"Piriqueta araguaiana",Cerrado
TURNERACEAE,"Piriqueta caiapoensis",Cerrado
TURNERACEAE,"Piriqueta cristobaliae",Cerrado
TURNERACEAE,"Piriqueta emasensis",Cerrado
TURNERACEAE,"Piriqueta lourteigiae",Cerrado
BROMELIACEAE,"Pitcairnia curvidens",Cerrado
MYRTACEAE,"Plinia nana",Cerrado
ACANTHACEAE,"Poikilacanthus bahiensis",Cerrado
ACANTHACEAE,"Poikilacanthus bahiensis",Caatinga
FABACEAE,"Poiretia bahiana",Cerrado
FABACEAE,"Poiretia marginata",Cerrado
FABACEAE,"Poiretia unifoliolata",Cerrado
POLYGALACEAE,"Polygala apparicioi",Cerrado
POLYGALACEAE,"Polygala asperuloides",Amazônia
POLYGALACEAE,"Polygala asperuloides",Cerrado
POLYGALACEAE,"Polygala bevilacquai",Cerrado
POLYGALACEAE,"Polygala grazielae",Cerrado
POLYGALACEAE,"Polygala irwinii",Cerrado
POLYGALACEAE,"Polygala irwinii",Amazônia
POLYGALACEAE,"Polygala juncea",Cerrado
POLYGALACEAE,"Polygala malmeana",Cerrado
POLYGALACEAE,"Polygala malmeana",Amazônia
POLYGALACEAE,"Polygala pseudocoriacea",Cerrado
POLYGALACEAE,"Polygala suganumae",Cerrado
POLYGALACEAE,"Polygala trifurcata",Caatinga
POLYGALACEAE,"Polygala trifurcata",Cerrado
POLYGALACEAE,"Polygala vollii","Mata Atlântica"
GENTIANACEAE,"Prepusa montana",Cerrado
BURSERACEAE,"Protium dawsonii",Cerrado
MYRTACEAE,"Psidium firmum",Cerrado
MYRTACEAE,"Psidium firmum","Mata Atlântica"
LORANTHACEAE,"Psittacanthus acinarius",Amazônia
LORANTHACEAE,"Psittacanthus acinarius",Caatinga
LORANTHACEAE,"Psittacanthus acinarius",Cerrado
LORANTHACEAE,"Psittacanthus acinarius",Pantanal
RUBIACEAE,"Psyllocarpus schwackei",Cerrado
MALPIGHIACEAE,"Pterandra hatschbachii",Cerrado
MALPIGHIACEAE,"Pterandra viridiflora",Cerrado
MELASTOMATACEAE,"Pterolepis rotundifolia",Cerrado
VOCHYSIACEAE,"Qualea elegans",Cerrado
APOCYNACEAE,"Rauvolfia ligustrina",Cerrado
APOCYNACEAE,"Rauvolfia ligustrina","Mata Atlântica"
APOCYNACEAE,"Rauvolfia ligustrina",Caatinga
RHABDODENDRACEAE,"Rhabdodendron gardneranum",Cerrado
POACEAE,"Rheochloa scabrifolia",Cerrado
CYPERACEAE,"Rhynchospora enmanuelis","Mata Atlântica"
CYPERACEAE,"Rhynchospora enmanuelis",Cerrado
CYPERACEAE,"Rhynchospora tenuis",Amazônia
CYPERACEAE,"Rhynchospora tenuis","Mata Atlântica"
CYPERACEAE,"Rhynchospora tenuis",Caatinga
CYPERACEAE,"Rhynchospora tenuis","Pampa (Campos Sulinos)"
CYPERACEAE,"Rhynchospora tenuis",Cerrado
CYPERACEAE,"Rhynchospora tenuis",Pantanal
CONNARACEAE,"Rourea chrysomalla",Cerrado
CONNARACEAE,"Rourea prancei",Amazônia
CONNARACEAE,"Rourea prancei",Cerrado
CONNARACEAE,"Rourea tenuis",Cerrado
POACEAE,"Rupichloa acuminata",Caatinga
POACEAE,"Rupichloa acuminata",Cerrado
ORCHIDACEAE,"Sarcoglottis riocontensis",Cerrado
ORCHIDACEAE,"Sarcoglottis riocontensis",Caatinga
OCHNACEAE,"Sauvagesia lanceolata",Cerrado
OCHNACEAE,"Sauvagesia oliveirae",Cerrado
OCHNACEAE,"Sauvagesia ribeiroi",Cerrado
ARALIACEAE,"Schefflera botumirimensis",Cerrado
ARALIACEAE,"Schefflera cephalantha",Cerrado
ARALIACEAE,"Schefflera fruticosa",Cerrado
ARALIACEAE,"Schefflera lucumoides",Cerrado
SCHOEPFIACEAE,"Schoepfia velutina",Cerrado
GENTIANACEAE,"Schultesia bahiensis",Cerrado
GENTIANACEAE,"Schultesia bahiensis",Caatinga
GENTIANACEAE,"Schultesia crenuliflora",Caatinga
GENTIANACEAE,"Schultesia crenuliflora",Cerrado
GENTIANACEAE,"Schultesia irwiniana",Cerrado
GENTIANACEAE,"Schultesia pachyphylla",Cerrado
GENTIANACEAE,"Schultesia piresiana",Cerrado
GENTIANACEAE,"Schultesia sucreana",Cerrado
CYPERACEAE,"Scleria cuyabensis",Cerrado
POLYGALACEAE,"Securidaca acuminata",Cerrado
SOLANACEAE,"Solanum eitenii",Cerrado
POACEAE,"Sporobolus hians",Cerrado
POACEAE,"Sporobolus paucifolius",Cerrado
VERBENACEAE,"Stachytarpheta ajugifolia",Cerrado
VERBENACEAE,"Stachytarpheta ajugifolia","Mata Atlântica"
VERBENACEAE,"Stachytarpheta bicolor",Cerrado
VERBENACEAE,"Stachytarpheta bicolor",Caatinga
VERBENACEAE,"Stachytarpheta discolor",Cerrado
VERBENACEAE,"Stachytarpheta froesii",Caatinga
VERBENACEAE,"Stachytarpheta froesii",Cerrado
VERBENACEAE,"Stachytarpheta galactea",Cerrado
VERBENACEAE,"Stachytarpheta integrifolia",Cerrado
VERBENACEAE,"Stachytarpheta itambensis",Cerrado
VERBENACEAE,"Stachytarpheta lacunosa",Cerrado
VERBENACEAE,"Stachytarpheta lacunosa",Caatinga
VERBENACEAE,"Stachytarpheta lychnitis",Cerrado
VERBENACEAE,"Stachytarpheta lychnitis",Caatinga
VERBENACEAE,"Stachytarpheta monachinoi",Cerrado
VERBENACEAE,"Stachytarpheta pohliana",Cerrado
RUBIACEAE,"Staelia tocantinsiana",Cerrado
ACANTHACEAE,"Staurogyne minarum","Mata Atlântica"
ACANTHACEAE,"Staurogyne minarum",Cerrado
ACANTHACEAE,"Stenandrium goiasense",Cerrado
ACANTHACEAE,"Stenandrium irwinii",Cerrado
ASTERACEAE,"Stenophalium heringeri",Cerrado
ASTERACEAE,"Stevia resinosa",Cerrado
MALPIGHIACEAE,"Stigmaphyllon jobertii",Cerrado
POACEAE,"Streptostachys lanciflora",Cerrado
LORANTHACEAE,"Struthanthus microstylus",Cerrado
LORANTHACEAE,"Struthanthus planaltinae",Cerrado
LORANTHACEAE,"Struthanthus pusillifolius",Cerrado
LORANTHACEAE,"Struthanthus rufo-furfuraceus",Cerrado
LOGANIACEAE,"Strychnos cerradoensis","Mata Atlântica"
LOGANIACEAE,"Strychnos cerradoensis",Cerrado
ARECACEAE,"Syagrus werdermannii",Cerrado
ARECACEAE,"Syagrus werdermannii",Caatinga
SYMPLOCACEAE,"Symplocos glaberrima",Cerrado
SYMPLOCACEAE,"Symplocos insolita",Cerrado
SYMPLOCACEAE,"Symplocos saxatilis",Cerrado
ERIOCAULACEAE,"Syngonanthus bracteosus",Cerrado
ERIOCAULACEAE,"Syngonanthus bracteosus",Amazônia
ERIOCAULACEAE,"Syngonanthus hygrotrichus",Cerrado
ERIOCAULACEAE,"Syngonanthus hygrotrichus",Amazônia
ERIOCAULACEAE,"Syngonanthus latifolius",Cerrado
APOCYNACEAE,"Tassadia geniculata",Cerrado
APOCYNACEAE,"Tassadia rizzoana",Cerrado
BROMELIACEAE,"Tillandsia copynii",Cerrado
BROMELIACEAE,"Tillandsia copynii",Caatinga
BROMELIACEAE,"Tillandsia sprengeliana",Cerrado
BROMELIACEAE,"Tillandsia sprengeliana","Mata Atlântica"
MELASTOMATACEAE,"Trembleya rosmarinoides",Cerrado
COMMELINACEAE,"Tripogandra elata",Cerrado
COMMELINACEAE,"Tripogandra warmingiana",Cerrado
COMMELINACEAE,"Tripogandra warmingiana","Mata Atlântica"
TURNERACEAE,"Turnera asymmetrica",Caatinga
TURNERACEAE,"Turnera cipoensis",Cerrado
TURNERACEAE,"Turnera coccinea",Cerrado
TURNERACEAE,"Turnera coccinea",Caatinga
TURNERACEAE,"Turnera collotricha",Cerrado
TURNERACEAE,"Turnera coriacea",Cerrado
TURNERACEAE,"Turnera elliptica",Cerrado
TURNERACEAE,"Turnera foliosa",Cerrado
TURNERACEAE,"Turnera gardneriana",Cerrado
TURNERACEAE,"Turnera ignota",Cerrado
TURNERACEAE,"Turnera luetzelburgii",Caatinga
TURNERACEAE,"Turnera luetzelburgii","Mata Atlântica"
TURNERACEAE,"Turnera luetzelburgii",Cerrado
TURNERACEAE,"Turnera pinifolia",Cerrado
TURNERACEAE,"Turnera princeps",Cerrado
TURNERACEAE,"Turnera reginae",Cerrado
TURNERACEAE,"Turnera revoluta",Cerrado
TURNERACEAE,"Turnera riedeliana",Cerrado
LENTIBULARIACEAE,"Utricularia huntii",Cerrado
VELLOZIACEAE,"Vellozia bradei",Cerrado
VELLOZIACEAE,"Vellozia costata",Cerrado
VELLOZIACEAE,"Vellozia crinita",Cerrado
VELLOZIACEAE,"Vellozia exilis",Cerrado
VELLOZIACEAE,"Vellozia graomogolensis",Cerrado
VELLOZIACEAE,"Vellozia graomogolensis",Caatinga
VELLOZIACEAE,"Vellozia luteola",Cerrado
VELLOZIACEAE,"Vellozia maxillarioides",Cerrado
VELLOZIACEAE,"Vellozia prolifera",Cerrado
VELLOZIACEAE,"Vellozia sellowii",Cerrado
VELLOZIACEAE,"Vellozia spiralis",Cerrado
VELLOZIACEAE,"Vellozia spiralis",Caatinga
VELLOZIACEAE,"Vellozia tillandsioides",Cerrado
VELLOZIACEAE,"Vellozia torquata",Cerrado
ASTERACEAE,"Vernonanthura lindbergii",Cerrado
VOCHYSIACEAE,"Vochysia petraea",Cerrado
VOCHYSIACEAE,"Vochysia pygmaea",Cerrado
VOCHYSIACEAE,"Vochysia rotundifolia",Cerrado
BROMELIACEAE,"Vriesea densiflora",Cerrado
XYRIDACEAE,"Xyris archeri",Cerrado
XYRIDACEAE,"Xyris diaphanobracteata",Cerrado
XYRIDACEAE,"Xyris goyazensis",Cerrado
XYRIDACEAE,"Xyris itambensis",Cerrado
XYRIDACEAE,"Xyris jataiana",Cerrado
XYRIDACEAE,"Xyris lanuginosa",Cerrado
XYRIDACEAE,"Xyris mertensiana",Cerrado
XYRIDACEAE,"Xyris mertensiana","Mata Atlântica"
XYRIDACEAE,"Xyris obcordata",Cerrado
XYRIDACEAE,"Xyris paradisiaca",Cerrado
XYRIDACEAE,"Xyris picea",Cerrado
XYRIDACEAE,"Xyris pranceana",Cerrado
XYRIDACEAE,"Xyris rupicola",Cerrado
XYRIDACEAE,"Xyris spectabilis",Cerrado
XYRIDACEAE,"Xyris subsetigera",Cerrado
XYRIDACEAE,"Xyris veruina",Cerrado
XYRIDACEAE,"Xyris vestita",Cerrado
XYRIDACEAE,"Xyris villosicarinata",Cerrado
FABACEAE,"Zornia glaziovii",Cerrado
FABACEAE,"Zornia subsessilis",Cerrado
