"family","scientificName","fitofisionomie"
ERIOCAULACEAE,Comanthera pignalii,Savana Parque
RUBIACEAE,Bradea borrerioides,Afloramento Rochoso
BROMELIACEAE,Encholirum splendidum,Savana Parque
ERIOCAULACEAE,Syngonanthus incurvifolius,Savana Parque
ERIOCAULACEAE,Syngonanthus vittatus,Savana Parque
CYPERACEAE,Abildgaardia papillosa,Savana Estépica
CYPERACEAE,Abildgaardia papillosa,Savana
MALPIGHIACEAE,Acmanthera fernandesii,Savana
ERIOCAULACEAE,Actinocephalus aggregatus,Savana
ERIOCAULACEAE,Actinocephalus callophyllus,Savana
ERIOCAULACEAE,Actinocephalus compactus,Savana
ERIOCAULACEAE,Actinocephalus coutoensis,Savana Parque
ERIOCAULACEAE,Actinocephalus deflexus,Savana Parque
ERIOCAULACEAE,Actinocephalus diffusus,Savana
ERIOCAULACEAE,Actinocephalus falcifolius,Savana
ERIOCAULACEAE,Actinocephalus fimbriatus,Savana
ERIOCAULACEAE,Actinocephalus glabrescens,Savana
ERIOCAULACEAE,Actinocephalus graminifolius,Savana
ERIOCAULACEAE,Actinocephalus herzogii,Savana Parque
ERIOCAULACEAE,Actinocephalus herzogii,Campinarana Arbustiva
ERIOCAULACEAE,Actinocephalus herzogii,Campinarana Gramíneo-Lenhosa.
ERIOCAULACEAE,Actinocephalus nodifer,Savana
ERIOCAULACEAE,Actinocephalus robustus,Savana Parque
ERIOCAULACEAE,Actinocephalus stereophyllus,Savana
BIGNONIACEAE,Adenocalymma subspicatum,Savana Arborizada
FABACEAE,Aeschynomene graminoides,Savana
FABACEAE,Aeschynomene graminoides,Savana Arborizada
FABACEAE,Aeschynomene graminoides,Savana Parque
FABACEAE,Aeschynomene graminoides,Savana Gramíneo-Lenhosa
FABACEAE,Aeschynomene simplicifolia,Savana
FABACEAE,Aeschynomene simplicifolia,Savana Parque
BROMELIACEAE,Alcantarea burle-marxii,
BROMELIACEAE,Alcantarea hatschbachii,Savana Parque
ALSTROEMERIACEAE,Alstroemeria chapadensis,Savana
POACEAE,Andropogon campestris,Savana Parque
PLANTAGINACEAE,Angelonia pratensis,Savana Parque
ARACEAE,Anthurium megapetiolatum,Floresta Estacional Sempre-verde de Submontana
ARACEAE,Anthurium megapetiolatum,Floresta Estacional Decidual Montana
ARACEAE,Anthurium megapetiolatum,Outros
CUCURBITACEAE,Apodanthera villosa,Savana Parque
CUCURBITACEAE,Apodanthera villosa,Savana Arborizada
APODANTHACEAE,Apodanthes minarum,Savana Parque
POLYGALACEAE,Asemeia marquesiana,Savana
POLYGALACEAE,Asemeia pohliana,Savana
ASTERACEAE,Aspilia discolor,Savana Parque
ASTERACEAE,Aspilia goiazensis,Savana Parque
ASTERACEAE,Aspilia hatschbachii,Savana Parque
ASTERACEAE,Aspilia pseudoyedaea,Savana Parque
ASTERACEAE,Aspilia pseudoyedaea,Savana Florestada
ARECACEAE,Attalea pindobassu,Savana Arborizada
ARECACEAE,Attalea pindobassu,Savana Florestada
POACEAE,Axonopus grandifolius,Savana Parque
POACEAE,Axonopus grandifolius,Outros
MALPIGHIACEAE,Banisteriopsis arborea,Refúgios Ecológicos Alto-montanos
MALPIGHIACEAE,Banisteriopsis goiana,Savana
VELLOZIACEAE,Barbacenia andersonii,Savana Parque
VELLOZIACEAE,Barbacenia blackii,Savana Parque
VELLOZIACEAE,Barbacenia contasana,Savana Parque
VELLOZIACEAE,Barbacenia cylindrica,Savana Parque
VELLOZIACEAE,Barbacenia fulva,Savana Parque
VELLOZIACEAE,Barbacenia glabra,Savana Parque
VELLOZIACEAE,Barbacenia glabra,Savana Gramíneo-Lenhosa
VELLOZIACEAE,Barbacenia hatschbachii,Savana Parque
VELLOZIACEAE,Barbacenia lymansmithii,Savana Parque
VELLOZIACEAE,Barbacenia lymansmithii,Savana Gramíneo-Lenhosa
VELLOZIACEAE,Barbacenia minima,Savana Parque
VELLOZIACEAE,Barbacenia reflexa,Savana Parque
VELLOZIACEAE,Barbacenia regis,Savana Parque
VELLOZIACEAE,Barbacenia umbrosa,Savana Parque
APOCYNACEAE,Barjonia grazielae,Savana Parque
FABACEAE,Bauhinia candelabriformis,Savana
FABACEAE,Bauhinia candelabriformis,Savana Parque
FABACEAE,Bauhinia leptantha,Floresta Estacional Decidual de Submontana
FABACEAE,Bauhinia leptantha,Savana
FABACEAE,Bauhinia leptantha,Savana Florestada
FABACEAE,Bauhinia leptantha,Savana Arborizada
FABACEAE,Bauhinia leptantha,Savana Estépica Parque
FABACEAE,Bauhinia malacotrichoides,Savana
FABACEAE,Bauhinia malacotrichoides,Savana Parque
FABACEAE,Bauhinia malacotrichoides,Savana Gramíneo-Lenhosa
ASTERACEAE,Bidens edentula,Savana Parque
APOCYNACEAE,Blepharodon hatschbachii,Savana Parque
FABACEAE,Bocoa ratteri,Savana
FABACEAE,Bocoa ratteri,Savana Florestada
RUBIACEAE,Borreria amapaensis,Savana
RUBIACEAE,Borreria burchellii,Savana Arborizada
RUBIACEAE,Borreria gracillima,Floresta Estacional Semidecidual
RUBIACEAE,Borreria gracillima,Savana
RUBIACEAE,Borreria guimaraesensis,Savana Parque
RUBIACEAE,Borreria guimaraesensis,Estepe Gramíneo-Lenhosa
RUBIACEAE,Borreria irwiniana,Savana Arborizada
RUBIACEAE,Borreria irwiniana,Savana Florestada
RUBIACEAE,Borreria paulista,Savana
RUBIACEAE,Borreria rosmarinifolia,Savana Parque
RUBIACEAE,Borreria rosmarinifolia,Savana Gramíneo-Lenhosa
RUBIACEAE,Borreria tocantinsiana,Savana Gramíneo-Lenhosa
RUBIACEAE,Borreria tocantinsiana,Savana Parque
VERBENACEAE,Bouchea fluminensis,Savana
VERBENACEAE,Bouchea fluminensis,Savana Arborizada
VERBENACEAE,Bouchea fluminensis,Savana Gramíneo-Lenhosa
SOLANACEAE,Brunfelsia rupestris,Savana Parque
SCROPHULARIACEAE,Buddleja longiflora,Campos de Altitude
SCROPHULARIACEAE,Buddleja speciosissima,Campos de Altitude
CYPERACEAE,Bulbostylis lombardii,Savana
MALPIGHIACEAE,Byrsonima cordifolia,Savana Arborizada
MALPIGHIACEAE,Byrsonima hatschbachii,Savana Arborizada
ASTERACEAE,Calea irwinii,Savana Parque
FABACEAE,Calliandra gardneri,Floresta Estacional Sempre-verde de Submontana
FABACEAE,Calliandra gardneri,Savana
FABACEAE,Calliandra gardneri,Savana Arborizada
FABACEAE,Calliandra gardneri,Savana Gramíneo-Lenhosa
FABACEAE,Calliandra gardneri,Savana Parque
FABACEAE,Calliandra imbricata,Savana
FABACEAE,Calliandra imbricata,Savana Parque
FABACEAE,Calliandra linearis,Floresta Estacional Sempre-verde de Submontana
FABACEAE,Calliandra linearis,Savana
FABACEAE,Calliandra linearis,Savana Parque
FABACEAE,Calliandra santosiana,Savana
FABACEAE,Calliandra santosiana,Savana Parque
FABACEAE,Calliandra semisepulta,Savana
FABACEAE,Calliandra semisepulta,Savana Arborizada
FABACEAE,Calliandra semisepulta,Savana Parque
FABACEAE,Calliandra semisepulta,Savana Estépica
FABACEAE,Calliandra semisepulta,Outros
VOCHYSIACEAE,Callisthene erythroclada,Savana
VOCHYSIACEAE,Callisthene erythroclada,Floresta Estacional Semidecidual
VOCHYSIACEAE,Callisthene erythroclada,Floresta Estacional Semidecidual Aluvial
MYRTACEAE,Calycolpus australis,Savana Parque
MYRTACEAE,Calycolpus australis,Savana Gramíneo-Lenhosa
MYRTACEAE,Calycolpus australis,Floresta Ombrófila Aberta Submontana
MELASTOMATACEAE,Cambessedesia cambessedesioides,Savana Parque
MELASTOMATACEAE,Cambessedesia cambessedesioides,Afloramento Rochoso
MELASTOMATACEAE,Cambessedesia cambessedesioides,Refúgios Ecológicos Montanos
MELASTOMATACEAE,Cambessedesia pityrophylla,Savana Parque
MELASTOMATACEAE,Cambessedesia pityrophylla,Savana Gramíneo-Lenhosa
MELASTOMATACEAE,Cambessedesia pityrophylla,Afloramento Rochoso
MELASTOMATACEAE,Cambessedesia salviifolia,Savana Parque
MELASTOMATACEAE,Cambessedesia semidecandra,Savana Arborizada
MELASTOMATACEAE,Cambessedesia semidecandra,Savana Florestada
MELASTOMATACEAE,Cambessedesia semidecandra,Savana Parque
CUCURBITACEAE,Cayaponia rugosa,Savana Gramíneo-Lenhosa
MELASTOMATACEAE,Chaetostoma flavum,Savana Parque
MELASTOMATACEAE,Chaetostoma inerme,Savana Parque
MELASTOMATACEAE,Chaetostoma scoparium,Savana Parque
MELASTOMATACEAE,Chaetostoma selagineum,Savana Parque
MELASTOMATACEAE,Chaetostoma selagineum,Savana Gramíneo-Lenhosa
MELASTOMATACEAE,Chaetostoma stenocladon,Savana Parque
FABACEAE,Chamaecrista adamantina,Savana
FABACEAE,Chamaecrista adamantina,Savana Parque
FABACEAE,Chamaecrista altoana,Savana
FABACEAE,Chamaecrista altoana,Savana Parque
FABACEAE,Chamaecrista caiapo,Savana
FABACEAE,Chamaecrista caiapo,Savana Arborizada
FABACEAE,Chamaecrista caracensis,Savana
FABACEAE,Chamaecrista caracensis,Savana Parque
FABACEAE,Chamaecrista catapodia,Savana
FABACEAE,Chamaecrista catapodia,Savana Parque
FABACEAE,Chamaecrista catiarae,Savana
FABACEAE,Chamaecrista catiarae,Savana Arborizada
FABACEAE,Chamaecrista centiflora,Savana
FABACEAE,Chamaecrista centiflora,Savana Arborizada
FABACEAE,Chamaecrista centiflora,Savana Parque
FABACEAE,Chamaecrista coradinii,Savana
FABACEAE,Chamaecrista coradinii,Savana Arborizada
FABACEAE,Chamaecrista coradinii,Savana Estépica
FABACEAE,Chamaecrista coradinii,Outros
FABACEAE,Chamaecrista coriacea,Savana
FABACEAE,Chamaecrista coriacea,Savana Parque
FABACEAE,Chamaecrista deltoidea,Savana
FABACEAE,Chamaecrista dumalis,Savana
FABACEAE,Chamaecrista dumalis,Savana Arborizada
FABACEAE,Chamaecrista dumalis,Savana Estépica
FABACEAE,Chamaecrista ericifolia,Savana
FABACEAE,Chamaecrista ericifolia,Savana Parque
FABACEAE,Chamaecrista fuscescens,Savana
FABACEAE,Chamaecrista geraldii,Savana
FABACEAE,Chamaecrista geraldii,Savana Parque
FABACEAE,Chamaecrista gumminans,Savana
FABACEAE,Chamaecrista gumminans,Savana Parque
FABACEAE,Chamaecrista gymnothyrsa,Savana
FABACEAE,Chamaecrista gymnothyrsa,Savana Arborizada
FABACEAE,Chamaecrista hatschbachii,Savana Parque
FABACEAE,Chamaecrista itabiritoana,Savana
FABACEAE,Chamaecrista itabiritoana,Savana Parque
FABACEAE,Chamaecrista ixodes,Savana
FABACEAE,Chamaecrista ixodes,Savana Parque
FABACEAE,Chamaecrista lavradioides,Savana
FABACEAE,Chamaecrista lavradioides,Savana Parque
FABACEAE,Chamaecrista lavradioides,Savana Arborizada
FABACEAE,Chamaecrista leucopilis,Savana
FABACEAE,Chamaecrista leucopilis,Savana Parque
FABACEAE,Chamaecrista macedoi,Savana
FABACEAE,Chamaecrista macedoi,Savana Parque
FABACEAE,Chamaecrista macedoi,Savana Arborizada
FABACEAE,Chamaecrista ochrosperma,Floresta Estacional Sempre-verde de Submontana
FABACEAE,Chamaecrista ochrosperma,Savana
FABACEAE,Chamaecrista ochrosperma,Savana Arborizada
FABACEAE,Chamaecrista ochrosperma,Savana Parque
FABACEAE,Chamaecrista pachyclada,Savana
FABACEAE,Chamaecrista pachyclada,Savana Arborizada
FABACEAE,Chamaecrista pachyclada,Savana Parque
FABACEAE,Chamaecrista phyllostachya,Savana
FABACEAE,Chamaecrista phyllostachya,Savana Parque
FABACEAE,Chamaecrista pilicarpa,Savana
FABACEAE,Chamaecrista pilicarpa,Savana Parque
FABACEAE,Chamaecrista polymorpha,Savana
FABACEAE,Chamaecrista polymorpha,Savana Parque
FABACEAE,Chamaecrista psoraleopsis,Savana
FABACEAE,Chamaecrista psoraleopsis,Savana Parque
FABACEAE,Chamaecrista simplifacta,Savana
FABACEAE,Chamaecrista simplifacta,Savana Parque
FABACEAE,Chamaecrista vauthieri,Savana
FABACEAE,Chamaecrista vauthieri,Savana Parque
FABACEAE,Chamaecrista virginis,Savana
FABACEAE,Chamaecrista virginis,Savana Arborizada
ASTERACEAE,Chrysolaena dusenii,Savana Parque
CACTACEAE,Cipocereus pleurocarpus,Savana Parque
POLYGONACEAE,Coccoloba cereifera,Savana Parque
ERIOCAULACEAE,Comanthera cipoensis,Savana Parque
ERIOCAULACEAE,Comanthera circinnata,Savana
ERIOCAULACEAE,Comanthera curralensis,Savana Parque
ERIOCAULACEAE,Comanthera floccosa,Savana Parque
ERIOCAULACEAE,Comanthera floccosa,Savana Estépica
ERIOCAULACEAE,Comanthera hatschbachii,Savana Parque
MELASTOMATACEAE,Comolia edmundoi,Savana Parque
FABACEAE,Crotalaria goiasensis,Savana
FABACEAE,Crotalaria goiasensis,Savana Parque
FABACEAE,Crotalaria goiasensis,Floresta Estacional Sempre-verde de Submontana
FABACEAE,Crotalaria goiasensis,Outros
FABACEAE,Crotalaria irwinii,Savana
FABACEAE,Crotalaria irwinii,Savana Parque
FABACEAE,Crotalaria irwinii,Savana Arborizada
FABACEAE,Crotalaria irwinii,Floresta Estacional Sempre-verde de Submontana
FABACEAE,Crotalaria rufipila,Savana
FABACEAE,Crotalaria rufipila,Savana Arborizada
FABACEAE,Crotalaria rufipila,Savana Parque
EUPHORBIACEAE,Croton arlineae,Savana Parque
CYPERACEAE,Cryptangium humile,Savana
LYTHRACEAE,Cuphea anamariae,Savana Parque
LYTHRACEAE,Cuphea cunninghamiifolia,Savana
LYTHRACEAE,Cuphea disperma,Savana Parque
LYTHRACEAE,Cuphea fuchsiifolia,Savana Arborizada
LYTHRACEAE,Cuphea glareosa,Savana Parque
LYTHRACEAE,Cuphea glareosa,Savana Estépica
LYTHRACEAE,Cuphea lucens,Savana Florestada
LYTHRACEAE,Cuphea potamophila,Savana Florestada
LYTHRACEAE,Cuphea sclerophylla,Savana Gramíneo-Lenhosa
LYTHRACEAE,Cuphea sclerophylla,Savana Parque
LYTHRACEAE,Cuphea sclerophylla,Campinarana Arborizada
LYTHRACEAE,Cuphea sincorana,Savana Parque
LYTHRACEAE,Cuphea sincorana,Savana Gramíneo-Lenhosa
LYTHRACEAE,Cuphea warmingii,Savana
LYTHRACEAE,Cuphea xanthopetala,Savana
CYPERACEAE,Cyperus almensis,Savana
CYPERACEAE,Cyperus almensis,Savana Estépica
ASTERACEAE,Dasyphyllum reticulatum,Savana Parque
ASTERACEAE,Dasyphyllum retinens,Savana Parque
FABACEAE,Desmodium glabrescens,Savana
FABACEAE,Desmodium glabrescens,Savana Arborizada
FABACEAE,Desmodium juruenense,Floresta Estacional Sempre-verde de Submontana
FABACEAE,Desmodium juruenense,Campinarana Gramíneo-Lenhosa.
FABACEAE,Desmodium juruenense,Campinarana Arborizada
POACEAE,Dichanthelium aequivaginatum,Savana Parque
POACEAE,Dichanthelium aequivaginatum,Vegetação de Restinga
POACEAE,Dichanthelium aequivaginatum,Área de Formações Pioneiras
POACEAE,Dichanthelium assurgens,Sistema da Vegetação Secundária
POACEAE,Dichanthelium congestum,Savana Parque
POACEAE,Dichanthelium sendulskyii,Savana Parque
POACEAE,Digitaria chaseae,Savana
POACEAE,Digitaria pampinosa,Savana Parque
RUBIACEAE,Diodia macrophylla,Savana Parque
EBENACEAE,Diospyros mexiae,Savana
LYTHRACEAE,Diplusodon adpressipilus,Savana Parque
LYTHRACEAE,Diplusodon alatus,Savana Parque
LYTHRACEAE,Diplusodon alatus,Savana Gramíneo-Lenhosa
LYTHRACEAE,Diplusodon appendiculosus,Savana
LYTHRACEAE,Diplusodon argenteus,Savana
LYTHRACEAE,Diplusodon argenteus,Savana Parque
LYTHRACEAE,Diplusodon bradei,Savana Parque
LYTHRACEAE,Diplusodon canastrensis,Savana Parque
LYTHRACEAE,Diplusodon capitalensis,Savana
LYTHRACEAE,Diplusodon capitatus,Savana
LYTHRACEAE,Diplusodon chapadensis,Savana Gramíneo-Lenhosa
LYTHRACEAE,Diplusodon decussatus,Savana Parque
LYTHRACEAE,Diplusodon decussatus,Savana Gramíneo-Lenhosa
LYTHRACEAE,Diplusodon floribundus,Savana
LYTHRACEAE,Diplusodon glocimarii,Savana
LYTHRACEAE,Diplusodon grahamae,Savana Parque
LYTHRACEAE,Diplusodon heringeri,Savana Parque
LYTHRACEAE,Diplusodon leucocalycinus,Savana Parque
LYTHRACEAE,Diplusodon longipes,Savana
LYTHRACEAE,Diplusodon longipes,Savana Parque
LYTHRACEAE,Diplusodon mattogrossensis,Savana
LYTHRACEAE,Diplusodon mononeuros,Savana Parque
LYTHRACEAE,Diplusodon nigricans,Savana Parque
LYTHRACEAE,Diplusodon parvifolius,Savana Parque
LYTHRACEAE,Diplusodon parvifolius,Savana
LYTHRACEAE,Diplusodon petiolatus,Savana Parque
LYTHRACEAE,Diplusodon plumbeus,Savana Parque
LYTHRACEAE,Diplusodon pygmaeus,Savana Parque
LYTHRACEAE,Diplusodon pygmaeus,Savana
LYTHRACEAE,Diplusodon rosmarinifolius,Savana
LYTHRACEAE,Diplusodon rotundifolius,Savana Parque
LYTHRACEAE,Diplusodon rupestris,Savana Parque
LYTHRACEAE,Diplusodon rupestris,Savana Gramíneo-Lenhosa
LYTHRACEAE,Diplusodon saxatilis,Savana
LYTHRACEAE,Diplusodon sigillatus,Savana
LYTHRACEAE,Diplusodon sordidus,Savana Parque
LYTHRACEAE,Diplusodon thysanosepalus,Savana
LYTHRACEAE,Diplusodon trigintus,Savana
APOCYNACEAE,Ditassa emmerichii,Savana Parque
APOCYNACEAE,Ditassa insignis,Savana Parque
APOCYNACEAE,Ditassa obscura,Savana Parque
MORACEAE,Dorstenia contensis,Floresta Ombrófila Mista Montana
MORACEAE,Dorstenia contensis,Savana Parque
MORACEAE,Dorstenia strangii,Floresta Ombrófila Densa Submontana
MORACEAE,Dorstenia strangii,Savana Parque
BROMELIACEAE,Dyckia brachyphylla,Savana Parque
BROMELIACEAE,Dyckia densiflora,Savana Parque
BROMELIACEAE,Dyckia mello-barretoi,Savana Parque
BROMELIACEAE,Dyckia pectinata,Savana
ALISMATACEAE,Echinodorus lanceolatus,Savana
CYPERACEAE,Eleocharis loefgreniana,Savana Parque
CYPERACEAE,Eleocharis morroi,Savana Parque
CYPERACEAE,Eleocharis olivaceonux,Savana Parque
BROMELIACEAE,Encholirium reflexum,Savana Parque
ASTERACEAE,Eremanthus pabstii,Savana Parque
ERIOCAULACEAE,Eriocaulon aquatile,Savana Parque
ERIOCAULACEAE,Eriocaulon aquatile,Savana Florestada
ERIOCAULACEAE,Eriocaulon burchellii,Savana Arborizada
ERIOCAULACEAE,Eriocaulon cipoense,Savana
ERIOCAULACEAE,Eriocaulon griseum,Savana Estépica
ERIOCAULACEAE,Eriocaulon griseum,Savana
ERIOCAULACEAE,Eriocaulon papillosum,Savana Parque
ERIOCAULACEAE,Eriocaulon papillosum,Savana Gramíneo-Lenhosa
ERIOCAULACEAE,Eriocaulon papillosum,Savana Arborizada
ERIOCAULACEAE,Eriocaulon papillosum,Savana Florestada
LAMIACEAE,Eriope angustifolia,Savana Parque
LAMIACEAE,Eriope confusa,Savana Parque
LAMIACEAE,Eriope filifolia,Savana
LAMIACEAE,Eriope filifolia,Savana Parque
LAMIACEAE,Eriope montana,Savana Parque
LAMIACEAE,Eriope sincorana,Savana Parque
LAMIACEAE,Eriope xavantium,Savana
OROBANCHACEAE,Esterhazya nanuzae,Savana Parque
CONVOLVULACEAE,Evolvulus chapadensis,Savana Parque
CONVOLVULACEAE,Evolvulus gnaphalioides,Savana Parque
CONVOLVULACEAE,Evolvulus gnaphalioides,Savana Estépica
MORACEAE,Ficus carautana,Savana Parque
MORACEAE,Ficus carautana,Savana Estépica Úmida
RUBIACEAE,Galianthe macedoi,Savana Parque
RUBIACEAE,Galianthe matogrossiana,Savana
AMARANTHACEAE,Gomphrena hermogenesii,Savana Parque
AMARANTHACEAE,Gomphrena hillii,Savana Parque
AMARANTHACEAE,Gomphrena marginata,Savana Parque
AMARANTHACEAE,Gomphrena marginata,Savana Gramíneo-Lenhosa
POACEAE,Guadua magna,Savana Parque
ORCHIDACEAE,Habenaria meeana,Savana Parque
ORCHIDACEAE,Habenaria pseudohamata,Savana Parque
ORCHIDACEAE,Hadrolaelia praestans,Savana Arborizada
ORCHIDACEAE,Hadrolaelia praestans,Savana Florestada
CHRYSOBALANACEAE,Hirtella juruensis,Floresta Ombrófila Aberta Aluvial
ORCHIDACEAE,Hoffmannseggella pendula,Savana Parque
ORCHIDACEAE,Hoffmannseggella pfisteri,Savana Parque
LAMIACEAE,Hypenia paradisi,Savana
LAMIACEAE,Hyptidendron dictiocalyx,Savana
LAMIACEAE,Hyptis argyrophylla,Savana Parque
LAMIACEAE,Hyptis asteroides,Savana
LAMIACEAE,Hyptis coriacea,Savana Parque
LAMIACEAE,Hyptis cuniloides,Savana
LAMIACEAE,Hyptis hagei,Savana Parque
LAMIACEAE,Hyptis halimifolia,Savana Parque
LAMIACEAE,Hyptis humilis,Savana
LAMIACEAE,Hyptis irwinii,Savana
LAMIACEAE,Hyptis irwinii,Savana Parque
LAMIACEAE,Hyptis loeseneriana,Savana
LAMIACEAE,Hyptis nivea,Savana Parque
LAMIACEAE,Hyptis nubicola,Savana Parque
LAMIACEAE,Hyptis silvinae,Savana Parque
LAMIACEAE,Hyptis tenuifolia,Savana
ASTERACEAE,Ichthyothere mattogrossensis,Savana Parque
ASTERACEAE,Ichthyothere petiolata,Savana Parque
AQUIFOLIACEAE,Ilex mucugensis,Savana Parque
CONVOLVULACEAE,Ipomoea calyptrata,Savana Parque
BIGNONIACEAE,Jacaranda racemosa,Savana Parque
MALPIGHIACEAE,Janusia christianeae,Savana
ACANTHACEAE,Justicia clivalis,Afloramento Rochoso
ACANTHACEAE,Justicia clivalis,Floresta Estacional Sempre-verde de Submontana
CALOPHYLLACEAE,Kielmeyera anisosepala,Savana Parque
CALOPHYLLACEAE,Kielmeyera juruensis,Savana Parque
CALOPHYLLACEAE,Kielmeyera trichophora,Savana Parque
CYPERACEAE,Lagenocarpus adamantinus,Savana
CUNONIACEAE,Lamanonia brasiliensis,Floresta Estacional Sempre-verde de Submontana
CUNONIACEAE,Lamanonia brasiliensis,Savana
VERBENACEAE,Lantana gracilis,Savana Parque
BROMELIACEAE,Lapanthus itambensis,Savana Parque
MELASTOMATACEAE,Lavoisiera adamantium,Savana Parque
MELASTOMATACEAE,Lavoisiera angustifolia,Savana Parque
MELASTOMATACEAE,Lavoisiera bradeana,Savana Parque
MELASTOMATACEAE,Lavoisiera caryophyllea,Savana Parque
MELASTOMATACEAE,Lavoisiera firmula,Savana Parque
MELASTOMATACEAE,Lavoisiera harleyi,Savana Parque
MELASTOMATACEAE,Lavoisiera humilis,Savana Parque
MELASTOMATACEAE,Lavoisiera macrocarpa,Savana Parque
MELASTOMATACEAE,Lavoisiera mucorifera,Savana Parque
MELASTOMATACEAE,Lavoisiera punctata,Savana Parque
MELASTOMATACEAE,Lavoisiera senaei,Savana Parque
MELASTOMATACEAE,Lavoisiera subulata,Savana Parque
MELASTOMATACEAE,Lavoisiera tetragona,Savana Parque
ERIOCAULACEAE,Leiothrix cipoensis,Savana Parque
ERIOCAULACEAE,Leiothrix crassifolia,Savana Parque
ERIOCAULACEAE,Leiothrix crassifolia,Campinarana Gramíneo-Lenhosa.
ERIOCAULACEAE,Leiothrix distichoclada,Savana Parque
ERIOCAULACEAE,Leiothrix fulgida var. milho-verdensis,Savana Parque
ERIOCAULACEAE,Leiothrix fulgida var. milho-verdensis,Savana Gramíneo-Lenhosa
ERIOCAULACEAE,Leiothrix fulgida var. milho-verdensis,Savana Arborizada
ERIOCAULACEAE,Leiothrix luxurians,Savana Parque
ERIOCAULACEAE,Leiothrix rupestris,Savana Parque
ERIOCAULACEAE,Leiothrix rupestris,Savana Gramíneo-Lenhosa
ERIOCAULACEAE,Leiothrix sclerophylla,Savana Parque
ERIOCAULACEAE,Leiothrix sinuosa,Savana Parque
ERIOCAULACEAE,Leiothrix spiralis,Savana Parque
ORCHIDACEAE,Leptotes vellozicola,Savana Parque
ASTERACEAE,Lessingianthus scaposus,Refúgios Ecológicos Alto-montanos
CHRYSOBALANACEAE,Licania maguirei,Floresta Estacional Decidual Aluvial
VERBENACEAE,Lippia ciliata,Savana
VERBENACEAE,Lippia diamantinensis,Savana Parque
VERBENACEAE,Lippia duartei,Savana
VERBENACEAE,Lippia gardneriana,Savana
VERBENACEAE,Lippia grandiflora,Savana
VERBENACEAE,Lippia rubella,Savana
CAMPANULACEAE,Lobelia brasiliensis,Savana
BALANOPHORACEAE,Lophophytum rizzoi,Savana Parque
BIGNONIACEAE,Lundia damazii,Savana Arborizada
OCHNACEAE,Luxemburgia ciliatibracteata,Savana Parque
OCHNACEAE,Luxemburgia damazioana,Savana Parque
OCHNACEAE,Luxemburgia diciliata,Savana Parque
OCHNACEAE,Luxemburgia hatschbachiana,Savana Parque
OCHNACEAE,Luxemburgia speciosa,Savana Parque
MONIMIACEAE,Macropeplus schwackeanus,Savana Parque
MONIMIACEAE,Macropeplus schwackeanus,Floresta Estacional Decidual Montana
MONIMIACEAE,Macropeplus schwackeanus,Floresta Estacional Decidual de Submontana
APOCYNACEAE,Mandevilla rubra,Savana Parque
APOCYNACEAE,Mandevilla semirii,Savana Estépica
APOCYNACEAE,Mandevilla semirii,Savana Parque
APOCYNACEAE,Mandevilla semirii,Savana Estépica Parque
APOCYNACEAE,Marsdenia neomanarae,Savana Parque
APOCYNACEAE,Marsdenia sessilifolia,Floresta Ombrófila Densa Submontana
APOCYNACEAE,Marsdenia sessilifolia,Savana Parque
APOCYNACEAE,Marsdenia sessilifolia,Savana Estépica
MALPIGHIACEAE,Mascagnia aptera,Savana
MALPIGHIACEAE,Mascagnia aptera,Refúgios Ecológicos Alto-montanos
APOCYNACEAE,Matelea matogrossensis,Savana
CELASTRACEAE,Maytenus opaca,Savana Parque
POACEAE,Mesosetum alatum,Savana Parque
POACEAE,Mesosetum longiaristatum,Savana Parque
MELASTOMATACEAE,Microlicia balsamifera,Savana Parque
MELASTOMATACEAE,Microlicia cipoana,Savana Parque
MELASTOMATACEAE,Microlicia crebropunctata,Savana Parque
MELASTOMATACEAE,Microlicia giuliettiana,Savana Parque
MELASTOMATACEAE,Microlicia minima,Savana Parque
MELASTOMATACEAE,Microlicia monticola,Savana Parque
MELASTOMATACEAE,Microlicia mucugensis,Savana Parque
MELASTOMATACEAE,Microlicia noblickii,Savana Parque
MELASTOMATACEAE,Microlicia oligochaeta,Savana Parque
MELASTOMATACEAE,Microlicia ordinata,Savana Parque
MELASTOMATACEAE,Microlicia petasensis,Savana Parque
MELASTOMATACEAE,Microlicia pinheiroi,Savana Parque
MELASTOMATACEAE,Microlicia scoparia,Savana Parque
MELASTOMATACEAE,Microlicia sincorensis,Savana Parque
MELASTOMATACEAE,Microlicia subaequalis,Savana Parque
MELASTOMATACEAE,Microlicia subalata,Savana Parque
MELASTOMATACEAE,Microlicia suborbicularifolia,Savana Parque
MELASTOMATACEAE,Microlicia tenuifolia,Savana Parque
MELASTOMATACEAE,Microlicia trichocalycina,Savana Parque
MELASTOMATACEAE,Microlicia vernicosa,Savana Parque
FABACEAE,Mimosa cryptothamnos,Savana
FABACEAE,Mimosa cryptothamnos,Savana Parque
FABACEAE,Mimosa cryptothamnos,Savana Arborizada
FABACEAE,Mimosa cyclophylla,Savana
FABACEAE,Mimosa cyclophylla,Savana Parque
FABACEAE,Mimosa decorticans,Savana
FABACEAE,Mimosa decorticans,Savana Parque
FABACEAE,Mimosa decorticans,Savana Arborizada
FABACEAE,Mimosa humivagans,Savana
FABACEAE,Mimosa humivagans,Savana Arborizada
FABACEAE,Mimosa laniceps,Savana
FABACEAE,Mimosa laniceps,Savana Parque
FABACEAE,Mimosa laniceps,Savana Estépica Úmida
FABACEAE,Mimosa laniceps,Floresta Estacional Sempre-verde de Submontana
FABACEAE,Mimosa lepidophora,Savana
FABACEAE,Mimosa lepidophora,Savana Arborizada
FABACEAE,Mimosa lepidophora,Savana Estépica
FABACEAE,Mimosa manidea,Savana
FABACEAE,Mimosa manidea,Savana Arborizada
FABACEAE,Mimosa manidea,Savana Parque
FABACEAE,Mimosa manidea,Savana Estépica Úmida
FABACEAE,Mimosa manidea,Floresta Estacional Sempre-verde de Submontana
FABACEAE,Mimosa oligosperma,Savana
FABACEAE,Mimosa oligosperma,Savana Arborizada
FABACEAE,Mimosa oligosperma,Savana Parque
FABACEAE,Mimosa pycnocoma,Savana
FABACEAE,Mimosa pycnocoma,Savana Arborizada
FABACEAE,Mimosa pyrenea,Savana
FABACEAE,Mimosa pyrenea,Savana Parque
FABACEAE,Mimosa pyrenea,Savana Arborizada
FABACEAE,Mimosa pyrenea,Savana Gramíneo-Lenhosa
FABACEAE,Mimosa pyrenea,Floresta Estacional Sempre-verde de Submontana
FABACEAE,Mimosa regina,Savana
FABACEAE,Mimosa regina,Savana Arborizada
FABACEAE,Mimosa regina,Savana Parque
FABACEAE,Mimosa setosissima,Savana
FABACEAE,Mimosa setosissima,Savana Parque
FABACEAE,Mimosa setosissima,Savana Gramíneo-Lenhosa
FABACEAE,Mimosa setosissima,Floresta Estacional Sempre-verde de Submontana
FABACEAE,Mimosa splendida,Savana
FABACEAE,Mimosa splendida,Savana Parque
FABACEAE,Mimosa splendida,Savana Arborizada
FABACEAE,Mimosa ulbrichiana,Savana
FABACEAE,Mimosa ulbrichiana,Savana Parque
FABACEAE,Mimosa ulbrichiana,Savana Estépica
FABACEAE,Mimosa ulbrichiana,Savana Arborizada
FABACEAE,Mimosa ulei,Savana
FABACEAE,Mimosa ulei,Savana Arborizada
FABACEAE,Mimosa ulei,Savana Parque
FABACEAE,Mimosa virgula,Savana
FABACEAE,Mimosa virgula,Savana Parque
ASTERACEAE,Minasia cabralensis,Refúgios Ecológicos Alto-montanos
ASTERACEAE,Minasia lewinsohnii,Savana
RUBIACEAE,Mitracarpus pusillus,Savana Parque
FABACEAE,Moldenhawera acuminata,Savana
FABACEAE,Moldenhawera acuminata,Savana Florestada
FABACEAE,Moldenhawera acuminata,Floresta Estacional Semidecidual
PRIMULACEAE,Myrsine cipoensis,Savana Parque
APOCYNACEAE,Nephradenia filipes,Savana Parque
POACEAE,Ophiochloa bryoides,Savana Parque
BROMELIACEAE,Orthophytum mello-barretoi,Savana Parque
BROMELIACEAE,Orthophytum schulzianum,Savana Parque
POACEAE,Otachyrium piligerum,Savana Parque
OCHNACEAE,Ouratea acicularis,Savana Arborizada
OCHNACEAE,Ouratea acicularis,Savana Parque
OXALIDACEAE,Oxalis pretoensis,Savana Gramíneo-Lenhosa
OXALIDACEAE,Oxalis veadeirosensis,Savana Parque
APOCYNACEAE,Oxypetalum habrogynum,Savana
APOCYNACEAE,Oxypetalum helios,Savana Parque
APOCYNACEAE,Oxypetalum pardense,Savana Parque
APOCYNACEAE,Oxypetalum pardense,Floresta Estacional Semidecidual
ERIOCAULACEAE,Paepalanthus albidus,Savana Parque
ERIOCAULACEAE,Paepalanthus albo-tomentosus,Savana Parque
ERIOCAULACEAE,Paepalanthus almasensis,Savana Parque
ERIOCAULACEAE,Paepalanthus anamariae,Savana
ERIOCAULACEAE,Paepalanthus argenteus,Savana
ERIOCAULACEAE,Paepalanthus aureus,Savana
ERIOCAULACEAE,Paepalanthus barbiger,Savana
ERIOCAULACEAE,Paepalanthus barbulatus,Savana Parque
ERIOCAULACEAE,Paepalanthus cinereus,Savana Parque
ERIOCAULACEAE,Paepalanthus complanatus,Savana
ERIOCAULACEAE,Paepalanthus contasensis,Savana Parque
ERIOCAULACEAE,Paepalanthus cordatus,Savana
ERIOCAULACEAE,Paepalanthus digitiformis,Savana Parque
ERIOCAULACEAE,Paepalanthus digitiformis,Savana Florestada
ERIOCAULACEAE,Paepalanthus erigeron,Savana Parque
ERIOCAULACEAE,Paepalanthus erigeron,Savana Arborizada
ERIOCAULACEAE,Paepalanthus globulifer,Savana Parque
ERIOCAULACEAE,Paepalanthus harleyi,Savana Parque
ERIOCAULACEAE,Paepalanthus harleyi,Savana Estépica
ERIOCAULACEAE,Paepalanthus homomallus,Savana
ERIOCAULACEAE,Paepalanthus inopinatus,Savana Gramíneo-Lenhosa
ERIOCAULACEAE,Paepalanthus inopinatus,Campinarana Florestada
ERIOCAULACEAE,Paepalanthus luetzelburgii,Savana Parque
ERIOCAULACEAE,Paepalanthus luetzelburgii,Savana Florestada
ERIOCAULACEAE,Paepalanthus obtusifolius,Savana Parque
ERIOCAULACEAE,Paepalanthus obtusifolius,Savana Florestada
ERIOCAULACEAE,Paepalanthus pulvinatus,Savana Parque
ERIOCAULACEAE,Paepalanthus pulvinatus,Savana Estépica
ERIOCAULACEAE,Paepalanthus revolutus,Savana Gramíneo-Lenhosa
ERIOCAULACEAE,Paepalanthus rupestris,Savana Parque
ERIOCAULACEAE,Paepalanthus senaeanus,Savana Parque
ERIOCAULACEAE,Paepalanthus stannardii,Savana Parque
ERIOCAULACEAE,Paepalanthus stannardii,Savana Florestada
ERIOCAULACEAE,Paepalanthus stannardii,Savana Gramíneo-Lenhosa
ERIOCAULACEAE,Paepalanthus stannardii,Savana Estépica
ERIOCAULACEAE,Paepalanthus stuetzelii,Savana Parque
ERIOCAULACEAE,Paepalanthus superbus,Savana Parque
ERIOCAULACEAE,Paepalanthus superbus,Savana Florestada
ERIOCAULACEAE,Paepalanthus urbanianus,Savana Parque
ERIOCAULACEAE,Paepalanthus urbanianus,Savana Gramíneo-Lenhosa
GESNERIACEAE,Paliavana plumerioides,Savana
POACEAE,Panicum ephemeroides,Savana Estépica Úmida
POACEAE,Panicum noterophilum,Savana Parque
POACEAE,Panicum nutabundum,Savana Parque
POACEAE,Panicum nutabundum,Savana Estépica
CARYOPHYLLACEAE,Paronychia fasciculata,Savana Parque
CARYOPHYLLACEAE,Paronychia fasciculata,Savana Arborizada
POACEAE,Paspalum biaristatum,Savana Parque
POACEAE,Paspalum biaristatum,Savana
POACEAE,Paspalum brachytrichum,Savana Parque
POACEAE,Paspalum burmanii,Savana Parque
POACEAE,Paspalum burmanii,Savana
POACEAE,Paspalum cachimboense,Savana Parque
POACEAE,Paspalum cachimboense,Savana
POACEAE,Paspalum cachimboense,Campinarana Arbustiva
POACEAE,Paspalum filgueirasii,Savana Parque
POACEAE,Paspalum filgueirasii,Savana Estépica Úmida
POACEAE,Paspalum longiaristatum,Savana
POACEAE,Paspalum petrense,Savana Parque
POACEAE,Paspalum vallsii,Savana
PASSIFLORACEAE,Passiflora hypoglauca,Savana
PASSIFLORACEAE,Passiflora mucugeana,Floresta Estacional Semidecidual Montana
PASSIFLORACEAE,Passiflora mucugeana,Savana Parque
MALPIGHIACEAE,Peixotoa anadenanthera,Savana
MALPIGHIACEAE,Peixotoa anadenanthera,Savana Gramíneo-Lenhosa
PIPERACEAE,Peperomia warmingii,Savana
SCROPHULARIACEAE,Philcoxia goiasensis,Savana Parque
SCROPHULARIACEAE,Philcoxia minensis,Savana
ARACEAE,Philodendron cipoense,Savana
ARACEAE,Philodendron cipoense,Savana Parque
ARACEAE,Philodendron pachyphyllum,Savana
ARACEAE,Philodendron pachyphyllum,Savana Parque
ARACEAE,Philodendron rhizomatosum,Savana
ARACEAE,Philodendron rhizomatosum,Savana Parque
ARACEAE,Philodendron rhizomatosum,Outros
SANTALACEAE,Phoradendron anamariae,Savana
OROBANCHACEAE,Physocalyx scaberrimus,Savana Parque
TURNERACEAE,Piriqueta araguaiana,Floresta Estacional Sempre-verde de Submontana
TURNERACEAE,Piriqueta caiapoensis,Savana
TURNERACEAE,Piriqueta caiapoensis,Savana Arborizada
TURNERACEAE,Piriqueta cristobaliae,Savana
TURNERACEAE,Piriqueta cristobaliae,Savana Arborizada
TURNERACEAE,Piriqueta emasensis,Savana Florestada
TURNERACEAE,Piriqueta emasensis,Savana Parque
TURNERACEAE,Piriqueta lourteigiae,Savana
TURNERACEAE,Piriqueta lourteigiae,Savana Arborizada
TURNERACEAE,Piriqueta lourteigiae,Savana Florestada
BROMELIACEAE,Pitcairnia curvidens,Savana Parque
MYRTACEAE,Plinia nana,Savana Parque
MYRTACEAE,Plinia nana,Savana Arborizada
MYRTACEAE,Plinia nana,Savana Florestada
ACANTHACEAE,Poikilacanthus bahiensis,Floresta Estacional Decidual de Submontana
ACANTHACEAE,Poikilacanthus bahiensis,Savana
ACANTHACEAE,Poikilacanthus bahiensis,Savana Estépica
ACANTHACEAE,Poikilacanthus bahiensis,Savana Parque
ACANTHACEAE,Poikilacanthus bahiensis,Outros
FABACEAE,Poiretia bahiana,Floresta Estacional Sempre-verde de Submontana
FABACEAE,Poiretia bahiana,Savana
FABACEAE,Poiretia bahiana,Savana Parque
FABACEAE,Poiretia marginata,Savana
FABACEAE,Poiretia marginata,Savana Parque
FABACEAE,Poiretia unifoliolata,Savana
FABACEAE,Poiretia unifoliolata,Savana Parque
POLYGALACEAE,Polygala apparicioi,Refúgios Ecológicos Alto-montanos
POLYGALACEAE,Polygala asperuloides,Savana
POLYGALACEAE,Polygala bevilacquai,Savana Gramíneo-Lenhosa
POLYGALACEAE,Polygala grazielae,Savana
POLYGALACEAE,Polygala irwinii,Savana Gramíneo-Lenhosa
POLYGALACEAE,Polygala irwinii,Savana Florestada
POLYGALACEAE,Polygala juncea,Savana Gramíneo-Lenhosa
POLYGALACEAE,Polygala juncea,Savana Florestada
POLYGALACEAE,Polygala malmeana,Savana Gramíneo-Lenhosa
POLYGALACEAE,Polygala pseudocoriacea,Savana
POLYGALACEAE,Polygala suganumae,Savana Gramíneo-Lenhosa
POLYGALACEAE,Polygala trifurcata,Refúgios Ecológicos Alto-montanos
POLYGALACEAE,Polygala trifurcata,Savana
POLYGALACEAE,Polygala vollii,Campos de Altitude
POLYGALACEAE,Polygala vollii,Refúgios Ecológicos Alto-montanos
GENTIANACEAE,Prepusa montana,Savana Parque
BURSERACEAE,Protium dawsonii,Savana
MYRTACEAE,Psidium firmum,Savana Parque
MYRTACEAE,Psidium firmum,Savana Gramíneo-Lenhosa
LORANTHACEAE,Psittacanthus acinarius,Área de Formações Pioneiras
LORANTHACEAE,Psittacanthus acinarius,Formações Arbóreo-Arbustiva-Herbácia em Regiões de Várzea
LORANTHACEAE,Psittacanthus acinarius,Savana Arborizada
LORANTHACEAE,Psittacanthus acinarius,Savana Florestada
RUBIACEAE,Psyllocarpus schwackei,Savana Parque
MALPIGHIACEAE,Pterandra hatschbachii,Savana
MELASTOMATACEAE,Pterolepis rotundifolia,Savana Parque
VOCHYSIACEAE,Qualea elegans,Savana Parque
APOCYNACEAE,Rauvolfia ligustrina,Savana Parque
APOCYNACEAE,Rauvolfia ligustrina,Savana Estépica
POACEAE,Rheochloa scabrifolia,Savana Estépica Úmida
CYPERACEAE,Rhynchospora enmanuelis,Savana
CONNARACEAE,Rourea chrysomalla,Savana
CONNARACEAE,Rourea tenuis,Savana
POACEAE,Rupichloa acuminata,Savana Parque
ORCHIDACEAE,Sarcoglottis riocontensis,Savana Gramíneo-Lenhosa
OCHNACEAE,Sauvagesia lanceolata,Savana Parque
OCHNACEAE,Sauvagesia oliveirae,Savana Parque
OCHNACEAE,Sauvagesia ribeiroi,Savana Parque
OCHNACEAE,Sauvagesia ribeiroi,Savana
ARALIACEAE,Schefflera botumirimensis,Afloramento Rochoso
ARALIACEAE,Schefflera botumirimensis,Refúgios Ecológicos Alto-montanos
ARALIACEAE,Schefflera cephalantha,Savana Gramíneo-Lenhosa
ARALIACEAE,Schefflera cephalantha,Savana Estépica Úmida
ARALIACEAE,Schefflera fruticosa,Afloramento Rochoso
ARALIACEAE,Schefflera fruticosa,Refúgios Ecológicos Alto-montanos
ARALIACEAE,Schefflera lucumoides,Refúgios Ecológicos Alto-montanos
SCHOEPFIACEAE,Schoepfia velutina,Savana Arborizada
SCHOEPFIACEAE,Schoepfia velutina,Savana Florestada
GENTIANACEAE,Schultesia bahiensis,Savana Parque
GENTIANACEAE,Schultesia crenuliflora,Savana Parque
GENTIANACEAE,Schultesia crenuliflora,Savana Estépica
GENTIANACEAE,Schultesia crenuliflora,Savana Estépica Parque
GENTIANACEAE,Schultesia pachyphylla,Savana Parque
GENTIANACEAE,Schultesia piresiana,Savana Parque
GENTIANACEAE,Schultesia sucreana,Savana Parque
CYPERACEAE,Scleria cuyabensis,Savana Arborizada
CYPERACEAE,Scleria cuyabensis,Savana Parque
POLYGALACEAE,Securidaca acuminata,Savana
SOLANACEAE,Solanum eitenii,Savana Florestada
POACEAE,Sporobolus hians,Savana Parque
POACEAE,Sporobolus paucifolius,Savana Parque
VERBENACEAE,Stachytarpheta ajugifolia,Savana Parque
VERBENACEAE,Stachytarpheta discolor,Savana Parque
VERBENACEAE,Stachytarpheta froesii,Savana Parque
VERBENACEAE,Stachytarpheta integrifolia,Savana Parque
VERBENACEAE,Stachytarpheta itambensis,Savana Florestada
VERBENACEAE,Stachytarpheta itambensis,Savana
VERBENACEAE,Stachytarpheta lacunosa,Savana
VERBENACEAE,Stachytarpheta lychnitis,Savana Parque
VERBENACEAE,Stachytarpheta monachinoi,Savana
VERBENACEAE,Stachytarpheta monachinoi,Savana Parque
VERBENACEAE,Stachytarpheta pohliana,Savana
RUBIACEAE,Staelia tocantinsiana,Savana
ACANTHACEAE,Staurogyne minarum,Floresta Estacional Sempre-verde de Submontana
ACANTHACEAE,Staurogyne minarum,Floresta Estacional Decidual de Submontana
ACANTHACEAE,Staurogyne minarum,Floresta Estacional Semidecidual de Submontana
ACANTHACEAE,Stenandrium goiasense,Savana Parque
ACANTHACEAE,Stenandrium goiasense,Savana Arborizada
ACANTHACEAE,Stenandrium irwinii,Savana
ACANTHACEAE,Stenandrium irwinii,Savana Parque
ASTERACEAE,Stevia resinosa,Refúgios Ecológicos Alto-montanos
POACEAE,Streptostachys lanciflora,Savana
POACEAE,Streptostachys lanciflora,Savana Parque
LORANTHACEAE,Struthanthus microstylus,Savana
LORANTHACEAE,Struthanthus planaltinae,Savana Parque
LORANTHACEAE,Struthanthus pusillifolius,Savana Parque
LORANTHACEAE,Struthanthus pusillifolius,Floresta Estacional Sempre-verde de Submontana
LORANTHACEAE,Struthanthus rufo-furfuraceus,Savana
ARECACEAE,Syagrus werdermannii,Savana Arborizada
ARECACEAE,Syagrus werdermannii,Savana Gramíneo-Lenhosa
SYMPLOCACEAE,Symplocos glaberrima,Savana Parque
SYMPLOCACEAE,Symplocos glaberrima,Campinarana Florestada
SYMPLOCACEAE,Symplocos glaberrima,Campinarana Gramíneo-Lenhosa.
SYMPLOCACEAE,Symplocos insolita,Savana Parque
SYMPLOCACEAE,Symplocos saxatilis,Savana Parque
ERIOCAULACEAE,Syngonanthus bracteosus,Savana
ERIOCAULACEAE,Syngonanthus hygrotrichus,Savana Parque
ERIOCAULACEAE,Syngonanthus hygrotrichus,Savana Gramíneo-Lenhosa
ERIOCAULACEAE,Syngonanthus latifolius,Savana Florestada
APOCYNACEAE,Tassadia geniculata,Floresta Ombrófila Aberta Submontana
APOCYNACEAE,Tassadia geniculata,Savana Parque
APOCYNACEAE,Tassadia rizzoana,Savana
BROMELIACEAE,Tillandsia copynii,Savana Parque
BROMELIACEAE,Tillandsia copynii,Savana Estépica
BROMELIACEAE,Tillandsia copynii,Floresta Estacional Semidecidual
BROMELIACEAE,Tillandsia sprengeliana,Floresta Estacional Semidecidual
BROMELIACEAE,Tillandsia sprengeliana,Savana Parque
BROMELIACEAE,Tillandsia sprengeliana,Floresta Ombrófila Densa
MELASTOMATACEAE,Trembleya rosmarinoides,Savana Parque
COMMELINACEAE,Tripogandra elata,Savana Florestada
COMMELINACEAE,Tripogandra warmingiana,Floresta Ombrófila Densa Submontana
COMMELINACEAE,Tripogandra warmingiana,Savana Florestada
TURNERACEAE,Turnera asymmetrica,Savana Estépica
TURNERACEAE,Turnera cipoensis,Savana
TURNERACEAE,Turnera cipoensis,Savana Parque
TURNERACEAE,Turnera coccinea,Savana Parque
TURNERACEAE,Turnera coccinea,Savana Estépica
TURNERACEAE,Turnera coccinea,Outros
TURNERACEAE,Turnera collotricha,Savana
TURNERACEAE,Turnera collotricha,Savana Arborizada
TURNERACEAE,Turnera collotricha,Savana Parque
TURNERACEAE,Turnera coriacea,Savana Arborizada
TURNERACEAE,Turnera coriacea,Savana Parque
TURNERACEAE,Turnera coriacea,Savana Gramíneo-Lenhosa
TURNERACEAE,Turnera elliptica,Savana
TURNERACEAE,Turnera foliosa,Savana Arborizada
TURNERACEAE,Turnera foliosa,Savana Parque
TURNERACEAE,Turnera foliosa,Savana Arborizada
TURNERACEAE,Turnera gardneriana,Savana
TURNERACEAE,Turnera ignota,Savana
TURNERACEAE,Turnera luetzelburgii,Savana
TURNERACEAE,Turnera luetzelburgii,Savana Arborizada
TURNERACEAE,Turnera luetzelburgii,Savana Parque
TURNERACEAE,Turnera luetzelburgii,Savana Estépica
TURNERACEAE,Turnera luetzelburgii,Outros
TURNERACEAE,Turnera pinifolia,Savana
TURNERACEAE,Turnera pinifolia,Savana Parque
TURNERACEAE,Turnera pinifolia,Savana Gramíneo-Lenhosa
TURNERACEAE,Turnera pinifolia,Savana Arborizada
TURNERACEAE,Turnera princeps,Floresta Estacional Sempre-verde de Submontana
TURNERACEAE,Turnera princeps,Savana Arborizada
TURNERACEAE,Turnera reginae,Savana
TURNERACEAE,Turnera reginae,Savana Arborizada
TURNERACEAE,Turnera revoluta,Savana
TURNERACEAE,Turnera revoluta,Savana Arborizada
TURNERACEAE,Turnera revoluta,Savana Gramíneo-Lenhosa
TURNERACEAE,Turnera revoluta,Savana Parque
TURNERACEAE,Turnera revoluta,Floresta Estacional Sempre-verde de Submontana
TURNERACEAE,Turnera riedeliana,Savana
TURNERACEAE,Turnera riedeliana,Savana Arborizada
TURNERACEAE,Turnera riedeliana,Savana Parque
VELLOZIACEAE,Vellozia costata,Savana Arborizada
VELLOZIACEAE,Vellozia costata,Savana Florestada
VELLOZIACEAE,Vellozia costata,Savana Parque
VELLOZIACEAE,Vellozia crinita,Savana Parque
VELLOZIACEAE,Vellozia exilis,Savana Parque
VELLOZIACEAE,Vellozia graomogolensis,Savana Parque
VELLOZIACEAE,Vellozia luteola,Savana Parque
VELLOZIACEAE,Vellozia maxillarioides,Savana Parque
VELLOZIACEAE,Vellozia maxillarioides,Savana Arborizada
VELLOZIACEAE,Vellozia prolifera,Savana Parque
VELLOZIACEAE,Vellozia sellowii,Savana Parque
VELLOZIACEAE,Vellozia spiralis,Savana Arborizada
VELLOZIACEAE,Vellozia spiralis,Savana Florestada
VELLOZIACEAE,Vellozia spiralis,Savana Parque
VELLOZIACEAE,Vellozia tillandsioides,Savana Parque
VELLOZIACEAE,Vellozia torquata,Savana Arborizada
VELLOZIACEAE,Vellozia torquata,Savana Florestada
VELLOZIACEAE,Vellozia torquata,Savana Parque
VOCHYSIACEAE,Vochysia petraea,Savana
VOCHYSIACEAE,Vochysia pygmaea,Savana Parque
VOCHYSIACEAE,Vochysia rotundifolia,Savana
BROMELIACEAE,Vriesea densiflora,Savana
XYRIDACEAE,Xyris archeri,Refúgios Ecológicos Alto-montanos
XYRIDACEAE,Xyris diaphanobracteata,Refúgios Ecológicos Alto-montanos
XYRIDACEAE,Xyris diaphanobracteata,Savana Estépica Úmida
XYRIDACEAE,Xyris goyazensis,Savana Estépica Úmida
XYRIDACEAE,Xyris goyazensis,Refúgios Ecológicos Alto-montanos
XYRIDACEAE,Xyris itambensis,Refúgios Ecológicos Alto-montanos
XYRIDACEAE,Xyris jataiana,Refúgios Ecológicos Alto-montanos
XYRIDACEAE,Xyris lanuginosa,Refúgios Ecológicos Alto-montanos
XYRIDACEAE,Xyris mertensiana,Refúgios Ecológicos Alto-montanos
XYRIDACEAE,Xyris mertensiana,Vegetação de Restinga
XYRIDACEAE,Xyris obcordata,Refúgios Ecológicos Alto-montanos
XYRIDACEAE,Xyris paradisiaca,Refúgios Ecológicos Alto-montanos
XYRIDACEAE,Xyris pranceana,Estepe Parque
XYRIDACEAE,Xyris rupicola,Refúgios Ecológicos Alto-montanos
XYRIDACEAE,Xyris spectabilis,Refúgios Ecológicos Alto-montanos
XYRIDACEAE,Xyris subsetigera,Refúgios Ecológicos Alto-montanos
XYRIDACEAE,Xyris veruina,Savana Gramíneo-Lenhosa
XYRIDACEAE,Xyris vestita,Savana Estépica Úmida
XYRIDACEAE,Xyris vestita,Refúgios Ecológicos Alto-montanos
XYRIDACEAE,Xyris villosicarinata,Refúgios Ecológicos Alto-montanos
FABACEAE,Zornia glaziovii,Savana
FABACEAE,Zornia glaziovii,Savana Arborizada
FABACEAE,Zornia glaziovii,Floresta Estacional Sempre-verde de Submontana
FABACEAE,Zornia subsessilis,Savana
FABACEAE,Zornia subsessilis,Savana Parque
