family,scientificName,document,field,reference
ERIOCAULACEAE,"Paepalanthus cordatus ",assessment,,"MMA/ICMBio. 2009. Plano de Manejo Parque Nacional Chapada dos Veadeiros. Disponível em http://www. icmbio.gov.br/portal/images/stories/imgs-unidadescoservacao/pm_chapada_dos_veadeiros_1.pdf. Acesso em: 06 mai de 2015."
ERIOCAULACEAE,"Paepalanthus cordatus ",assessment,,"Trovó, M. 2010. Sistemática de Paepalanthoideae (Eriocaulaceae): filogenia, morfologia e taxonomia de Diphyomene (Ruhland) Trovó. Ph.D. Thesis. São Paulo, Brazil: Universidade de São Paulo."
ERIOCAULACEAE,"Paepalanthus cordatus ",assessment,,"Trovó, M. ; Echternacht, L. A. ; Sano, P.T. 2013. Distribution and conservation of Paepalanthus sect. Diphyomene (Eriocaulaceae) in Neotropical Savannas. Adansonia, v. 35, p. 195-206."
BROMELIACEAE,"Vriesea agostiniana",assessment,,"Forzza, R.C.; Costa, A.; Siqueira Filho, J.A.; Martinelli, G.; Monteiro, R.F.; Santos-Silva, F.; Saraiva, D. P.; Paixão-Souza, B.; Louzada, R.B.; Versieux, L. 2015. Bromeliaceae in Lista de Espécies da Flora do Brasil. Jardim Botânico do Rio de Janeiro. Disponível em: <http://reflora.jbrj.gov.br/jabot/floradobrasil/FB5966>. Acesso em: 31 Mar. 2015"
BROMELIACEAE,"Vriesea agostiniana",assessment,,"Mallet-Rodrigues, F., Parrini, R., & Pacheco, J. F. (2007). Birds of the Serra dos Órgãos , State of Rio de Janeiro , Southeastern Brazil : a review. Revista Brasileira de Ornitologia, 15(1), 5–35."
ERIOCAULACEAE,"Paepalanthus macer ",assessment,,"MMA/ICMBio. 2009. Plano de Manejo Parque Nacional Chapada dos Veadeiros. Disponível em http://www. icmbio.gov.br/portal/images/stories/imgs-unidadescoservacao/pm_chapada_dos_veadeiros_1.pdf. Acesso em: 06 mai de 2015."
ERIOCAULACEAE,"Paepalanthus macer ",assessment,,"Trovó, M. 2010. Sistemática de Paepalanthoideae (Eriocaulaceae): filogenia, morfologia e taxonomia de Diphyomene (Ruhland) Trovó. Ph.D. Thesis. São Paulo, Brazil: Universidade de São Paulo."
ERIOCAULACEAE,"Paepalanthus macer ",assessment,,"Trovó, M. ; Sano, P.T. Five new and narrowly distributed species of Paepalanthus section Diphyomene (Eriocaulaceae) from Central Brazil. Systematic Botany, v. 36, p. 610-620, 2011."
ERIOCAULACEAE,"Paepalanthus stellatus ",assessment,,"Trovó, M. 2010. Sistemática de Paepalanthoideae (Eriocaulaceae): filogenia, morfologia e taxonomia de Diphyomene (Ruhland) Trovó. Ph.D. Thesis. São Paulo, Brazil: Universidade de São Paulo."
ERIOCAULACEAE,"Paepalanthus stellatus ",assessment,,"Trovó, M. ; Echternacht, L. A. ; Sano, P.T. 2013. Distribution and conservation of Paepalanthus sect. Diphyomene (Eriocaulaceae) in Neotropical Savannas. Adansonia, v. 35, p. 195-206."
ERIOCAULACEAE,"Paepalanthus stellatus ",assessment,,"Trovó, M. ; Sano, P.T. Five new and narrowly distributed species of Paepalanthus section Diphyomene (Eriocaulaceae) from Central Brazil. 2011. Systematic Botany, v. 36, p. 610-620."
ERIOCAULACEAE,"Paepalanthus stellatus ",assessment,,"MMA/ICMBio. 2009. Plano de Manejo Parque Nacional Chapada dos Veadeiros. Disponível em http://www. icmbio.gov.br/portal/images/stories/imgs-unidadescoservacao/pm_chapada_dos_veadeiros_1.pdf. Acesso em: 06 mai de 2015."
ERIOCAULACEAE,"Paepalanthus urbanianus ",assessment,,"MMA/ICMBio. 2009. Plano de Manejo Parque Nacional Chapada dos Veadeiros. Disponível em http://www. icmbio.gov.br/portal/images/stories/imgs-unidadescoservacao/pm_chapada_dos_veadeiros_1.pdf. Acesso em: 06 mai de 2015."
ERIOCAULACEAE,"Paepalanthus urbanianus ",assessment,,"Trovó, M. 2010. Sistemática de Paepalanthoideae (Eriocaulaceae): filogenia, morfologia e taxonomia de Diphyomene (Ruhland) Trovó. Ph.D. Thesis. São Paulo, Brazil: Universidade de São Paulo."
ERIOCAULACEAE,"Paepalanthus urbanianus ",assessment,,"Trovó, M. ; Echternacht, L.A. ; Sano, P.T. Distribution and conservation of Paepalanthus sect. Diphyomene (Eriocaulaceae) in Neotropical Savannas. Adansonia, v. 35, p. 195-206, 2013."
BROMELIACEAE,"Vriesea joyae",assessment,,"Forzza, R.C.; Costa, A.; Siqueira Filho, J.A.; Martinelli, G.; Monteiro, R.F.; Santos-Silva, F.; Saraiva, D. P.; Paixão-Souza, B.; Louzada, R.B.; Versieux, L. 2015. Bromeliaceae in Lista de Espécies da Flora do Brasil. Jardim Botânico do Rio de Janeiro. Disponível em: <http://reflora.jbrj.gov.br/jabot/floradobrasil/FB5966>. Acesso em: 31 Mar. 2015"
BROMELIACEAE,"Vriesea joyae",assessment,,"Garcia, F.S., Dedeca, J.G., 2012. Reflexos ambientais (biodiversidade) da urbanização do município de Paraty-rj. Rev. Ciências do Ambient. On-Line 8, 7–15."
ERIOCAULACEAE,"Paepalanthus macaheesis",assessment,," Trovó, M. e Sano, P.T. (in prep.) Sheeding light in a Eriocaulaceae from the shadows: the Paepalanthus macaheensis case. Phytotaxa"
BROMELIACEAE,"Vriesea pauciflora",assessment,,"Forzza, R.C.; Costa, A.; Siqueira Filho, J.A.; Martinelli, G.; Monteiro, R.F.; Santos-Silva, F.; Saraiva, D. P.; Paixão-Souza, B.; Louzada, R.B.; Versieux, L. 2015. Bromeliaceae in Lista de Espécies da Flora do Brasil. Jardim Botânico do Rio de Janeiro. Disponível em: <http://reflora.jbrj.gov.br/jabot/floradobrasil/FB5966>. Acesso em: 31 Mar. 2015"
ANEMIACEAE,"Anemia candidoi",profile,distribution,"Mickel, J.; Barros, I.C.L.; Santiago, A.C.P.; Pereira, A.F. de N.; Labiak, P.H. 2015. Anemiaceae in Lista de Espécies da Flora do Brasil. Jardim Botânico do Rio de Janeiro. Disponível em: <http://reflora.jbrj.gov.br/jabot/floradobrasil/FB90598>. Acesso em: 21 Abr. 2015"
ANEMIACEAE,"Anemia candidoi",profile,ecology,"Mickel, J.; Barros, I.C.L.; Santiago, A.C.P.; Pereira, A.F. de N.; Labiak, P.H. 2015. Anemiaceae in Lista de Espécies da Flora do Brasil. Jardim Botânico do Rio de Janeiro. Disponível em: <http://reflora.jbrj.gov.br/jabot/floradobrasil/FB90598>. Acesso em: 21 Abr. 2015"
BORAGINACEAE,"Varronia leucomalla",profile,taxonomicNotes,"Miller, J.S., 2007. New Boraginales from Tropical America 5: New Names and Typifications for Neotropical Species of Cordia and Varronia. Novon A J. Bot. Nomencl. 17, 372."
BORAGINACEAE,"Varronia leucomalla",profile,distribution,"Stapf, M.N.S. Varronia in Lista de Espécies da Flora do Brasil. Jardim Botânico do Rio de Janeiro. Disponível em: <http://floradobrasil.jbrj.gov.br/jabot/floradobrasil/FB105539>. Acesso em: 23 Fev. 2015"
BORAGINACEAE,"Varronia leucomalla",profile,distribution,"Guimarães, E.F. & Venda, A.K.L. 2014. Boraginaceae. Catálogo das espécies de plantas vasculares e briófitas do Estado do Rio de Janeiro. Rio de Janeiro: Instituto de Pesquisas Jardim Botânico do Rio de Janeiro. Disponível em: <http://florariojaneiro.jbrj.gov.br>"
BORAGINACEAE,"Varronia leucomalla",profile,ecology,"Stapf, M.N.S. Varronia in Lista de Espécies da Flora do Brasil. Jardim Botânico do Rio de Janeiro. Disponível em: <http://floradobrasil.jbrj.gov.br/jabot/floradobrasil/FB105539>. Acesso em: 23 Fev. 2015"
BORAGINACEAE,"Varronia leucomalla",profile,threats,"Matos, J.J.B.S., 2007. Composição Florística de espécies arbóreo-Arbustivas em trecho de borda situado no parque nacional da Tijuca. Monografia. Universidade Federal Rural do Rio de Janeiro."
BORAGINACEAE,"Varronia leucomalla",profile,threats,"Marcos, C.S., Matos, D.M.S., 2003. Estrutura de populações de palmiteiro (Euterpe edulis Mart.) em áreas com diferentes graus de impactação na Floresta da Tijuca, RJ. Floresta e Ambient. 10, 27–37."
BORAGINACEAE,"Varronia leucomalla",profile,threats,"Fernandes, M. do C., Lagüéns, J.V.M., Netto, A.L.C., 1999. O Processo de Ocupação por Favelas e sua Relação com os Eventos de Deslizamentos no Maciço daTijuca/RJ. Anuário do Inst. Geociências - UFRJ 22, 45–59."
BORAGINACEAE,"Varronia leucomalla",profile,threats,"Fernandes, M. do C., Lagüéns, J.V.M., Netto, A.L.C., 1999. O Processo de Ocupação por Favelas e sua Relação com os Eventos de Deslizamentos no Maciço daTijuca/RJ. Anuário do Inst. Geociências - UFRJ 22, 45–59."
ACANTHACEAE,"Aphelandra neesiana",profile,distribution,"Profice, S.R., Kameyama, C., Côrtes, A.L.A., Braz, D.M., Indriunas, A., Vilar, T., Pessoa, C., Ezcurra, C., Wasshausen, D., 2015. Acanthaceae in Lista de Espécies da Flora do Brasil. Jard. Botânico do Rio Janeiro. Disponível em: <http://reflora.jbrj.gov.br/jabot/floradobrasil/FB4109>. Acesso em: 17 mar. 2015."
ACANTHACEAE,"Aphelandra neesiana",profile,ecology,"Profice, S., 2014. Acanthaceae. Catálogo das espécies plantas vasculares e briófitas do Estado do Rio Janeiro. Rio Janeiro: Inst. Pesqui. Jard. Botânico do Rio Janeiro. Disponível em: <http://florariojaneiro.jbrj.gov.br>. Acesso em 17 mar. 2015."
ACANTHACEAE,"Aphelandra neesiana",profile,ecology,"Profice, S.R., 1990. Espécies de Aphelandra R. Br.(Acanthaceae) no Estado do Rio de Janeiro-Morfologia foliar e das brácteas. Rodriguésia 42/44, 51–65."
ACANTHACEAE,"Aphelandra neesiana",profile,ecology,"Profice, S.R., Kameyama, C., Côrtes, A.L.A., Braz, D.M., Indriunas, A., Vilar, T., Pessoa, C., Ezcurra, C., Wasshausen, D., 2015. Acanthaceae in Lista de Espécies da Flora do Brasil. Jard. Botânico do Rio Janeiro. Disponível em: <http://reflora.jbrj.gov.br/jabot/floradobrasil/FB4109>. Acesso em: 17 mar. 2015."
ACANTHACEAE,"Aphelandra neesiana",profile,threats,"IBGE, 2015. Magé. @Cidades. Disponível em: <http://www.cidades.ibge.gov.br/painel/historico.php?lang=&codmun=330250&search=rio-de-janeiro|mage|infograficos:-historico>. Acesso em 17 mar. 2015."
ACANTHACEAE,"Aphelandra neesiana",profile,threats,"Kassiadou, A., Sánchez, C., 2014. Escolas sustentáveis e conflitos socioambientais: Reflexões sobre projetos de educação ambiental no contexto escolar em três municípios do estado do Rio de Janeiro. Rev. VITAS – Visões transdisciplinares sobre ambiente e Sociedade. "
ACANTHACEAE,"Aphelandra neesiana",profile,threats,"Kassiadou, A., Sánchez, C., 2014. Escolas sustentáveis e conflitos socioambientais: Reflexões sobre projetos de educação ambiental no contexto escolar em três municípios do estado do Rio de Janeiro. Rev. VITAS – Visões transdisciplinares sobre ambiente e Sociedade. "
DRYOPTERIDACEAE,"Polystichum auritum",profile,taxonomicNotes,"Basiônimo: Phanerophlebia aurita Fée, Crypt. Vasc. Br. II. 70, t.100. f.1. 1872-1873."
DRYOPTERIDACEAE,"Polystichum auritum",profile,distribution,"Sylvestre, L. S. & Mynssen, C. M. 2014. Dryopteridaceae. Catálogo das espécies de plantas vasculares e briófitas do Estado do Rio de Janeiro. Rio de Janeiro: Instituto de Pesquisas Jardim Botânico do Rio de Janeiro. Disponível em: <http://florariojaneiro.jbrj.gov.br>"
DRYOPTERIDACEAE,"Polystichum auritum",profile,ecology,"Condack, J.P.S. 2012. Filogenia de Polystichum (Dryopteridaceae) e revisão taxonômica das espécies ocorrentes no Brasil. Tese de Doutorado. UFRJ/Museu Nacional"
DRYOPTERIDACEAE,"Polystichum auritum",profile,threats,"Castro, E.B. V, 2008. Plano de manejo do Parque Nacional da Serra dos Órgãos. Brasília, Inst. Chico Mendes Conserv. da Biodiversidade, Portaria ICMBio."
DRYOPTERIDACEAE,"Polystichum auritum",profile,threats,"IBAMA, 2014. Ibama combate incêndio no Parque Nacional Serra dos Órgãos. Disponível em <http://www.ibama.gov.br/publicadas/ibama-combate-incendio-no-parque-nacional-serra-dos-orgaos>."
DRYOPTERIDACEAE,"Polystichum auritum",profile,threats,"ICMBio, 2014a. ICMBio e Ibama trabalham para conter incêndio na Serra dos Órgãos. Meio Ambiente. Disponível em < http://www.brasil.gov.br/meio-ambiente/2014/10/icmbio-e-ibama-trabalham-para-conter-incendio-na-serra-dos-orgaos>."
DRYOPTERIDACEAE,"Polystichum auritum",profile,threats,"ICMBio, 2014b. Incêndio enfraquece no Parque Nacional da Serra dos Órgãos. Notícias. Disponível em: <http://www.ibama.gov.br/publicadas/incendio-enfraquece-no-parque-nacional-da-serra-dos-orgaos>"
DRYOPTERIDACEAE,"Polystichum auritum",profile,threats,"Rodrigues, R.D.A.R., De Mello, W.Z., De Souza, P.A., 2007. Aporte atmosférico de amônio, nitrato e sulfato em área de floresta ombrófila densa montana na Serra Dos Órgãos, RJ. Quim. Nova 30, 1842–1848."
APIACEAE,"Eryngium goulartii",profile,distribution,"Fiaschi, P.; Cota, M. R. C. Apiaceae in Lista de Espécies da Flora do Brasil. Jardim Botânico do Rio de Janeiro. Disponível em: <http://floradobrasil.jbrj.gov.br/jabot/floradobrasil/FB102913>. Acesso em: 06 Abr. 2015"
APIACEAE,"Eryngium goulartii",profile,ecology,"Fiaschi, P.; Cota, M. R. C. Apiaceae in Lista de Espécies da Flora do Brasil. Jardim Botânico do Rio de Janeiro. Disponível em: <http://floradobrasil.jbrj.gov.br/jabot/floradobrasil/FB102913>. Acesso em: 06 Abr. 2015"
APIACEAE,"Eryngium goulartii",profile,threats,"IBAMA, 2014. Ibama combate incêndio no Parque Nacional Serra dos Órgãos. Disponível em <http://www.ibama.gov.br/publicadas/ibama-combate-incendio-no-parque-nacional-serra-dos-orgaos>."
APIACEAE,"Eryngium goulartii",profile,threats,"ICMBio, 2014a. ICMBio e Ibama trabalham para conter incêndio na Serra dos Órgãos. Meio Ambiente. Disponível em < http://www.brasil.gov.br/meio-ambiente/2014/10/icmbio-e-ibama-trabalham-para-conter-incendio-na-serra-dos-orgaos>."
APIACEAE,"Eryngium goulartii",profile,threats,"ICMBio, 2014b. Incêndio enfraquece no Parque Nacional da Serra dos Órgãos. Notícias. Disponível em: <http://www.ibama.gov.br/publicadas/incendio-enfraquece-no-parque-nacional-da-serra-dos-orgaos>"
DICHAPETALACEAE,"Stephanopodium estrellense",profile,distribution,"Medeiros, H., Amorim, A.M.A. 2015. Dichapetalaceae in Lista de Espécies da Flora do Brasil. Jardim Botânico do Rio de Janeiro. Disponível em: <http://floradobrasil.jbrj.gov.br/jabot/floradobrasil/FB7329>. Acesso em: 28 Abr. 2015"
DICHAPETALACEAE,"Stephanopodium estrellense",profile,ecology,"Medeiros, H., Amorim, A.M.A. 2015. Dichapetalaceae in Lista de Espécies da Flora do Brasil. Jardim Botânico do Rio de Janeiro. Disponível em: <http://floradobrasil.jbrj.gov.br/jabot/floradobrasil/FB7329>. Acesso em: 28 Abr. 2015"
ACANTHACEAE,"Ruellia herbstii",profile,taxonomicNotes,"Sartin, R.D., de Castro Peixoto, J., Lopes, D.B., de Paula, J.R., 2014. Flora do Bioma Cerrado: Abordagem de estudos da família Acanthaceae Juss–Espécies Ornamentais no Brasil. Front. Soc. Technol. Environ. Sci. 3, 161–a."
ACANTHACEAE,"Ruellia herbstii",profile,economicValue,"Corrêa, M.P., Pena, L. de A., 1984. Dicionário das plantas úteis do Brasil e das exóticas cultivadas vol II. Ministério da Agricultura, Instituto Brasileiro de Desenvolvimento Florestal, Rio de Janeiro."
ACANTHACEAE,"Ruellia herbstii",profile,distribution,"Profice, S.R., Kameyama, C., Côrtes, A.L.A., Braz, D.M., Indriunas, A., Vilar, T., Pessoa, C., Ezcurra, C., Wasshausen, D., 2015. Acanthaceae in Lista de Espécies da Flora do Brasil. Jard. Botânico do Rio Janeiro. Disponível em: <http://reflora.jbrj.gov.br/jabot/floradobrasil/FB4109>. Acesso em: 18 mar. 2015."
ACANTHACEAE,"Ruellia herbstii",profile,ecology,"Profice, S.R., Kameyama, C., Côrtes, A.L.A., Braz, D.M., Indriunas, A., Vilar, T., Pessoa, C., Ezcurra, C., Wasshausen, D., 2015. Acanthaceae in Lista de Espécies da Flora do Brasil. Jard. Botânico do Rio Janeiro. Disponível em: <http://reflora.jbrj.gov.br/jabot/floradobrasil/FB4109>. Acesso em: 18 mar. 2015."
ACANTHACEAE,"Ruellia herbstii",profile,uses,"Corrêa, M.P., Pena, L. de A., 1984. Dicionário das plantas úteis do Brasil e das exóticas cultivadas vol II. Ministério da Agricultura, Instituto Brasileiro de Desenvolvimento Florestal, Rio de Janeiro."
ACANTHACEAE,"Ruellia silvaccola",profile,ecology,"Profice, S., 2014. Acanthaceae. Catálogo das espécies plantas vasculares e briófitas do Estado do Rio Janeiro. Rio Janeiro: Inst. Pesqui. Jard. Botânico do Rio Janeiro. Disponível em: <http://florariojaneiro.jbrj.gov.br>. Acesso em 19 mar. 2015."
ACANTHACEAE,"Ruellia silvaccola",profile,ecology,"Profice, S.R., Kameyama, C., Côrtes, A.L.A., Braz, D.M., Indriunas, A., Vilar, T., Pessoa, C., Ezcurra, C., Wasshausen, D., 2015. Acanthaceae in Lista de Espécies da Flora do Brasil. Jard. Botânico do Rio Janeiro. Disponível em: <http://reflora.jbrj.gov.br/jabot/floradobrasil/FB4109>. Acesso em: 19 mar. 2015."
ACANTHACEAE,"Ruellia silvaccola",profile,threats,"Bohrer, C.B. de A., Dantas, H.G.R., Cronemberger, F.M., Vicens, R.S., Andrade, S.F. de, 2015. Instituto de Pesquisas Jardim Botânico do Rio de Janeiro Mapeamento da vegetação e do uso do solo no Centro de Diversidade Vegetal de Cabo Frio , Rio de All use subject to JSTOR Terms and Conditions. Rodriguésia 60, 1–23."
ACANTHACEAE,"Ruellia silvaccola",profile,threats,"Buzato, E., 2012. Avaliação de impactos ambientais no município de Ubatuba : uma proposta a partir dos geoindicadores. Universidade de São Paulo."
ACANTHACEAE,"Ruellia silvaccola",profile,threats,"Filho, E.T.D.C., Bravo, E.J.C.., Tinoco, T., 2010. Florística preliminar e bioinvasão na Restinga da Praia de Itauna devido a ocupação desordenada, Saquarema, RJ., in: 13o Simpósio de Biologia Marinha. Santos, SP, p. 4."
ACANTHACEAE,"Ruellia silvaccola",profile,threats,"Holzer, W., Crichyno, J., Pires, A.C., 2004. Sustentabilidade da urbanização em áreas de restinga: uma proposta de avaliação pós-ocupação. Paisag. e Ambient. 49–65."
ACANTHACEAE,"Ruellia silvaccola",profile,threats,"Filho, E.T.D.C., Bravo, E.J.C.., Tinoco, T., 2010. Florística preliminar e bioinvasão na Restinga da Praia de Itauna devido a ocupação desordenada, Saquarema, RJ., in: 13o Simpósio de Biologia Marinha. Santos, SP, p. 4."
ACANTHACEAE,"Ruellia silvaccola",profile,threats,"Filho, E.T.D.C., Bravo, E.J.C.., Tinoco, T., 2010. Florística preliminar e bioinvasão na Restinga da Praia de Itauna devido a ocupação desordenada, Saquarema, RJ., in: 13o Simpósio de Biologia Marinha. Santos, SP, p. 4."
ACANTHACEAE,"Schaueria calycotricha",profile,distribution,"Profice, S., 2014. Acanthaceae. Catálogo das espécies plantas vasculares e briófitas do Estado do Rio Janeiro. Rio Janeiro: Inst. Pesqui. Jard. Botânico do Rio Janeiro. Disponível em: <http://florariojaneiro.jbrj.gov.br>. Acesso em 20 mar. 2015."
ACANTHACEAE,"Schaueria calycotricha",profile,ecology,"Profice, S.R., Kameyama, C., Côrtes, A.L.A., Braz, D.M., Indriunas, A., Vilar, T., Pessoa, C., Ezcurra, C., Wasshausen, D., 2015. Acanthaceae in Lista de Espécies da Flora do Brasil. Jard. Botânico do Rio Janeiro. Disponível em: <http://reflora.jbrj.gov.br/jabot/floradobrasil/FB4109>. Acesso em: 20 mar. 2015."
ACANTHACEAE,"Schaueria calycotricha",profile,threats,"Barros, A.A.M. de, 2008. Análise Florística e estrutural do Parque Estadual da Serra da Tiririca, Niterói e Maricá, RJ, Brasil. Escola Nacional de Botânica Tropical."
ACANTHACEAE,"Schaueria calycotricha",profile,threats,"Bohrer, C.B. de A., Dantas, H.G.R., Cronemberger, F.M., Vicens, R.S., Andrade, S.F. de, 2015. Instituto de Pesquisas Jardim Botânico do Rio de Janeiro Mapeamento da vegetação e do uso do solo no Centro de Diversidade Vegetal de Cabo Frio , Rio de All use subject to JSTOR Terms and Conditions. Rodriguésia 60, 1–23.  Davidovich, F., 2001. Metrópole e território : metropolização do espaço no Rio de Janeiro. Cad. Metrópole 6, 67–77."
ACANTHACEAE,"Schaueria calycotricha",profile,threats,"Davidovich, F., 2001. Metrópole e território : metropolização do espaço no Rio de Janeiro. Cad. Metrópole 6, 67–77."
ACANTHACEAE,"Schaueria calycotricha",profile,threats,"Fernandes, M. do C., Lagüéns, J.V.M., Netto, A.L.C., 1999. O Processo de Ocupação por Favelas e sua Relação com os Eventos de Deslizamentos no Maciço daTijuca/RJ. Anuário do Inst. Geociências - UFRJ 22, 45–59.  Soares, R.C.R. de S., 2008. Plano de Manejo do Parque Nacional da Tijuca."
ACANTHACEAE,"Schaueria calycotricha",profile,threats,"Filho, E.T.D.C., Bravo, E.J.C.., Tinoco, T., 2010. Florística preliminar e bioinvasão na Restinga da Praia de Itauna devido a ocupação desordenada, Saquarema, RJ., in: 13o Simpósio de Biologia Marinha. Santos, SP, p. 4."
ACANTHACEAE,"Schaueria calycotricha",profile,threats,"Holzer, W., Crichyno, J., Pires, A.C., 2004. Sustentabilidade da urbanização em áreas de restinga: uma proposta de avaliação pós-ocupação. Paisagem e Ambiente. 49–65."
ACANTHACEAE,"Schaueria calycotricha",profile,threats,"Mallet-Rodrigues, F., Parrini, R., & Pacheco, J. F. (2007). Birds of the Serra dos Órgãos , State of Rio de Janeiro , Southeastern Brazil : a review. Revista Brasileira de Ornitologia, 15(1), 5–35."
ACANTHACEAE,"Schaueria calycotricha",profile,threats,"Ribeiro, G., Oliveira, L.D. de, 2009. As Territorialidades da Metrópole no Século XXI: Tensões entre o Tradicional e o Moderno na Cidade de Cabo Frio-RJ. Geo UERJ 3, 108–127."
ACANTHACEAE,"Schaueria calycotricha",profile,threats,"Barros, A.A.M. de, 2008. Análise Florística e estrutural do Parque Estadual da Serra da Tiririca, Niterói e Maricá, RJ, Brasil. Escola Nacional de Botânica Tropical."
ACANTHACEAE,"Schaueria calycotricha",profile,threats,"Figueiró, A.S., Coelho Netto, A.L., 2009. Impacto ambiental ao longo de trilhas em áreas de floresta tropical de encosta : Maciço da Tijuca Rio de Janeiro - RJ. Mercator 8, 187–200. doi:10.4215/RM2009.0816.0015"
ACANTHACEAE,"Schaueria calycotricha",profile,threats,"Soares, R.C.R. de S., 2008. Plano de Manejo do Parque Nacional da Tijuca."
ACANTHACEAE,"Schaueria calycotricha",profile,threats,"Matos, J.J.B.S., 2007. Composição Florística de espécies arbóreo-Arbustivas em trecho de borda situado no parque nacional da Tijuca. Monografia. Universidade Federal Rural do Rio de Janeiro."
ACANTHACEAE,"Schaueria calycotricha",profile,threats,"Filho, E.T.D.C., Bravo, E.J.C.., Tinoco, T., 2010. Florística preliminar e bioinvasão na Restinga da Praia de Itauna devido a ocupação desordenada, Saquarema, RJ., in: 13o Simpósio de Biologia Marinha. Santos, SP, p. 4."
ACANTHACEAE,"Schaueria sulfurea",profile,distribution,"Profice, S., 2014. Acanthaceae. Catálogo das espécies plantas vasculares e briófitas do Estado do Rio Janeiro. Rio Janeiro: Inst. Pesqui. Jard. Botânico do Rio Janeiro. Disponível em: <http://florariojaneiro.jbrj.gov.br>. Acesso em 20 mar. 2015."
ACANTHACEAE,"Schaueria sulfurea",profile,distribution,"Profice, S.R., Kameyama, C., Côrtes, A.L.A., Braz, D.M., Indriunas, A., Vilar, T., Pessoa, C., Ezcurra, C., Wasshausen, D., 2015. Acanthaceae in Lista de Espécies da Flora do Brasil. Jard. Botânico do Rio Janeiro. Disponível em: <http://reflora.jbrj.gov.br/jabot/floradobrasil/FB4109>. Acesso em: 20 mar. 2015."
ACANTHACEAE,"Schaueria sulfurea",profile,ecology,"Profice, S.R., Kameyama, C., Côrtes, A.L.A., Braz, D.M., Indriunas, A., Vilar, T., Pessoa, C., Ezcurra, C., Wasshausen, D., 2015. Acanthaceae in Lista de Espécies da Flora do Brasil. Jard. Botânico do Rio Janeiro. Disponível em: <http://reflora.jbrj.gov.br/jabot/floradobrasil/FB4109>. Acesso em: 20 mar. 2015."
ACANTHACEAE,"Schaueria sulfurea",profile,threats,"Santos, J.F.C., Santos, G.R., Cabreira, G. V., Araújo, E.J.G., 2014. Fragmentação florestal no Vale do Café Sul Fluminense, in: III Simpósio de Pesquisa Em Mata Atlântica - Engenheiro Paulo de Frotin. Rio de Janeiro, RJ, p. 4."
ACANTHACEAE,"Schaueria sulfurea",profile,threats,"Silva, V.V. 2002. Médio Vale Paraíba do Sul: Fragmentação e Vulnerabilidade dos Remanescentes da Mata Atlântica. Dissertação de Mestrado, Programa de Pós-Graduação em Ciência Ambiental, Universidade Federal Fluminense, RJ. 109pp"
ACANTHACEAE,"Schaueria sulfurea",profile,actions,"ITPA, 2015. Clima, Biodiversidade e água. Disponível em: <http://www.itpa.org.br/?p=2580>. Acesso em: 20 mar. 2015."
Orchidaceae,"Aganisia cyanea f. cyanea",profile,taxonomicNotes,"Meneguzzo, T.E.C. (2013). Sistemática do complexo Zygopetalum e estudos taxonômicos do subcomplexo Aganisia (Orchidaceae, Zygopetalinae). Unpublished MSc Thesis, Escola Nacional de Botânica Tropical-Instituto de Pesquisas Jardim Botânico do Rio de Janeiro."
Orchidaceae,"Aganisia cyanea f. cyanea",profile,taxonomicNotes,"Meneguzzo, T.E.C.; Romero-González, G.A.; Baumgratz, J.F.A.; van den Berg, C. Taxonomic studies in the Aganisia complex (Orchidaceae). Phytotaxa (in press)."
Orchidaceae,"Aganisia cyanea f. cyanea",profile,economicValue,"Meneguzzo, T.E.C. (com. pess. 2015)."
Orchidaceae,"Aganisia cyanea f. cyanea",profile,distribution,"Meneguzzo, T.E.C. (2013). Sistemática do complexo Zygopetalum e estudos taxonômicos do subcomplexo Aganisia (Orchidaceae, Zygopetalinae). Unpublished MSc Thesis, Escola Nacional de Botânica Tropical-Instituto de Pesquisas Jardim Botânico do Rio de Janeiro."
Orchidaceae,"Aganisia cyanea f. cyanea",profile,distribution,"Meneguzzo, T.E.C.; Romero-González, G.A.; Baumgratz, J.F.A.; van den Berg, C. Taxonomic studies in the Aganisia complex (Orchidaceae). Phytotaxa (in press)."
Orchidaceae,"Aganisia cyanea f. cyanea",profile,uses,"Meneguzzo, T.E.C. (com. pess. 2015)."
COMMELINACEAE,"Dichorisandra begoniifolia",profile,taxonomicNotes,"Kunth, K.S. 1843. Enumeraio plantarum 4: 112."
COMMELINACEAE,"Dichorisandra begoniifolia",profile,distribution,"Aona, L.Y.S. 2008. Revisão taxonômica e análise cladística do gênero Dichorisandra J.C.Mikan (Commelinaceae). Tese de Doutorado. Campinas: Instituto de Biologia, Universidade Estadual de Campinas, 310 p."
COMMELINACEAE,"Dichorisandra begoniifolia",profile,distribution,"Aona, L.Y.S.; Pellegrini, M.O.O. 2014. Commelinaceae in Lista de Espécies da Flora do Brasil. Jardim Botânico do Rio de Janeiro. Disponível em http://floradobrasil.jbrj.gov.br/jabot/floradobrasil/FB91."
COMMELINACEAE,"Dichorisandra begoniifolia",profile,ecology,"Aona, L.Y.S. 2008. Revisão taxonômica e análise cladística do gênero Dichorisandra J.C.Mikan (Commelinaceae). Tese de Doutorado. Campinas: Instituto de Biologia, Universidade Estadual de Campinas, 310 p."
COMMELINACEAE,"Dichorisandra begoniifolia",profile,reproduction,"Aona, L.Y.S. 2008. Revisão taxonômica e análise cladística do gênero Dichorisandra J.C.Mikan (Commelinaceae). Tese de Doutorado. Campinas: Instituto de Biologia, Universidade Estadual de Campinas, 310 p."
EUPHORBIACEAE,"Acalypha macularis",profile,distribution," Cardiel, J.M. Acalypha in Lista de Espécies da Flora do Brasil. Jardim Botânico do Rio de Janeiro. Available in: <http://floradobrasil.jbrj.gov.br/jabot/floradobrasil/FB35614>. Access on: 31 Mar. 2015"
EUPHORBIACEAE,"Acalypha macularis",profile,ecology,"Cardiel, J.M. Acalypha in Lista de Espécies da Flora do Brasil. Jardim Botânico do Rio de Janeiro. Available in: <http://floradobrasil.jbrj.gov.br/jabot/floradobrasil/FB35614>. Access on: 31 Mar. 2015"
ERIOCAULACEAE,"Paepalanthus cordatus ",profile,taxonomicNotes,"Ruhland, W. 1903. Eriocaulaceae. In: A. Engler (ed.), Das Pflanzenreich, ed. 4, 3:1-294. Wilhelm Engelmann, Leipzig. "
ERIOCAULACEAE,"Paepalanthus cordatus ",profile,population,"Trovó, M. 2010. Sistemática de Paepalanthoideae (Eriocaulaceae): filogenia, morfologia e taxonomia de Diphyomene (Ruhland) Trovó. Ph.D. Thesis. São Paulo, Brazil:  Universidade de São Paulo."
ERIOCAULACEAE,"Paepalanthus cordatus ",profile,distribution,"Trovó, M. 2010. Sistemática de Paepalanthoideae (Eriocaulaceae): filogenia, morfologia e taxonomia de Diphyomene (Ruhland) Trovó. Ph.D. Thesis. São Paulo, Brazil:  Universidade de São Paulo."
ERIOCAULACEAE,"Paepalanthus cordatus ",profile,ecology,"Trovó, M. 2010. Sistemática de Paepalanthoideae (Eriocaulaceae): filogenia, morfologia e taxonomia de Diphyomene (Ruhland) Trovó. Ph.D. Thesis. São Paulo, Brazil:  Universidade de São Paulo."
ERIOCAULACEAE,"Paepalanthus cordatus ",profile,reproduction,"Trovó, M. 2010. Sistemática de Paepalanthoideae (Eriocaulaceae): filogenia, morfologia e taxonomia de Diphyomene (Ruhland) Trovó. Ph.D. Thesis. São Paulo, Brazil:  Universidade de São Paulo."
ERIOCAULACEAE,"Paepalanthus cordatus ",profile,threats,"Trovó, M. 2010. Sistemática de Paepalanthoideae (Eriocaulaceae): filogenia, morfologia e taxonomia de Diphyomene (Ruhland) Trovó. Ph.D. Thesis. São Paulo, Brazil:  Universidade de São Paulo."
ERIOCAULACEAE,"Paepalanthus cordatus ",profile,actions,"Trovó, M. 2010. Sistemática de Paepalanthoideae (Eriocaulaceae): filogenia, morfologia e taxonomia de Diphyomene (Ruhland) Trovó. Ph.D. Thesis. São Paulo, Brazil:  Universidade de São Paulo."
ERIOCAULACEAE,"Paepalanthus macer ",profile,population,"Trovó, M. ; Echternacht, L.A. ; Sano, P.T. Distribution and conservation of Paepalanthus sect. Diphyomene (Eriocaulaceae) in Neotropical Savannas. Adansonia, v. 35, p. 195-206, 2013."
ERIOCAULACEAE,"Paepalanthus macer ",profile,distribution,"Trovó, M. ; Echternacht, L.A. ; Sano, P.T. Distribution and conservation of Paepalanthus sect. Diphyomene (Eriocaulaceae) in Neotropical Savannas. Adansonia, v. 35, p. 195-206, 2013."
ERIOCAULACEAE,"Paepalanthus macer ",profile,ecology,"Trovó, M. ; Sano, P.T.  Five new and narrowly distributed species of Paepalanthus section Diphyomene (Eriocaulaceae) from Central Brazil. Systematic Botany, v. 36, p. 610-620, 2011."
ERIOCAULACEAE,"Paepalanthus macer ",profile,reproduction,"Trovó, M. ; Sano, P.T.  Five new and narrowly distributed species of Paepalanthus section Diphyomene (Eriocaulaceae) from Central Brazil. Systematic Botany, v. 36, p. 610-620, 2011."
ERIOCAULACEAE,"Paepalanthus macer ",profile,threats,"Trovó, M. ; Sano, P.T. Five new and narrowly distributed species of Paepalanthus section Diphyomene (Eriocaulaceae) from Central Brazil. Systematic Botany, v. 36, p. 610-620, 2011."
ERIOCAULACEAE,"Paepalanthus macer ",profile,threats,"Trovó, M. ; Sano, P.T. Five new and narrowly distributed species of Paepalanthus section Diphyomene (Eriocaulaceae) from Central Brazil. Systematic Botany, v. 36, p. 610-620, 2011."
BROMELIACEAE,"Aechmea flavorosea",profile,distribution,"Forzza, R.C.; Costa, A.; Siqueira Filho, J.A.; Martinelli, G.; Monteiro, R.F.; Santos-Silva, F.; Saraiva, D. P.; Paixão-Souza, B.; Louzada, R.B.; Versieux, L. 2015. Bromeliaceae in Lista de Espécies da Flora do Brasil. Jardim Botânico do Rio de Janeiro. Disponível em: <http://reflora.jbrj.gov.br/jabot/floradobrasil/FB5966>. Acesso em: 31 Mar. 2015"
BROMELIACEAE,"Aechmea flavorosea",profile,distribution,"Moura, R. & Vieira, C.M. 2014. Bromeliaceae. Catálogo das espécies de plantas vasculares e briófitas do Estado do Rio de Janeiro. Rio de Janeiro: Instituto de Pesquisas Jardim Botânico do Rio de Janeiro. Disponível em: <http://florariojaneiro.jbrj.gov.br>, Acessado em 01 abr 2015."
BROMELIACEAE,"Aechmea flavorosea",profile,ecology,"Forzza, R.C.; Costa, A.; Siqueira Filho, J.A.; Martinelli, G.; Monteiro, R.F.; Santos-Silva, F.; Saraiva, D. P.; Paixão-Souza, B.; Louzada, R.B.; Versieux, L. 2015. Bromeliaceae in Lista de Espécies da Flora do Brasil. Jardim Botânico do Rio de Janeiro. Disponível em: <http://reflora.jbrj.gov.br/jabot/floradobrasil/FB5966>. Acesso em: 31 Mar. 2015"
BROMELIACEAE,"Aechmea flavorosea",profile,threats,"TCE-RJ, 2003. Estudo Socioeconômico 2004 - Santa Maria Madalena. Rio de Janeiro."
BROMELIACEAE,"Aechmea flavorosea",profile,uses,"Souza, V. C.; Lorenzi, H. 2008. Botânica sistemática: guia ilustrado para identificação das famílias de fanerógamas nativas e exóticas no Brasil, baseado na APG III. 3a ed. Nova Odessa: Instituto Plantarum, 768 p."
ERIOCAULACEAE,"Paepalanthus stellatus ",profile,population,"Trovó, M. 2010. Sistemática de Paepalanthoideae (Eriocaulaceae): filogenia, morfologia e taxonomia de Diphyomene (Ruhland) Trovó. Ph.D. Thesis. São Paulo, Brazil:  Universidade de São Paulo."
ERIOCAULACEAE,"Paepalanthus stellatus ",profile,distribution,"Trovó, M. ; Sano, P.T. Five new and narrowly distributed species of Paepalanthus section Diphyomene (Eriocaulaceae) from Central Brazil. Systematic Botany, v. 36, p. 610-620, 2011."
ERIOCAULACEAE,"Paepalanthus stellatus ",profile,distribution,"Trovó, M. ; Echternacht, L. A. ; Sano, P.T. Distribution and conservation of Paepalanthus sect. Diphyomene (Eriocaulaceae) in Neotropical Savannas. Adansonia, v. 35, p. 195-206, 2013."
ERIOCAULACEAE,"Paepalanthus stellatus ",profile,ecology,"Trovó, M. ; Echternacht, L.A. ; Sano, P.T. Distribution and conservation of Paepalanthus sect. Diphyomene (Eriocaulaceae) in Neotropical Savannas. Adansonia, v. 35, p. 195-206, 2013."
ERIOCAULACEAE,"Paepalanthus stellatus ",profile,reproduction,"Trovó, M. 2010. Sistemática de Paepalanthoideae (Eriocaulaceae): filogenia, morfologia e taxonomia de Diphyomene (Ruhland) Trovó. Ph.D. Thesis. São Paulo, Brazil:  Universidade de São Paulo."
ERIOCAULACEAE,"Paepalanthus stellatus ",profile,threats,"Trovó, M. 2010. Sistemática de Paepalanthoideae (Eriocaulaceae): filogenia, morfologia e taxonomia de Diphyomene (Ruhland) Trovó. Ph.D. Thesis. São Paulo, Brazil:  Universidade de São Paulo."
ERIOCAULACEAE,"Paepalanthus stellatus ",profile,threats,"Trovó, M. ; Echternacht, L.A. ; Sano, P.T. Distribution and conservation of Paepalanthus sect. Diphyomene (Eriocaulaceae) in Neotropical Savannas. Adansonia, v. 35, p. 195-206, 2013."
ERIOCAULACEAE,"Paepalanthus stellatus ",profile,actions,"Trovó, M. ; Sano, P.T. Five new and narrowly distributed species of Paepalanthus section Diphyomene (Eriocaulaceae) from Central Brazil. Systematic Botany, v. 36, p. 610-620, 2011."
ERIOCAULACEAE,"Paepalanthus urbanianus ",profile,population,"Trovó, M. 2010. Sistemática de Paepalanthoideae (Eriocaulaceae): filogenia, morfologia e taxonomia de Diphyomene (Ruhland) Trovó. Ph.D. Thesis. São Paulo, Brazil:  Universidade de São Paulo."
ERIOCAULACEAE,"Paepalanthus urbanianus ",profile,population,"Trovó, M. ; Echternacht, L.A. ; Sano, P.T. Distribution and conservation of Paepalanthus sect. Diphyomene (Eriocaulaceae) in Neotropical Savannas. Adansonia, v. 35, p. 195-206, 2013."
ERIOCAULACEAE,"Paepalanthus urbanianus ",profile,distribution,"Trovó, M. ; Echternacht, L.A. ; Sano, P.T. 2013. Distribution and conservation of Paepalanthus sect. Diphyomene (Eriocaulaceae) in Neotropical Savannas. Adansonia, v. 35, p. 195-206."
ERIOCAULACEAE,"Paepalanthus urbanianus ",profile,ecology,"Trovó, M. ; Echternacht, L.A. ; Sano, P.T. Distribution and conservation of Paepalanthus sect. Diphyomene (Eriocaulaceae) in Neotropical Savannas. Adansonia, v. 35, p. 195-206, 2013."
ERIOCAULACEAE,"Paepalanthus urbanianus ",profile,ecology,"Trovó, M. 2010. Sistemática de Paepalanthoideae (Eriocaulaceae): filogenia, morfologia e taxonomia de Diphyomene (Ruhland) Trovó. Ph.D. Thesis. São Paulo, Brazil:  Universidade de São Paulo."
ERIOCAULACEAE,"Paepalanthus urbanianus ",profile,reproduction,"Trovó, M. 2010. Sistemática de Paepalanthoideae (Eriocaulaceae): filogenia, morfologia e taxonomia de Diphyomene (Ruhland) Trovó. Ph.D. Thesis. São Paulo, Brazil:  Universidade de São Paulo."
ERIOCAULACEAE,"Paepalanthus urbanianus ",profile,threats,"Trovó, M. 2010. Sistemática de Paepalanthoideae (Eriocaulaceae): filogenia, morfologia e taxonomia de Diphyomene (Ruhland) Trovó. Ph.D. Thesis. São Paulo, Brazil:  Universidade de São Paulo."
ERIOCAULACEAE,"Paepalanthus urbanianus ",profile,threats,"Trovó, M. ; Echternacht, L.A. ; Sano, P.T. Distribution and conservation of Paepalanthus sect. Diphyomene (Eriocaulaceae) in Neotropical Savannas. Adansonia, v. 35, p. 195-206, 2013."
ERIOCAULACEAE,"Paepalanthus urbanianus ",profile,actions,"Trovó, M. 2010. Sistemática de Paepalanthoideae (Eriocaulaceae): filogenia, morfologia e taxonomia de Diphyomene (Ruhland) Trovó. Ph.D. Thesis. São Paulo, Brazil: Universidade de São Paulo."
ERIOCAULACEAE,"Paepalanthus urbanianus ",profile,actions,"Trovó, M. ; Echternacht, L.A. ; Sano, P.T. Distribution and conservation of Paepalanthus sect. Diphyomene (Eriocaulaceae) in Neotropical Savannas. Adansonia, v. 35, p. 195-206, 2013."
URTICACEAE,"Pilea apiculata",profile,distribution,"Romaniuc Neto, S., Gaglioti, A.L. 2015. Urticaceae in Lista de Espécies da Flora do Brasil. Jardim Botânico do Rio de Janeiro. Disponível em: <http://floradobrasil.jbrj.gov.br/jabot/floradobrasil/FB15061>. Acesso em: 20 Abr. 2015"
URTICACEAE,"Pilea apiculata",profile,distribution," Killip, E.P. 1936. New species of Pilea from the Andes. Contributions  from the United States National Herbarium 26 (8): 367-390."
URTICACEAE,"Pilea apiculata",profile,ecology," Killip, E.P. 1936. New species of Pilea from the Andes. Contributions  from the United States National Herbarium 26 (8): 367-390."
URTICACEAE,"Pilea apiculata",profile,ecology,"Romaniuc Neto, S., Gaglioti, A.L. 2015. Urticaceae in Lista de Espécies da Flora do Brasil. Jardim Botânico do Rio de Janeiro. Disponível em: <http://floradobrasil.jbrj.gov.br/jabot/floradobrasil/FB15061>. Acesso em: 20 Abr. 2015"
URTICACEAE,"Pilea apiculata",profile,threats,"Barros, M.I.A. De. 2003. Caracterização da visitação, dos visitantes e avaliação dos impactos ecológicos e recreativos do planalto do Parque Nacional do Itatiaia. Piracicaba, SP 121."
URTICACEAE,"Pilea apiculata",profile,threats,"Aximoff, I. 2011. O que Perdemos com a Passagem do Fogo pelos Campos de Altitude do Estado do Rio de Janeiro? Biodiversidade Bras. 1, 180–200. "
URTICACEAE,"Pilea apiculata",profile,threats,"Aximoff, I., Rodrigues, R.D.C. 2011. Histórico dos incêndios florestais no Parque nacional do Itatiaia. Cienc. Florest. 21, 83–92."
URTICACEAE,"Pilea apiculata",profile,threats,"WWF. 2015. Observatório de UCs: Parque Nacional do Itatiaia. Disponível em <http://observatorio.wwf.org.br/unidades/cadastro/387>. Acesso em 7 abril 2015."
DILLENIACEAE,"Doliocarpus littoralis",profile,taxonomicNotes,"Fraga, C.N., Stehmann, J.R. 2010. Novidades taxônomicas para as Dilleniaceae brasileiras. Rodriguésia. 61 (sup.): S01-S06."
DILLENIACEAE,"Doliocarpus littoralis",profile,distribution,"Fraga, C.N., Paula-Souza, J. 2015. Dilleniaceae in Lista de Espécies da Flora do Brasil. Jardim Botânico do Rio de Janeiro. Available in: <http://floradobrasil.jbrj.gov.br/jabot/floradobrasil/FB7345>. Access on: 16 Abr. 2015"
DILLENIACEAE,"Doliocarpus littoralis",profile,ecology,"Fraga, C.N., Paula-Souza, J. 2015. Dilleniaceae in Lista de Espécies da Flora do Brasil. Jardim Botânico do Rio de Janeiro. Available in: <http://floradobrasil.jbrj.gov.br/jabot/floradobrasil/FB7345>. Access on: 16 Abr. 2015"
DILLENIACEAE,"Doliocarpus littoralis",profile,ecology,"Fraga, C.N., Stehmann, J.R. 2010. Novidades taxônomicas para as Dilleniaceae brasileiras. Rodriguésia. 61 (sup.): S01-S06."
DILLENIACEAE,"Doliocarpus littoralis",profile,threats,"Davidovich, F. 2001. Metrópole e território : metropolização do espaço no Rio de Janeiro. Cad. Metrópole 6, 67–77."
DILLENIACEAE,"Doliocarpus littoralis",profile,threats,"Bohrer, C.B. de A., Dantas, H.G.R., Cronemberger, F.M., Vicens, R.S., Andrade, S.F. de. 2015. Instituto de Pesquisas Jardim Botânico do Rio de Janeiro Mapeamento da vegetação e do uso do solo no Centro de Diversidade Vegetal de Cabo Frio , Rio de Janeiro. Rodriguésia 60, 1–23."
DILLENIACEAE,"Doliocarpus littoralis",profile,threats,"Ribeiro, G., Oliveira, L.D. de. 2009. As Territorialidades da Metrópole no Século XXI: Tensões entre o Tradicional e o Moderno na Cidade de Cabo Frio-RJ. Geo UERJ 3, 108–127."
DILLENIACEAE,"Doliocarpus littoralis",profile,threats,"Leme, E.M.C. 2000. Niudularium - bromélias da Mata Atlântica, in: Niudularium - Bromélias Da Mata Atlântica. Sextante, Rio de Janeiro, RJ."
BROMELIACEAE,"Vriesea agostiniana",profile,distribution,"Forzza, R.C.; Costa, A.; Siqueira Filho, J.A.; Martinelli, G.; Monteiro, R.F.; Santos-Silva, F.; Saraiva, D. P.; Paixão-Souza, B.; Louzada, R.B.; Versieux, L. 2015. Bromeliaceae in Lista de Espécies da Flora do Brasil. Jardim Botânico do Rio de Janeiro. Disponível em: <http://reflora.jbrj.gov.br/jabot/floradobrasil/FB5966>. Acesso em: 31 Mar. 2015"
BROMELIACEAE,"Vriesea agostiniana",profile,ecology,"Forzza, R.C.; Costa, A.; Siqueira Filho, J.A.; Martinelli, G.; Monteiro, R.F.; Santos-Silva, F.; Saraiva, D. P.; Paixão-Souza, B.; Louzada, R.B.; Versieux, L. 2015. Bromeliaceae in Lista de Espécies da Flora do Brasil. Jardim Botânico do Rio de Janeiro. Disponível em: <http://reflora.jbrj.gov.br/jabot/floradobrasil/FB5966>. Acesso em: 31 Mar. 2015"
BROMELIACEAE,"Vriesea agostiniana",profile,threats,"Mallet-Rodrigues, F., Parrini, R., & Pacheco, J. F. (2007). Birds of the Serra dos Órgãos , State of Rio de Janeiro , Southeastern Brazil : a review. Revista Brasileira de Ornitologia, 15(1), 5–35."
BROMELIACEAE,"Vriesea agostiniana",profile,uses,"Souza, V. C.; Lorenzi, H. 2008. Botânica sistemática: guia ilustrado para identificação das famílias de fanerógamas nativas e exóticas no Brasil, baseado na APG III. 3a ed. Nova Odessa: Instituto Plantarum, 768 p."
CALOPHYLLACEAE,"Kielmeyera rizziniana",profile,ecology,"Saddi, N. 1984 Novas espécies de Kielmeyera Martius (Gutiferae) do sudoeste brasileiro. Rodriguesia 36(60):59-64"
CALOPHYLLACEAE,"Kielmeyera rizziniana",profile,threats,"Rio de Janeiro (Estado). Secretaria Estadual do Ambiente. O estado do ambiente: indicadores ambientais do Rio de Janeiro / Organizadoras: Júlia Bastos e Patrícia Napoleão. – Rio de Janeiro: SEA; INEA, 2011. 160 p. : il. ; 29,7 cm."
CALOPHYLLACEAE,"Kielmeyera rizziniana",profile,threats,"O Globo. 2007. O Corpo de Bombeiros está tentando controlar um incêndio nas proximidades dos condomínios de luxo Mansões da Barra e Pedra de Itaúna, localizados na Barra da Tijuca, na Zona Oeste do Rio. Em: G1 globo.com. Acesso em 04/2015"
MORACEAE,"Maclura brasiliensis",profile,distribution,"Berg, C.C. 2001. Moreae, Artocarpeae, and Dorstenia (Moraceae) with introductions to the family and Ficus and with additions and corrections to Flora Neotropica Monograph 7. Flora Neotropica Monograph 83: 1-346."
MORACEAE,"Maclura brasiliensis",profile,ecology,"Berg, C.C. 2001. Moreae, Artocarpeae, and Dorstenia (Moraceae) with introductions to the family and Ficus and with additions and corrections to Flora Neotropica Monograph 7. Flora Neotropica Monograph 83: 1-346."
BROMELIACEAE,"Vriesea grandiflora",profile,distribution,"Forzza, R.C.; Costa, A.; Siqueira Filho, J.A.; Martinelli, G.; Monteiro, R.F.; Santos-Silva, F.; Saraiva, D. P.; Paixão-Souza, B.; Louzada, R.B.; Versieux, L. 2015. Bromeliaceae in Lista de Espécies da Flora do Brasil. Jardim Botânico do Rio de Janeiro. Disponível em: <http://reflora.jbrj.gov.br/jabot/floradobrasil/FB5966>. Acesso em: 31 Mar. 2015"
BROMELIACEAE,"Vriesea grandiflora",profile,ecology,"Forzza, R.C.; Costa, A.; Siqueira Filho, J.A.; Martinelli, G.; Monteiro, R.F.; Santos-Silva, F.; Saraiva, D. P.; Paixão-Souza, B.; Louzada, R.B.; Versieux, L. 2015. Bromeliaceae in Lista de Espécies da Flora do Brasil. Jardim Botânico do Rio de Janeiro. Disponível em: <http://reflora.jbrj.gov.br/jabot/floradobrasil/FB5966>. Acesso em: 31 Mar. 2015"
BROMELIACEAE,"Vriesea grandiflora",profile,threats,"IBGE, 2015. Sumidouro. @Cidades. Disponível em: <http://www.cidades.ibge.gov.br/painel/economia.php?lang=&codmun=330570&search=rio-de-janeiro|sumidouro|infogr%E1ficos:-despesas-e-receitas-or%E7ament%E1rias-e-pib>. Acesso em: 27 Fev. 2015"
BROMELIACEAE,"Vriesea grandiflora",profile,threats,"IBGE, 2015. Sumidouro. @Cidades. Disponível em: <http://www.cidades.ibge.gov.br/painel/economia.php?lang=&codmun=330570&search=rio-de-janeiro|sumidouro|infogr%E1ficos:-despesas-e-receitas-or%E7ament%E1rias-e-pib>. Acesso em: 27 Fev. 2015"
BROMELIACEAE,"Vriesea grandiflora",profile,threats,"IBGE, 2015. Sumidouro. @Cidades. Disponível em: <http://www.cidades.ibge.gov.br/painel/economia.php?lang=&codmun=330570&search=rio-de-janeiro|sumidouro|infogr%E1ficos:-despesas-e-receitas-or%E7ament%E1rias-e-pib>. Acesso em: 27 Fev. 2015"
BROMELIACEAE,"Vriesea grandiflora",profile,uses,"Souza, V. C.; Lorenzi, H. 2008. Botânica sistemática: guia ilustrado para identificação das famílias de fanerógamas nativas e exóticas no Brasil, baseado na APG III. 3a ed. Nova Odessa: Instituto Plantarum, 768 p."
BROMELIACEAE,"Vriesea joyae",profile,distribution,"Forzza, R.C.; Costa, A.; Siqueira Filho, J.A.; Martinelli, G.; Monteiro, R.F.; Santos-Silva, F.; Saraiva, D. P.; Paixão-Souza, B.; Louzada, R.B.; Versieux, L. 2015. Bromeliaceae in Lista de Espécies da Flora do Brasil. Jardim Botânico do Rio de Janeiro. Disponível em: <http://reflora.jbrj.gov.br/jabot/floradobrasil/FB5966>. Acesso em: 31 Mar. 2015"
BROMELIACEAE,"Vriesea joyae",profile,ecology,"Forzza, R.C.; Costa, A.; Siqueira Filho, J.A.; Martinelli, G.; Monteiro, R.F.; Santos-Silva, F.; Saraiva, D. P.; Paixão-Souza, B.; Louzada, R.B.; Versieux, L. 2015. Bromeliaceae in Lista de Espécies da Flora do Brasil. Jardim Botânico do Rio de Janeiro. Disponível em: <http://reflora.jbrj.gov.br/jabot/floradobrasil/FB5966>. Acesso em: 31 Mar. 2015"
BROMELIACEAE,"Vriesea joyae",profile,threats,"Prefeitura de Angra, 2015. Agricultura em Angra. Disponível em: <http://www.angra.rj.gov.br/secretaria_sae_agricultura.asp?IndexSigla=SAE&vNomeLink=Agricultura de Angra dos Reis#.VP3yhPnF-Sp>. Acesso em 9 mar. 2015"
BROMELIACEAE,"Vriesea joyae",profile,threats,"IBGE, 2015. Angra dos Reis. @Cidades. Disponível em: <http://cidades.ibge.gov.br/painel/historico.php?lang=&codmun=330010&search=rio-de-janeiro|angra-dos-reis|infograficos:-historico>. Acesso em 09 mar. 2015."
BROMELIACEAE,"Vriesea joyae",profile,threats,"Garcia, F.S., Dedeca, J.G., 2012. Reflexos ambientais (biodiversidade) da urbanização do município de Paraty-rj. Rev. Ciências do Ambient. On-Line 8, 7–15."
BROMELIACEAE,"Vriesea joyae",profile,uses,"Souza, V. C.; Lorenzi, H. 2008. Botânica sistemática: guia ilustrado para identificação das famílias de fanerógamas nativas e exóticas no Brasil, baseado na APG III. 3a ed. Nova Odessa: Instituto Plantarum, 768 p."
BROMELIACEAE,"Vriesea pauciflora",profile,distribution,"Forzza, R.C.; Costa, A.; Siqueira Filho, J.A.; Martinelli, G.; Monteiro, R.F.; Santos-Silva, F.; Saraiva, D. P.; Paixão-Souza, B.; Louzada, R.B.; Versieux, L. 2015. Bromeliaceae in Lista de Espécies da Flora do Brasil. Jardim Botânico do Rio de Janeiro. Disponível em: <http://reflora.jbrj.gov.br/jabot/floradobrasil/FB5966>. Acesso em: 31 Mar. 2015"
BROMELIACEAE,"Vriesea pauciflora",profile,ecology,"Forzza, R.C.; Costa, A.; Siqueira Filho, J.A.; Martinelli, G.; Monteiro, R.F.; Santos-Silva, F.; Saraiva, D. P.; Paixão-Souza, B.; Louzada, R.B.; Versieux, L. 2015. Bromeliaceae in Lista de Espécies da Flora do Brasil. Jardim Botânico do Rio de Janeiro. Disponível em: <http://reflora.jbrj.gov.br/jabot/floradobrasil/FB5966>. Acesso em: 31 Mar. 2015"
BROMELIACEAE,"Vriesea pauciflora",profile,uses,"Souza, V. C.; Lorenzi, H. 2008. Botânica sistemática: guia ilustrado para identificação das famílias de fanerógamas nativas e exóticas no Brasil, baseado na APG III. 3a ed. Nova Odessa: Instituto Plantarum, 768 p."
CYPERACEAE,"Scleria bradei",profile,ecology,"Alves, M.; Hefler, S.M.; Trevisan, R.; Silva Filho, P.J.S.; Ribeiro, A.R.O. 2015 Cyperaceae in Lista de Espécies da Flora do Brasil. Jardim Botânico do Rio de Janeiro. Disponível em: <http://reflora.jbrj.gov.br/jabot/floradobrasil/FB7294>. Acesso em: 10 Abr. 2015"
CYPERACEAE,"Scleria bradei",profile,ecology,"Paes, G.C.L., da Silva Machado, D.N., Lobão, A.Q., de Barros, A.A.M., 2013. Levantamento florístico do estrat arbóreo-arbustivo no Morro do Pico, APA dos Fortes, Niterói, RJ, Brasil., in: 64o Congresso Nacional de Botânica. Belo Horizonte, MG."
CYPERACEAE,"Scleria bradei",profile,threats,"Domingo de Sol na Praia do Forte Imbuí Em: http://www.sangueverdeoliva.com.br/novo/index.php? Acesso em abr. 2015"
CYPERACEAE,"Scleria bradei",profile,threats,"Paes, G.C.L., da Silva Machado, D.N., Lobão, A.Q., de Barros, A.A.M., 2013. Levantamento florístico do estrat arbóreo-arbustivo no Morro do Pico, APA dos Fortes, Niterói, RJ, Brasil., in: 64o Congresso Nacional de Botânica. Belo Horizonte, MG."
CYPERACEAE,"Scleria bradei",profile,threats,"Paes, G.C.L., da Silva Machado, D.N., Lobão, A.Q., de Barros, A.A.M., 2013. Levantamento florístico do estrat arbóreo-arbustivo no Morro do Pico, APA dos Fortes, Niterói, RJ, Brasil., in: 64o Congresso Nacional de Botânica. Belo Horizonte, MG."
BROMELIACEAE,"Vriesea roethii",profile,distribution,"Forzza, R.C.; Costa, A.; Siqueira Filho, J.A.; Martinelli, G.; Monteiro, R.F.; Santos-Silva, F.; Saraiva, D. P.; Paixão-Souza, B.; Louzada, R.B.; Versieux, L. 2015. Bromeliaceae in Lista de Espécies da Flora do Brasil. Jardim Botânico do Rio de Janeiro. Disponível em: <http://reflora.jbrj.gov.br/jabot/floradobrasil/FB5966>. Acesso em: 31 Mar. 2015"
BROMELIACEAE,"Vriesea roethii",profile,ecology,"Forzza, R.C.; Costa, A.; Siqueira Filho, J.A.; Martinelli, G.; Monteiro, R.F.; Santos-Silva, F.; Saraiva, D. P.; Paixão-Souza, B.; Louzada, R.B.; Versieux, L. 2015. Bromeliaceae in Lista de Espécies da Flora do Brasil. Jardim Botânico do Rio de Janeiro. Disponível em: <http://reflora.jbrj.gov.br/jabot/floradobrasil/FB5966>. Acesso em: 31 Mar. 2015"
BROMELIACEAE,"Vriesea roethii",profile,threats,"Castro, E.B.V. de, 2008. Plano de manejo do Parque Nacional da Serra dos Órgãos, Brasília, Instituto Chico Mendes de Conservação da Biodiversidade, Portaria ICMBio. Brasil."
BROMELIACEAE,"Vriesea roethii",profile,threats," ICMBio, 2014b. Incêndio enfraquece no Parque Nacional da Serra dos Órgãos. Notícias. Disponível em: <http://www.ibama.gov.br/publicadas/incendio-enfraquece-no-parque-nacional-da-serra-dos-orgaos>"
BROMELIACEAE,"Vriesea roethii",profile,threats,"ICMBio, 2014a. ICMBio e Ibama trabalham para conter incêndio na Serra dos Órgãos. Meio Ambiente. Disponível em < http://www.brasil.gov.br/meio-ambiente/2014/10/icmbio-e-ibama-trabalham-para-conter-incendio-na-serra-dos-orgaos>."
BROMELIACEAE,"Vriesea roethii",profile,threats,"IBAMA, 2014. Ibama combate incêndio no Parque Nacional Serra dos Órgãos. Disponível em <http://www.ibama.gov.br/publicadas/ibama-combate-incendio-no-parque-nacional-serra-dos-orgaos>."
BROMELIACEAE,"Vriesea roethii",profile,uses,"Souza, V. C.; Lorenzi, H. 2008. Botânica sistemática: guia ilustrado para identificação das famílias de fanerógamas nativas e exóticas no Brasil, baseado na APG III. 3a ed. Nova Odessa: Instituto Plantarum, 768 p."
BROMELIACEAE,"Vriesea secundiflora",profile,distribution,"Forzza, R.C.; Costa, A.; Siqueira Filho, J.A.; Martinelli, G.; Monteiro, R.F.; Santos-Silva, F.; Saraiva, D. P.; Paixão-Souza, B.; Louzada, R.B.; Versieux, L. 2015. Bromeliaceae in Lista de Espécies da Flora do Brasil. Jardim Botânico do Rio de Janeiro. Disponível em: <http://reflora.jbrj.gov.br/jabot/floradobrasil/FB5966>. Acesso em: 31 Mar. 2015"
BROMELIACEAE,"Vriesea secundiflora",profile,ecology,"Forzza, R.C.; Costa, A.; Siqueira Filho, J.A.; Martinelli, G.; Monteiro, R.F.; Santos-Silva, F.; Saraiva, D. P.; Paixão-Souza, B.; Louzada, R.B.; Versieux, L. 2015. Bromeliaceae in Lista de Espécies da Flora do Brasil. Jardim Botânico do Rio de Janeiro. Disponível em: <http://reflora.jbrj.gov.br/jabot/floradobrasil/FB5966>. Acesso em: 31 Mar. 2015"
BROMELIACEAE,"Vriesea secundiflora",profile,threats,"Garcia, F.S., Dedeca, J.G., 2012. Reflexos ambientais (biodiversidade) da urbanização do município de Paraty-rj. Rev. Ciências do Ambient. On-Line 8, 7–15."
BROMELIACEAE,"Vriesea secundiflora",profile,uses,"Souza, V. C.; Lorenzi, H. 2008. Botânica sistemática: guia ilustrado para identificação das famílias de fanerógamas nativas e exóticas no Brasil, baseado na APG III. 3a ed. Nova Odessa: Instituto Plantarum, 768 p."
MALPIGHIACEAE,"Hiraea wiedeana",profile,actions,"MINISTÉRIO DO MEIO AMBIENTE. 2014. Portaria No 443, De 17 de Dezembro de 2014. a ""Lista Nacional Oficial de Espécies da Flora Ameaçadas de Extinção"". Diário Oficial [da] República Federativa do Brasil, Poder Executivo, Brasília, DF, 18 dez. 2014 Seção 1, p.110-121."
Malpighiaceae,"Hiraea macrophylla",profile,distribution,"C . Anderson, 2014. Edinburgh Journal of Botany 71 ( 3 ): 361 – 378 "
Malpighiaceae,"Hiraea macrophylla",profile,ecology,"Anderson, C. 2014. Edinburgh Journal of Botany 71 ( 3 ): 361 – 378 "
Malpighiaceae,"Hiraea macrophylla",profile,ecology,"Mamede, M.C.H. 2015. Hiraea in Lista de Espécies da Flora do Brasil. Jardim Botânico do Rio de Janeiro. Disponível em: <http://reflora.jbrj.gov.br/jabot/floradobrasil/FB581805>. Acesso em: 15 Abr. 2015"
Malpighiaceae,"Hiraea macrophylla",profile,threats,"Santos, T.R.; M.A.Alves. 2011. Região Costeira do Rio de Janeiro, no corredor da Serra do Mar, PP 251-263. In: Valenti, R.M., J.M.C.Silva, F.C.Straube e J.L.X. Nascimento (eds.). Conservação Internacional, Belém, VII+490 pp."
Malpighiaceae,"Hiraea macrophylla",profile,threats,"Filho, E.T.D.C., Bravo, E.J.C.., Tinoco, T., 2010. Florística preliminar e bioinvasão na Restinga da Praia de Itauna devido a ocupação desordenada, Saquarema, RJ., in: 13o Simpósio de Biologia Marinha. Santos, SP, p. 4."
Malpighiaceae,"Hiraea macrophylla",profile,actions,"MINISTÉRIO DO MEIO AMBIENTE. 2014. Portaria No 443, De 17 de Dezembro de 2014. a ""Lista Nacional Oficial de Espécies da Flora Ameaçadas de Extinção"". Diário Oficial [da] República Federativa do Brasil, Poder Executivo, Brasília, DF, 18 dez. 2014 Seção 1, p.110-121."
MYRTACEAE,"Eugenia cinerascens",profile,distribution,"Sobral, M.; Proença, C.; Souza, M.; Mazine, F.; Lucas, E. 2015. Myrtaceae in Lista de Espécies da Flora do Brasil. Jardim Botânico do Rio de Janeiro. Disponível em <http://floradobrasil.jbrj.gov.br/jabot/floradobrasil/FB10268>. Acesso em 15 abril 2015."
MYRTACEAE,"Eugenia cinerascens",profile,distribution,"Souza, M. 2014. Myrtaceae in Catálogo das espécies de plantas vasculares e briófitas do Estado do Rio de Janeiro. Rio de Janeiro: Instituto de Pesquisas Jardim Botânico do Rio de Janeiro. Disponível em <http://florariojaneiro.jbrj.gov.br>. Acesso em 15 abril 2015."
MYRTACEAE,"Eugenia cinerascens",profile,ecology,"Sobral, M.; Proença, C.; Souza, M.; Mazine, F.; Lucas, E. 2015. Myrtaceae in Lista de Espécies da Flora do Brasil. Jardim Botânico do Rio de Janeiro. Disponível em <http://floradobrasil.jbrj.gov.br/jabot/floradobrasil/FB10268>. Acesso em 15 abril 2015."
MYRTACEAE,"Eugenia cinerascens",profile,threats,"Fernandes, M. do C., Lagüéns, J.V.M., Netto, A.L.C., 1999. O Processo de Ocupação por Favelas e sua Relação com os Eventos de Deslizamentos no Maciço da Tijuca/RJ. Anuário do Inst. Geociências - UFRJ 22, 45–59."
MYRTACEAE,"Eugenia cinerascens",profile,threats,"Castro, E.B.V. de, 2008. Plano de manejo do Parque Nacional da Serra dos Órgãos, Brasília, Instituto Chico Mendes de Conservação da Biodiversidade, Portaria ICMBio. Brasil."
MYRTACEAE,"Eugenia cinerascens",profile,threats,"IBAMA, 2014. Ibama combate incêndio no Parque Nacional Serra dos Órgãos. Disponível em <http://www.ibama.gov.br/publicadas/ibama-combate-incendio-no-parque-nacional-serra-dos-orgaos>."
MYRTACEAE,"Eugenia cinerascens",profile,threats,"ICMBio, 2014a. ICMBio e Ibama trabalham para conter incêndio na Serra dos Órgãos. Meio Ambiente. Disponível em < http://www.brasil.gov.br/meio-ambiente/2014/10/icmbio-e-ibama-trabalham-para-conter-incendio-na-serra-dos-orgaos>."
MYRTACEAE,"Eugenia cinerascens",profile,threats,"ICMBio, 2014b. Incêndio enfraquece no Parque Nacional da Serra dos Órgãos. Notícias. Disponível em: <http://www.ibama.gov.br/publicadas/incendio-enfraquece-no-parque-nacional-da-serra-dos-orgaos>"
CUCURBITACEAE,"Cayaponia latiloba",profile,distribution,"Gomes-Klein, V.L.; Lima, L.F.P.; Gomes-Costa, G. A.; Medeiros, E.S. 2014. Cucurbitaceae in Lista de Espécies da Flora do Brasil. Jardim Botânico do Rio de Janeiro. Disponível em: <http://reflora.jbrj.gov.br/jabot/floradobrasil/FB114604>. Acesso em: 16 Abr. 2015"
CUCURBITACEAE,"Cayaponia latiloba",profile,ecology,"Gomes-Klein, V.L.; Lima, L.F.P.; Gomes-Costa, G. A.; Medeiros, E.S. 2014. Cucurbitaceae in Lista de Espécies da Flora do Brasil. Jardim Botânico do Rio de Janeiro. Disponível em: <http://reflora.jbrj.gov.br/jabot/floradobrasil/FB114604>. Acesso em: 16 Abr. 2015"
CUCURBITACEAE,"Gurania ovata",profile,ecology,"Gomes-Klein, V.L.; Gomes-Costa, G. A. Gurania in Lista de Espécies da Flora do Brasil. Jardim Botânico do Rio de Janeiro. Disponível em: <http://reflora.jbrj.gov.br/jabot/floradobrasil/FB125184>. Acesso em: 17 Abr. 2015, V.L.; Gomes-Costa, G. A. 2015. Gurania in Lista de Espécies da Flora do Brasil. Jardim Botânico do Rio de Janeiro. Disponível em: <http://reflora.jbrj.gov.br/jabot/floradobrasil/FB125184>. Acesso em: 16 Abr. 2015"
CUCURBITACEAE,"Gurania ovata",profile,threats,"Matos, J.J.B.S., 2007. Composição Florística de espécies arbóreo-Arbustivas em trecho de borda situado no Parque Nacional da Tijuca. Monografia. Universidade Federal Rural do Rio de Janeiro."
CUCURBITACEAE,"Gurania ovata",profile,threats,"Fernandes, M. do C., Lagüéns, J.V.M., Netto, A.L.C., 1999. O Processo de Ocupação por Favelas e sua Relação com os Eventos de Deslizamentos no Maciço da Tijuca/RJ. Anuário do Inst. Geociências - UFRJ 22, 45–59."
CUCURBITACEAE,"Gurania ovata",profile,threats,"Soares, R.C.R. de S., 2008. Plano de Manejo do Parque Nacional da Tijuca."
CUCURBITACEAE,"Gurania ovata",profile,threats,"Soares, R.C.R. de S., 2008. Plano de Manejo do Parque Nacional da Tijuca."
POACEAE,"Chusquea sclerophylla",profile,distribution,"Shirasuna, R.T.; Oliveira, R.P.; Mota, A.C. 2015. Chusquea in Lista de Espécies da Flora do Brasil. Jardim Botânico do Rio de Janeiro. Disponível em: <http://reflora.jbrj.gov.br/jabot/floradobrasil/FB13115>. Acesso em: 16 Abr. 2015"
POACEAE,"Chusquea sclerophylla",profile,distribution,"Greco, T.M. 2014. Chusquea (Poaceae).. Catálogo das espécies de plantas vasculares e briófitas do Estado do Rio de Janeiro. Rio de Janeiro: Instituto de Pesquisas Jardim Botânico do Rio de Janeiro. Disponível em: <http://florariojaneiro.jbrj.gov.br>. Acesso em: 16 Abr. 2015"
POACEAE,"Chusquea sclerophylla",profile,threats," ICMBio, 2014b. Incêndio enfraquece no Parque Nacional da Serra dos Órgãos. Notícias. Disponível em: <http://www.ibama.gov.br/publicadas/incendio-enfraquece-no-parque-nacional-da-serra-dos-orgaos>"
POACEAE,"Chusquea sclerophylla",profile,threats,"ICMBio, 2014a. ICMBio e Ibama trabalham para conter incêndio na Serra dos Órgãos. Meio Ambiente. Disponível em < http://www.brasil.gov.br/meio-ambiente/2014/10/icmbio-e-ibama-trabalham-para-conter-incendio-na-serra-dos-orgaos>."
POACEAE,"Chusquea sclerophylla",profile,threats," IBAMA, 2014. Ibama combate incêndio no Parque Nacional Serra dos Órgãos. Disponível em <http://www.ibama.gov.br/publicadas/ibama-combate-incendio-no-parque-nacional-serra-dos-orgaos>."
POACEAE,"Chusquea sclerophylla",profile,threats,"Viana, F. M. de F., & Rocha, C. H. B. (2009). Impactos ambientais em unidades de conservação. Universidade Federal de Juiz de Fora."
POACEAE,"Chusquea sclerophylla",profile,threats,"Mallet-Rodrigues, F., Parrini, R., & Pacheco, J. F. (2007). Birds of the Serra dos Órgãos , State of Rio de Janeiro , Southeastern Brazil : a review. Revista Brasileira de Ornitologia, 15(1), 5–35."
DIOSCOREACEAE,"Dioscorea campos-portoi",profile,ecology,"Couto, R.S. 2014. Dioscoriaceae. Catálogo das espécies de plantas vasculares e briófitas do Estado do Rio de Janeiro. Rio de Janeiro: Instituto de Pesquisas Jardim Botânico do Rio de Janeiro. Disponível em: <http://florariojaneiro.jbrj.gov.br> Acesso em: Abr. 2015"
DIOSCOREACEAE,"Dioscorea campos-portoi",profile,threats,"Barros, M.I.A. De, 2003. Caracterização da visitação, dos visitantes e avaliação dos impactos ecológicos e recreativos do planalto do Parque Nacional do Itatiaia. Piracicaba, SP 121."
DIOSCOREACEAE,"Dioscorea campos-portoi",profile,threats,"Aximoff, I., 2007. Impactos do fogo na vegetação do Planalto do Itatiaia. Relatório Técnico. Parq. Nac. Itatiaia. ICMBio/MMA."
DIOSCOREACEAE,"Dioscorea pseudomacrocapsa",profile,ecology,"Kirizawa, M.; Xifreda, C.C.; Couto, R.; Araújo, D. 2011. Dioscoreaceae in Lista de Espécies da Flora do Brasil. Jardim Botânico do Rio de Janeiro. Disponível em: <http://reflora.jbrj.gov.br/jabot/floradobrasil/FB35333>. Acesso em: 20 Abr. 2015"
DIOSCOREACEAE,"Dioscorea pseudomacrocapsa",profile,threats,"Barros, A.A.M. de, 2008. Análise Florística e estrutural do Parque Estadual da Serra da Tiririca, Niterói e Maricá, RJ, Brasil. Escola Nacional de Botânica Tropical."
DIOSCOREACEAE,"Dioscorea pseudomacrocapsa",profile,threats,"Pena, I.A. de B., Santos, C.J.F., Sinay, L., 2013. Estratégias para o desenvolvimento do uso público das APAs dos Morros da Babilônia e São João, do  Leme e Urubu e Parque Estadual da Chacrinha, RJ. An. – Uso Público em Unidades Conserv. 1, 60 – 68."
DIOSCOREACEAE,"Dioscorea pseudomacrocapsa",profile,threats,"Barros, A.A.M. de, 2008. Análise Florística e estrutural do Parque Estadual da Serra da Tiririca, Niterói e Maricá, RJ, Brasil. Escola Nacional de Botânica Tropical."
DIOSCOREACEAE,"Dioscorea pseudomacrocapsa",profile,threats,"Sinay, L., de Sinay, M.C.F., de Barros Pena, I.A., 2014. Parque Natural Municipal da Paisagem Carioca: ecoturismo e sustentabilidade. Rev. Bras. Ecoturismo 7, 500–516."
DIOSCOREACEAE,"Dioscorea pseudomacrocapsa",profile,threats,"Sinay, L., de Sinay, M.C.F., de Barros Pena, I.A., 2014. Parque Natural Municipal da Paisagem Carioca: ecoturismo e sustentabilidade. Rev. Bras. Ecoturismo 7, 500–516."
DIOSCOREACEAE,"Dioscorea pseudomacrocapsa",profile,threats,"Barros, A.A.M. de, 2008. Análise Florística e estrutural do Parque Estadual da Serra da Tiririca, Niterói e Maricá, RJ, Brasil. Escola Nacional de Botânica Tropical."
DIOSCOREACEAE,"Dioscorea pseudomacrocapsa",profile,threats,"Sinay, L., de Sinay, M.C.F., de Barros Pena, I.A., 2014. Parque Natural Municipal da Paisagem Carioca: ecoturismo e sustentabilidade. Rev. Bras. Ecoturismo 7, 500–516."
DIOSCOREACEAE,"Dioscorea pseudomacrocapsa",profile,actions,"Monumento Natural (MONA) dos Morros do Pão de Açúcar e da Urca. Em: http://www.rio.rj.gov.br/web/smac/exibeconteudo?id=4461307 Acesso em: 20 de abril de 2015"
DIOSCOREACEAE,"Dioscorea pseudomacrocapsa",profile,actions,"Ministério do Meio Ambiente. 2014. Portaria No 443, De 17 de Dezembro de 2014. a ""Lista Nacional Oficial de Espécies da Flora Ameaçadas de Extinção"". Diário Oficial [da] República Federativa do Brasil, Poder Executivo, Brasília, DF, 18 dez. 2014 Seção 1, p.110-121."
RUBIACEAE,"Simira walteri",profile,ecology,"Barbosa, M.R. 2014. Simira in Lista de Espécies da Flora do Brasil. Jardim Botânico do Rio de Janeiro. Disponível em: <http://reflora.jbrj.gov.br/jabot/floradobrasil/FB115570>. Acesso em: 21 Abr. 2015"
RUBIACEAE,"Simira walteri",profile,threats,"Teixeira, L.H. dos S., 2006. Plano de Manejo da Reserva Biológica do Tinguá. Brasil."
RUBIACEAE,"Simira walteri",profile,threats,"Teixeira, L.H. dos S., 2006. Plano de Manejo da Reserva Biológica do Tnguá. Brasil.  Carvalho, F.A., Nascimento, M.T., Braga, J.M.A., 2006. Composição e riqueza florística do componente arbóreo da Floresta Atlântica submontana na região de Imbaú, Município de Silva Jardim, RJ. Acta Bot. Bras. 20, 727–740."
RUBIACEAE,"Simira walteri",profile,threats,"Kurtz, B.C., Araújo, D.S.D. de, 2000. Composição florística e estrutura do componente arbóreo de um trecho de Mata Atlântica na Estação Ecológica Estadual. Rodriguésia 51, 69–112."
HYMENOPHYLLACEAE,"Hymenophyllum sampaioanum",profile,distribution,"Windisch, P.G. 2015. Hymenophyllaceae in Lista de Espécies da Flora do Brasil. Jardim Botânico do Rio de Janeiro. Disponível em: <http://reflora.jbrj.gov.br/jabot/floradobrasil/FB91217>. Acesso em: 21 Abr. 2015"
HYMENOPHYLLACEAE,"Hymenophyllum sampaioanum",profile,ecology,"Windisch, P.G. 2015. Hymenophyllaceae in Lista de Espécies da Flora do Brasil. Jardim Botânico do Rio de Janeiro. Disponível em: <http://reflora.jbrj.gov.br/jabot/floradobrasil/FB91217>. Acesso em: 21 Abr. 2015"
HYMENOPHYLLACEAE,"Hymenophyllum sampaioanum",profile,ecology,"Sylvestre, L. S. & Mynssen, C. M. 2014. Aspleniaceae. Catálogo das espécies de plantas vasculares e briófitas do Estado do Rio de Janeiro. Rio de Janeiro: Instituto de Pesquisas Jardim Botânico do Rio de Janeiro. Disponível em: <http://florariojaneiro.jbrj.gov.br>. Acesso em: 19 Mar. 2015"
HYMENOPHYLLACEAE,"Hymenophyllum sampaioanum",profile,threats,"Viana, F. M. de F., & Rocha, C. H. B. (2009). Impactos ambientais em unidades de conservação. Universidade Federal de Juiz de Fora."
HYMENOPHYLLACEAE,"Hymenophyllum sampaioanum",profile,threats,"Castro, E.B.V. de. 2008. Plano de manejo do Parque Nacional da Serra dos Órgãos, Brasília, Instituto Chico Mendes de Conservação da Biodiversidade, Portaria ICMBio. Brasil."
HYMENOPHYLLACEAE,"Hymenophyllum sampaioanum",profile,threats," ICMBio, 2014b. Incêndio enfraquece no Parque Nacional da Serra dos Órgãos. Notícias. Disponível em: <http://www.ibama.gov.br/publicadas/incendio-enfraquece-no-parque-nacional-da-serra-dos-orgaos>"
HYMENOPHYLLACEAE,"Hymenophyllum sampaioanum",profile,threats,"ICMBio, 2014a. ICMBio e Ibama trabalham para conter incêndio na Serra dos Órgãos. Meio Ambiente. Disponível em < http://www.brasil.gov.br/meio-ambiente/2014/10/icmbio-e-ibama-trabalham-para-conter-incendio-na-serra-dos-orgaos>."
HYMENOPHYLLACEAE,"Hymenophyllum sampaioanum",profile,threats,"IBAMA, 2014. Ibama combate incêndio no Parque Nacional Serra dos Órgãos. Disponível em <http://www.ibama.gov.br/publicadas/ibama-combate-incendio-no-parque-nacional-serra-dos-orgaos>."
HYMENOPHYLLACEAE,"Hymenophyllum sampaioanum",profile,actions,"MMA, 2014. Lista Nacional Oficial de Espécies da Flora Ameaçadas de Extinção. Brasil."
HYMENOPHYLLACEAE,"Hymenophyllum sampaioanum",profile,actions,"Sylvestre, L. S. & Mynssen, C. M. 2014. Aspleniaceae. Catálogo das espécies de plantas vasculares e briófitas do Estado do Rio de Janeiro. Rio de Janeiro: Instituto de Pesquisas Jardim Botânico do Rio de Janeiro. Disponível em: <http://florariojaneiro.jbrj.gov.br>. Acesso em: 19 Mar. 2015"
PTERIDACEAE,"Cheilanthes incisa",profile,distribution,"Mynssen, C.M., Windisch, P.G., 2004. Pteridófitas da Reserva Rio das Pedras, Mangaratiba, RJ, Brasil. Rodriguésia 55, 125–156."
PTERIDACEAE,"Cheilanthes incisa",profile,distribution,"Mynssen, C. M. & Sylvestre, L. S. 2014. Pteridaceae. Catálogo das espécies de plantas vasculares e briófitas do Estado do Rio de Janeiro. Rio de Janeiro: Instituto de Pesquisas Jardim Botânico do Rio de Janeiro. Disponível em: <http://florariojaneiro.jbrj.gov.br>. Acesso em: 22 Abr. 2015"
PTERIDACEAE,"Cheilanthes incisa",profile,distribution,"Prado, J. 2015. Pteridaceae in Lista de Espécies da Flora do Brasil. Jardim Botânico do Rio de Janeiro. Disponível em: <http://reflora.jbrj.gov.br/jabot/floradobrasil/FB134499>. Acesso em: 22 Abr. 2015"
PTERIDACEAE,"Cheilanthes incisa",profile,ecology,"Mynssen, C.M., Windisch, P.G., 2004. Pteridófitas da Reserva Rio das Pedras, Mangaratiba, RJ, Brasil. Rodriguésia 55, 125–156."
PTERIDACEAE,"Cheilanthes incisa",profile,ecology,"Mynssen, C.M., Windisch, P.G., 2004. Pteridófitas da Reserva Rio das Pedras, Mangaratiba, RJ, Brasil. Rodriguésia 55, 125–156."
PTERIDACEAE,"Cheilanthes incisa",profile,ecology,"Prado, J. 2015. Pteridaceae in Lista de Espécies da Flora do Brasil. Jardim Botânico do Rio de Janeiro. Disponível em: <http://reflora.jbrj.gov.br/jabot/floradobrasil/FB134499>. Acesso em: 22 Abr. 2015"
PTERIDACEAE,"Cheilanthes incisa",profile,threats,"Mynssen, C.M., Windisch, P.G., 2004. Pteridófitas da Reserva Rio das Pedras, Mangaratiba, RJ, Brasil. Rodriguésia 55, 125–156."
PTERIDACEAE,"Cheilanthes incisa",profile,threats,"Castro, E.B.V. de. 2008. Plano de manejo do Parque Nacional da Serra dos Órgãos, Brasília, Instituto Chico Mendes de Conservação da Biodiversidade, Portaria ICMBio. Brasil."
PTERIDACEAE,"Cheilanthes incisa",profile,actions,"MMA, 2014. Lista Nacional Oficial de Espécies da Flora Ameaçadas de Extinção. Brasil."
PTERIDACEAE,"Doryopteris tijucana",profile,distribution,"Prado, J. 2015. Pteridaceae in Lista de Espécies da Flora do Brasil. Jardim Botânico do Rio de Janeiro. Disponível em: <http://reflora.jbrj.gov.br/jabot/floradobrasil/FB134499>. Acesso em: 22 Abr. 2015"
PTERIDACEAE,"Doryopteris tijucana",profile,ecology,"Sylvestre, L. S. & Mynssen, C. M. 2014. Pteridaceae. Catálogo das espécies de plantas vasculares e briófitas do Estado do Rio de Janeiro. Rio de Janeiro: Instituto de Pesquisas Jardim Botânico do Rio de Janeiro. Disponível em: <http://florariojaneiro.jbrj.gov.br>. Acesso em: 19 Mar. 2015"
PTERIDACEAE,"Doryopteris tijucana",profile,ecology,"Prado, J. 2015. Pteridaceae in Lista de Espécies da Flora do Brasil. Jardim Botânico do Rio de Janeiro. Disponível em: <http://reflora.jbrj.gov.br/jabot/floradobrasil/FB134499>. Acesso em: 22 Abr. 2015"
PTERIDACEAE,"Doryopteris tijucana",profile,threats,"Soares, R.C.R. de S., 2008. Plano de Manejo do Parque Nacional da Tijuca."
PTERIDACEAE,"Doryopteris tijucana",profile,threats,"Marcos, C.S., Matos, D.M.S., 2003. Estrutura de populações de palmiteiro (Euterpe edulis Mart.) em áreas com diferentes graus de impactação na Floresta da Tijuca, RJ. Floresta e Ambient. 10, 27–37."
PTERIDACEAE,"Doryopteris tijucana",profile,threats,"Soares, R.C.R. de S., 2008. Plano de Manejo do Parque Nacional da Tijuca."
PTERIDACEAE,"Doryopteris tijucana",profile,actions,"Sylvestre, L. S. & Mynssen, C. M. 2014. Pteridaceae. Catálogo das espécies de plantas vasculares e briófitas do Estado do Rio de Janeiro. Rio de Janeiro: Instituto de Pesquisas Jardim Botânico do Rio de Janeiro. Disponível em: <http://florariojaneiro.jbrj.gov.br>. Acesso em: 19 Mar. 2015"
Pteridaceae,"Jamesonia brasiliensis",profile,distribution,"Sylvestre, L. S. & Mynssen, C. M. 2014. Pteridaceae. Catálogo das espécies de plantas vasculares e briófitas do Estado do Rio de Janeiro. Rio de Janeiro: Instituto de Pesquisas Jardim Botânico do Rio de Janeiro. Disponível em: <http://florariojaneiro.jbrj.gov.br>. Acesso em: 19 Mar. 2015"
Pteridaceae,"Jamesonia brasiliensis",profile,ecology,"Prado, J. 2015. Pteridaceae in Lista de Espécies da Flora do Brasil. Jardim Botânico do Rio de Janeiro. Disponível em: <http://reflora.jbrj.gov.br/jabot/floradobrasil/FB134499>. Acesso em: 22 Abr. 2015"
Pteridaceae,"Jamesonia brasiliensis",profile,threats,"Aximoff, I., 2007. Impactos do fogo na vegetação do Planalto do Itatiaia. Relatório Técnico. Parq. Nac. Itatiaia. ICMBio/MMA."
Pteridaceae,"Jamesonia brasiliensis",profile,threats,"Barros, M.I.A. De. 2003. Caracterização da visitação, dos visitantes e avaliação dos impactos ecológicos e recreativos do planalto do Parque Nacional do Itatiaia. Piracicaba, SP 121."
PTERIDACEAE,"Pteris congesta",profile,distribution,"Prado, J. 2015. Pteridaceae in Lista de Espécies da Flora do Brasil. Jardim Botânico do Rio de Janeiro. Disponível em: <http://reflora.jbrj.gov.br/jabot/floradobrasil/FB134499>. Acesso em: 22 Abr. 2015."
PTERIDACEAE,"Pteris congesta",profile,distribution,"Prado, J., Windisch, P.G., 2000. The genus Pteris L. (Pteridaceae) in Brazil. Bol. do Inst. Botânica 13, 103–199."
PTERIDACEAE,"Pteris congesta",profile,distribution,"Sylvestre, L. S. & Mynssen, C. M. 2014. Pteridaceae. Catálogo das espécies de plantas vasculares e briófitas do Estado do Rio de Janeiro. Rio de Janeiro: Instituto de Pesquisas Jardim Botânico do Rio de Janeiro. Disponível em: <http://florariojaneiro.jbrj.gov.br>. Acesso em: 19 Mar. 2015"
PTERIDACEAE,"Pteris congesta",profile,ecology,"Prado, J. 2015. Pteridaceae in Lista de Espécies da Flora do Brasil. Jardim Botânico do Rio de Janeiro. Disponível em: <http://reflora.jbrj.gov.br/jabot/floradobrasil/FB134499>. Acesso em: 22 Abr. 2015."
PTERIDACEAE,"Pteris congesta",profile,ecology,"CNCFlora 2015. Base de Dados do Centro Nacional da Conservação da Flora. Disponivel em: <http://cncflora.jbrj.gov.br/portal/>. Acesso em: 22 Abr. 2015."
PTERIDACEAE,"Pteris congesta",profile,threats,"Marcos, C.S., Matos, D.M.S., 2003. Estrutura de populações de palmiteiro (Euterpe edulis Mart.) em áreas com diferentes graus de impactação na Floresta da Tijuca, RJ. Floresta e Ambient. 10, 27–37."
PTERIDACEAE,"Pteris congesta",profile,threats,"Fernandes, M. do C., Lagüéns, J.V.M., Netto, A.L.C., 1999. O Processo de Ocupação por Favelas e sua Relação com os Eventos de Deslizamentos no Maciço da Tijuca/RJ. Anuário do Inst. Geociências - UFRJ 22, 45–59."
PTERIDACEAE,"Pteris congesta",profile,actions,"Sylvestre, L. S. & Mynssen, C. M. 2014. Pteridaceae. Catálogo das espécies de plantas vasculares e briófitas do Estado do Rio de Janeiro. Rio de Janeiro: Instituto de Pesquisas Jardim Botânico do Rio de Janeiro. Disponível em: <http://florariojaneiro.jbrj.gov.br>. Acesso em: 19 Mar. 2015"
PTERIDACEAE,"Pteris congesta",profile,actions,"MMA, 2014. Lista Nacional Oficial de Espécies da Flora Ameaçadas de Extinção. Brasil."
POLYPODIACEAE,"Alansmia alfaroi",profile,distribution,"Labiak, P.H.; Hirai, R.Y. 2015. Alansmia in Lista de Espécies da Flora do Brasil. Jardim Botânico do Rio de Janeiro. Disponível em: <http://reflora.jbrj.gov.br/jabot/floradobrasil/FB128916>. Acesso em: 22 Abr. 2015"
POLYPODIACEAE,"Alansmia alfaroi",profile,ecology,"Labiak, P.H.; Hirai, R.Y. 2015. Alansmia in Lista de Espécies da Flora do Brasil. Jardim Botânico do Rio de Janeiro. Disponível em: <http://reflora.jbrj.gov.br/jabot/floradobrasil/FB128916>. Acesso em: 22 Abr. 2015"
POLYPODIACEAE,"Alansmia alfaroi",profile,threats,"TCE-RJ, 2003. Estudo Socioeconômico 2004 - Santa Maria Madalena. Rio de Janeiro."
POLYPODIACEAE,"Alansmia alfaroi",profile,threats,"TCE-RJ, 2003. Estudo Socioeconômico 2004 - Santa Maria Madalena. Rio de Janeiro."
POLYPODIACEAE,"Alansmia alfaroi",profile,threats,"Viana, F. M. de F., & Rocha, C. H. B. (2009). Impactos ambientais em unidades de conservação. Universidade Federal de Juiz de Fora."
POLYPODIACEAE,"Alansmia alfaroi",profile,threats,"Castro, E.B.V. de. 2008. Plano de manejo do Parque Nacional da Serra dos Órgãos, Brasília, Instituto Chico Mendes de Conservação da Biodiversidade, Portaria ICMBio. Brasil."
POLYPODIACEAE,"Alansmia alfaroi",profile,threats,"ICMBio, 2014b. Incêndio enfraquece no Parque Nacional da Serra dos Órgãos. Notícias. Disponível em: <http://www.ibama.gov.br/publicadas/incendio-enfraquece-no-parque-nacional-da-serra-dos-orgaos>"
POLYPODIACEAE,"Alansmia alfaroi",profile,threats,"ICMBio, 2014a. ICMBio e Ibama trabalham para conter incêndio na Serra dos Órgãos. Meio Ambiente. Disponível em < http://www.brasil.gov.br/meio-ambiente/2014/10/icmbio-e-ibama-trabalham-para-conter-incendio-na-serra-dos-orgaos>."
POLYPODIACEAE,"Alansmia alfaroi",profile,threats,"IBAMA, 2014. Ibama combate incêndio no Parque Nacional Serra dos Órgãos. Disponível em <http://www.ibama.gov.br/publicadas/ibama-combate-incendio-no-parque-nacional-serra-dos-orgaos>."
RUBIACEAE,"Rudgea allophylla",profile,ecology,"Bruniera, C.P.; Zappi, D. 2014 Rudgea in Lista de Espécies da Flora do Brasil. Jardim Botânico do Rio de Janeiro. Disponível em: <http://reflora.jbrj.gov.br/jabot/floradobrasil/FB14251>. Acesso em: 27 Abr. 2015"
MYRTACEAE,"Myrcia colpodes",profile,distribution,"Sobral, M.; Proença, C.; Souza, M.; Mazine, F.; Lucas, E. 2015. Myrtaceae in Lista de Espécies da Flora do Brasil. Jardim Botânico do Rio de Janeiro. Disponível em <http://floradobrasil.jbrj.gov.br/jabot/floradobrasil/FB10268>. Acesso em 28 abril 2015."
MYRTACEAE,"Myrcia colpodes",profile,ecology,"Sobral, M.; Proença, C.; Souza, M.; Mazine, F.; Lucas, E. 2015. Myrtaceae in Lista de Espécies da Flora do Brasil. Jardim Botânico do Rio de Janeiro. Disponível em <http://floradobrasil.jbrj.gov.br/jabot/floradobrasil/FB10268>. Acesso em 28 abril 2015."
RUBIACEAE,"Psychotria mineirensis",profile,ecology,"Taylor, C.; M. Gomes; Zappi, D. 2014. Psychotria in Lista de Espécies da Flora do Brasil. Jardim Botânico do Rio de Janeiro. Disponível em: <http://reflora.jbrj.gov.br/jabot/floradobrasil/FB39223>. Acesso em: 27 Abr. 2015"
RUBIACEAE,"Psychotria friburgensis",profile,ecology,"Taylor, C.; M. Gomes; Zappi, D. 2014. Psychotria in Lista de Espécies da Flora do Brasil. Jardim Botânico do Rio de Janeiro. Disponível em: <http://reflora.jbrj.gov.br/jabot/floradobrasil/FB39223>. Acesso em: 28 Abr. 2015"
MYRTACEAE,"Myrcia oreioeca",profile,distribution,"Sobral, M.; Proença, C.; Souza, M.; Mazine, F.; Lucas, E. 2015. Myrtaceae in Lista de Espécies da Flora do Brasil. Jardim Botânico do Rio de Janeiro. Disponível em <http://floradobrasil.jbrj.gov.br/jabot/floradobrasil/FB10268>. Acesso em 28 abril 2015."
MYRTACEAE,"Myrcia oreioeca",profile,ecology,"Sobral, M.; Proença, C.; Souza, M.; Mazine, F.; Lucas, E. 2015. Myrtaceae in Lista de Espécies da Flora do Brasil. Jardim Botânico do Rio de Janeiro. Disponível em <http://floradobrasil.jbrj.gov.br/jabot/floradobrasil/FB10268>. Acesso em 28 abril 2015."
MYRTACEAE,"Myrcia rubiginosa",profile,distribution,"Sobral, M.; Proença, C.; Souza, M.; Mazine, F.; Lucas, E. 2015. Myrtaceae in Lista de Espécies da Flora do Brasil. Jardim Botânico do Rio de Janeiro. Disponível em <http://floradobrasil.jbrj.gov.br/jabot/floradobrasil/FB10268>. Acesso em 28 abril 2015."
MYRTACEAE,"Myrcia rubiginosa",profile,distribution,"CNCFlora. 2015. Base de dados do Centro Nacional de Conservação da Flora. Disponível em <http://cncflora.jbrj.gov.br/portal/>. Acesso em 28 abril 2015."
MYRTACEAE,"Myrcia rubiginosa",profile,ecology,"Sobral, M.; Proença, C.; Souza, M.; Mazine, F.; Lucas, E. 2015. Myrtaceae in Lista de Espécies da Flora do Brasil. Jardim Botânico do Rio de Janeiro. Disponível em <http://floradobrasil.jbrj.gov.br/jabot/floradobrasil/FB10268>. Acesso em 28 abril 2015."
RUBIACEAE,"Faramea diversifolia",profile,distribution,"Müller, J. 1881. Rubiaceae I. in Martius, C. F. P. de; Eichler, A. G. & Urban, I. Flora Brasiliensis: Enumeratio Plantarum in Brasilia 6(5):105-162."
RUBIACEAE,"Faramea diversifolia",profile,ecology,"Jardim, J.G., Gomes, M., 2015. Faramea in Lista de Espécies da Flora do Brasil. Jardim Botânico do Rio Janeiro.Disponível em: <http://reflora.jbrj.gov.br/jabot/floradobrasil/FB13943>. Acesso em: 27 Abr. 2015."
MYRTACEAE,"Myrciaria pallida",profile,distribution,"Sobral, M.; Proença, C.; Souza, M.; Mazine, F.; Lucas, E. 2015. Myrtaceae in Lista de Espécies da Flora do Brasil. Jardim Botânico do Rio de Janeiro. Disponível em <http://floradobrasil.jbrj.gov.br/jabot/floradobrasil/FB10268>. Acesso em 29 abril 2015."
MYRTACEAE,"Myrciaria pallida",profile,distribution,"Souza, M. 2014. Myrtaceae in Catálogo das espécies de plantas vasculares e briófitas do Estado do Rio de Janeiro. Rio de Janeiro: Instituto de Pesquisas Jardim Botânico do Rio de Janeiro. Disponível em <http://florariojaneiro.jbrj.gov.br>. Acesso em 29 abril 2015."
MYRTACEAE,"Myrciaria pallida",profile,ecology,"Sobral, M.; Proença, C.; Souza, M.; Mazine, F.; Lucas, E. 2015. Myrtaceae in Lista de Espécies da Flora do Brasil. Jardim Botânico do Rio de Janeiro. Disponível em <http://floradobrasil.jbrj.gov.br/jabot/floradobrasil/FB10268>. Acesso em 29 abril 2015."
MYRTACEAE,"Myrciaria pallida",profile,threats,"Mendes, S.P., 2010. Implantação da APA Macaé de Cima (RJ): um confronto entre a função social da priopriedade eo direito ao meio ambiente ecologicamente preservado. V Encontro Nac. da Anppas, Florianópolis, SC."
MYRTACEAE,"Myrciaria pallida",profile,threats,"Mendes, S.P., 2010. Implantação da APA Macaé de Cima (RJ): um confronto entre a função social da priopriedade eo direito ao meio ambiente ecologicamente preservado. V Encontro Nac. da Anppas, Florianópolis, SC."
MYRTACEAE,"Myrciaria pallida",profile,threats,"Mendes, S.P., 2010. Implantação da APA Macaé de Cima (RJ): um confronto entre a função social da priopriedade eo direito ao meio ambiente ecologicamente preservado. V Encontro Nac. da Anppas, Florianópolis, SC."
MYRTACEAE,"Myrciaria pallida",profile,threats,"Mota, L.D.M., 2009. Produção agrícola, meio ambiente e saúde em áreas rurais de Nova Friburgo, RJ: conflitos e negociações. Fundação Oswaldo Cruz. Tese de Doutorado. 155 p."
MYRTACEAE,"Myrciaria pallida",profile,threats,"Bomtempo, C.B.T., Lardosa, E.I., Marcelo Rodrigues Felippe, Brancato, M.A., Magalhães, M.A.F., 2010. Plano de manejo reserva biológica de araras - RBA - Fase 1. Instituto Estadual do Ambiente - INEA, Brasil."
RUBIACEAE,"Hindsia ramosissima",profile,ecology,"Di Maio, F.R. ; Oliveira, J.A. 2014. Hindsia in Lista de Espécies da Flora do Brasil. Jardim Botânico do Rio de Janeiro. Disponível em: <http://reflora.jbrj.gov.br/jabot/floradobrasil/FB38887>. Acesso em: 29 Abr. 2015"
RUBIACEAE,"Hindsia ramosissima",profile,threats,"IBAMA, 2014. Ibama combate incêndio no Parque Nacional Serra dos Órgãos. Disponível em <http://www.ibama.gov.br/publicadas/ibama-combate-incendio-no-parque-nacional-serra-dos-orgaos>. ICMBio, 2014a. ICMBio e Ibama trabalham para conter incêndio na Serra dos Órgãos. Meio Ambiente. Disponível em < http://www.brasil.gov.br/meio-ambiente/2014/10/icmbio-e-ibama-trabalham-para-conter-incendio-na-serra-dos-orgaos>. ICMBio, 2014b. Incêndio enfraquece no Parque Nacional da Serra dos Órgãos. Notícias. Disponível em: <http://www.ibama.gov.br/publicadas/incendio-enfraquece-no-parque-nacional-da-serra-dos-orgaos>"
RUBIACEAE,"Hindsia ramosissima",profile,threats,"Viana, F. M. de F., & Rocha, C. H. B. (2009). Impactos ambientais em unidades de conservação. Universidade Federal de Juiz de Fora."
RUBIACEAE,"Hindsia ramosissima",profile,threats,"Castro, E.B.V. de. 2008. Plano de manejo do Parque Nacional da Serra dos Órgãos, Brasília, Instituto Chico Mendes de Conservação da Biodiversidade, Portaria ICMBio. Brasil."
RUBIACEAE,"Hindsia ramosissima",profile,threats,"Bomtempo, C.B.T., Lardosa, E.I., Marcelo Rodrigues Felippe, Brancato, M.A., Magalhães, M.A.F., 2010. Plano de manejo reserva biológica de araras - RBA - Fase 1. Instituto Estadual do Ambiente - INEA, Brasil."
RUBIACEAE,"Hindsia glabra",profile,ecology,"Di Maio, F.R. ; Oliveira, J.A. 2014. Hindsia in Lista de Espécies da Flora do Brasil. Jardim Botânico do Rio de Janeiro. Disponível em: <http://reflora.jbrj.gov.br/jabot/floradobrasil/FB38887>. Acesso em: 29 Abr. 2015"
RUBIACEAE,"Hindsia glabra",profile,threats,"Barros, M.I.A. De. 2003. Caracterização da visitação, dos visitantes e avaliação dos impactos ecológicos e recreativos do planalto do Parque Nacional do Itatiaia. Piracicaba, SP 121."
RUBIACEAE,"Hindsia glabra",profile,threats,"Aximoff, I., 2007. Impactos do fogo na vegetação do Planalto do Itatiaia. Relatório Técnico. Parq. Nac. Itatiaia. ICMBio/MMA."
RUBIACEAE,"Hindsia glabra",profile,actions,"MINISTÉRIO DO MEIO AMBIENTE. 2014. Portaria No 443, De 17 de Dezembro de 2014. a ""Lista Nacional Oficial de Espécies da Flora Ameaçadas de Extinção"". Diário Oficial [da] República Federativa do Brasil, Poder Executivo, Brasília, DF, 18 dez. 2014 Seção 1, p.110-121."
ERIOCAULACEAE,"Paepalanthus macaheesis",profile,taxonomicNotes,"Trovó, M. ; Sano, P.T. (in prep.) Sheeding light in a Eriocaulaceae from the shadows: the Paepalanthus macaheensis case. Phytotaxa"
ERIOCAULACEAE,"Paepalanthus macaheesis",profile,economicValue,"Trovó, M. & Sano, P.T. (in prep.) Sheeding light in a Eriocaulaceae from the shadows: the Paepalanthus macaheensis case. Phytotaxa"
ERIOCAULACEAE,"Paepalanthus macaheesis",profile,population,"Trovó, M.;Sano, P.T. (in prep.) Sheeding light in a Eriocaulaceae from the shadows: the Paepalanthus macaheensis case. Phytotaxa"
ERIOCAULACEAE,"Paepalanthus macaheesis",profile,distribution,"Trovó, M.; Sano, P.T. (in prep.) Sheeding light in a Eriocaulaceae from the shadows: the Paepalanthus macaheensis case. Phytotaxa"
ERIOCAULACEAE,"Paepalanthus macaheesis",profile,ecology,"Trovó, M.; Sano, P.T. (in prep.) Sheeding light in a Eriocaulaceae from the shadows: the Paepalanthus macaheensis case. Phytotaxa"
ERIOCAULACEAE,"Paepalanthus macaheesis",profile,reproduction,"Trovó, M.; Sano, P.T. (in prep.) Sheeding light in a Eriocaulaceae from the shadows: the Paepalanthus macaheensis case. Phytotaxa"
ERIOCAULACEAE,"Paepalanthus macaheesis",profile,threats,"Trovó, M.; Sano, P.T. (in prep.) Sheeding light in a Eriocaulaceae from the shadows: the Paepalanthus macaheensis case. Phytotaxa"
