occurrenceID,family,acceptedNameUsage,decimalLatitude,decimalLongitude,georeferenceProtocol,georeferenceVerificationStatus,georeferencedBy,georeferencedDate,georeferencePrecision,coordinateUncertaintyInMeters,acceptedNameUsage,valid,validation_taxonomy,validation_cultivated,validation_duplicated,validation_native,validation_georeference,contributor,remarks
occurrence:rj:,,"Doliocarpus littoralis (Kubitzki) Fraga & Stehmann",0,0,,nok,,,,,"Doliocarpus littoralis (Kubitzki) Fraga & Stehmann",,,,,,,"Tomás Amorim ; Eduardo Fernandez",
occurrence:rj:1037545,Pteridaceae,"Pteris congesta J.Prado",0,0,,ok,,,,,"Pteris congesta J.Prado",false,,,yes,,,"Tomás Amorim ; Rodrigo Amaro",
occurrence:rj:1043889,Dichapetalaceae,"Stephanopodium estrellense Baill.",0,0,,ok,"Fernanda Wimmer",,,,"Stephanopodium estrellense Baill.",false,valid,no,yes,native,valid,"Fernanda Wimmer ; Eduardo Fernandez",
occurrence:rj:1049044,Bromeliaceae,"Vriesea grandiflora Leme",-21.734167,-43.375833,coletor,ok,,,,"0 a 250 m","Vriesea grandiflora Leme",true,valid,no,no,native,valid,"Gustavo Martinelli ; Rogerio Braga ; Rodrigo Amaro",
occurrence:rj:1144551,Sterculiaceae,"Waltheria petiolata K.Schum.",-8.358056,-42.246667,,ok,"Fernanda Wimmer",,,,"Waltheria petiolata K.Schum.",true,,,,,,"Fernanda Wimmer ; Eduardo Fernandez",
occurrence:rj:1165020,Clusiaceae,"Kielmeyera rizziniana Saddi",-23.003849,-43.421422,"google earth",ok,"Fernanda Wimmer",,,"0 a 250 m","Kielmeyera rizziniana Saddi",false,valid,no,yes,native,valid,"Rafaela Jorge Trad ; Marta Moraes ; Fernanda Wimmer ; Raquel",
occurrence:rj:1293899,Dioscoreaceae,"Dioscorea pseudomacrocapsa G.M.Barroso et al.",-22.96003,-43.368917,"google earth",ok,,,,"5 a 10 km","Dioscorea pseudomacrocapsa G.M.Barroso et al.",false,unknown,unknown,yes,unknown,unknown,"Marta Moraes ; Fernanda Wimmer ; Raquel",
occurrence:rj:1305744,Clusiaceae,"Kielmeyera rizziniana Saddi",-23.287667,-44.67767,sig,ok,,,,"centroide de uc","Kielmeyera rizziniana Saddi",true,valid,no,no,native,valid,"Rafaela Jorge Trad ; Fernanda Wimmer ; Raquel",
occurrence:rj:1344583,Malvaceae,"Waltheria petiolata K.Schum.",-22.338117,-42.466242,sig,ok,"Fernanda Wimmer",,,"centroide de municipio","Waltheria petiolata K.Schum.",true,,,,,,"Fernanda Wimmer ; Eduardo Fernandez",
occurrence:rj:1365103,Boraginaceae,"Varronia leucomalla (Taub.) Borhidi",-22.952336,-43.211474,"google earth",ok,,,,"250 a 1000 m","Varronia leucomalla (Taub.) Borhidi",true,valid,no,no,native,valid,"José Iranildo Miranda de Melo ; Leonardo Novaes ; Lucas Moulton",
occurrence:rj:1365512,Pteridaceae,"Doryopteris tijucana Brade & Rosenst.",0,0,,ok,,,,,"Doryopteris tijucana Brade & Rosenst.",false,,,yes,,,"Tomás Amorim ; Rodrigo Amaro",
occurrence:rj:1365513,Pteridaceae,"Doryopteris tijucana Brade & Rosenst.",-22.943056,-43.286389,"google earth",ok,,,,"5 a 10 km","Doryopteris tijucana Brade & Rosenst.",,,,,,,"Tomás Amorim ; Rodrigo Amaro",
occurrence:rj:1365514,Pteridaceae,"Doryopteris tijucana Brade & Rosenst.",0,0,,ok,,,,,"Doryopteris tijucana Brade & Rosenst.",false,,,yes,,,"Tomás Amorim ; Rodrigo Amaro",
occurrence:rj:1365515,Pteridaceae,"Doryopteris tijucana Brade & Rosenst.",-22.950556,-43.292222,"google earth",ok,,,,"1 a 5 km","Doryopteris tijucana Brade & Rosenst.",,,,,,,"Tomás Amorim ; Rodrigo Amaro",
occurrence:rj:1365516,Pteridaceae,"Doryopteris tijucana Brade & Rosenst.",0,0,,ok,,,,,"Doryopteris tijucana Brade & Rosenst.",false,,,yes,,,"Tomás Amorim ; Rodrigo Amaro",
occurrence:rj:1365517,Pteridaceae,"Doryopteris tijucana Brade & Rosenst.",0,0,,ok,,,,,"Doryopteris tijucana Brade & Rosenst.",false,,,yes,,,"Tomás Amorim ; Rodrigo Amaro",
occurrence:rj:1365518,Pteridaceae,"Doryopteris tijucana Brade & Rosenst.",0,0,,ok,,,,,"Doryopteris tijucana Brade & Rosenst.",false,,,yes,,,"Tomás Amorim ; Rodrigo Amaro",
occurrence:rj:1365519,Pteridaceae,"Doryopteris tijucana Brade & Rosenst.",0,0,,ok,,,,,"Doryopteris tijucana Brade & Rosenst.",false,,,yes,,,"Tomás Amorim ; Rodrigo Amaro",
occurrence:rj:1433804,Dioscoreaceae,"Dioscorea pseudomacrocapsa G.M.Barroso et al.",-22.96003,-43.368917,"google earth",ok,,,,"5 a 10 km","Dioscorea pseudomacrocapsa G.M.Barroso et al.",false,unknown,unknown,yes,unknown,unknown,"Marta Moraes ; Fernanda Wimmer ; Raquel",
occurrence:rj:1589927,Dichapetalaceae,"Stephanopodium estrellense Baill.",-22.969075,-43.23912,"google earth",ok,,,,"250 a 1000 m","Stephanopodium estrellense Baill.",false,unknown,unknown,unknown,unknown,unknown,"Fernanda Wimmer ; Herison Medeiros  ; Eduardo Fernandez",
occurrence:rj:1595504,Malvaceae,"Abutilon macrocarpum Guillem. & Perr.",0,0,,nok,"Fernanda Wimmer",,,,"Abutilon macrocarpum Guillem. & Perr.",true,,,,,,"Fernanda Wimmer ; Eduardo Fernandez",
occurrence:rj:1613651,Euphorbiaceae,"Acalypha macularis Pax & K.Hoffm.",-108339,-528731,,ok,,,,,"Acalypha macularis Pax & K.Hoffm.",true,valid,no,no,native,valid,"Fernanda Hurbath Pita Brandão ; Leonardo Novaes ; Eduardo Fernandez",
occurrence:rj:1626236,Boraginaceae,"Varronia leucomalla (Taub.) Borhidi",0,0,,nok,,,,,"Varronia leucomalla (Taub.) Borhidi",false,valid,no,yes,native,valid,"José Iranildo Miranda de Melo ; Leonardo Novaes ; Lucas Moulton",
occurrence:rj:1628144,Dioscoreaceae,"Dioscorea pseudomacrocapsa G.M.Barroso et al.",-22.96003,-43.368917,"google earth",ok,,,,"5 a 10 km","Dioscorea pseudomacrocapsa G.M.Barroso et al.",false,unknown,unknown,yes,unknown,unknown,"Marta Moraes ; Fernanda Wimmer ; Raquel",
occurrence:rj:1628145,Dioscoreaceae,"Dioscorea pseudomacrocapsa G.M.Barroso et al.",-22.96003,-43.368917,"google earth",ok,,,,"5 a 10 km","Dioscorea pseudomacrocapsa G.M.Barroso et al.",false,unknown,unknown,yes,unknown,unknown,"Marta Moraes ; Fernanda Wimmer ; Raquel",
occurrence:rj:1635944,Cucurbitaceae,"Gurania cinerea Suessenguth",0,0,,nok,"Fernanda Wimmer",,,,"Gurania cinerea Suessenguth",true,,,,,,"Fernanda Wimmer ; Raquel",
occurrence:rj:1646680,Rubiaceae,"Psychotria friburgensis Standl.",,,,nok,,,,,"Psychotria friburgensis Standl.",true,valid,no,no,native,valid,"Raquel Negrão ; Daniela Zappi ; Tomás Amorim ; Raquel",
occurrence:rj:1646681,Rubiaceae,"Psychotria friburgensis Standl.",0,0,,nok,,,,,"Psychotria friburgensis Standl.",false,,,yes,,,"Daniela Zappi ; Tomás Amorim ; Raquel",
occurrence:rj:1650196,Dichapetalaceae,"Stephanopodium estrellense Baill.",-22.935203,-43.471631,sig,ok,"Fernanda Wimmer",,,"centroide de municipio","Stephanopodium estrellense Baill.",true,valid,no,no,native,valid,"Fernanda Wimmer ; Herison Medeiros  ; Eduardo Fernandez",
occurrence:rj:1650197,Dichapetalaceae,"Stephanopodium estrellense Baill.",-108339,-528731,,nok,"Fernanda Wimmer",,,,"Stephanopodium estrellense Baill.",false,,,yes,,,"Fernanda Wimmer ; Herison Medeiros  ; Eduardo Fernandez",
occurrence:rj:1652985,Sterculiaceae,"Waltheria glazioviana K.Schum.",-22.937212,-43.124592,"google earth",ok,,,,"250 a 1000 m ","Waltheria glazioviana K.Schum.",,,,,,,"Fernanda Wimmer ; Eduardo Fernandez",
occurrence:rj:1652986,Sterculiaceae,"Waltheria glazioviana K.Schum.",-22.937212,-43.124592,"google earth",ok,,,,"250 a 1000 m ","Waltheria glazioviana K.Schum.",,,,,,,"Fernanda Wimmer ; Eduardo Fernandez",
occurrence:rj:1652987,Sterculiaceae,"Waltheria glazioviana K.Schum.",-22.937212,-43.124592,"google earth",ok,,,,"250 a 1000 m ","Waltheria glazioviana K.Schum.",,,,,,,"Fernanda Wimmer ; Eduardo Fernandez",
occurrence:rj:1652999,Sterculiaceae,"Waltheria petiolata K.Schum.",-108339,-528731,,nok,"Fernanda Wimmer",,,,"Waltheria petiolata K.Schum.",true,,,,,,"Fernanda Wimmer ; Eduardo Fernandez",
occurrence:rj:1660128,Euphorbiaceae,"Acalypha macularis Pax & K.Hoffm.",-22.482222,-42.9125,coletor,ok,,,,,"Acalypha macularis Pax & K.Hoffm.",true,valid,no,unknown,native,valid,"Fernanda Hurbath Pita Brandão ; Leonardo Novaes ; Eduardo Fernandez",
occurrence:rj:1665330,Calophyllaceae,"Kielmeyera rizziniana Saddi",-22.48222222,-42.9125,,nok,"Fernanda Wimmer",,,,"Kielmeyera rizziniana Saddi",false,valid,no,yes,native,valid,"Rafaela Jorge Trad ; Marta Moraes ; Fernanda Wimmer ; Raquel",
occurrence:rj:1670617,Dichapetalaceae,"Stephanopodium estrellense Baill.",-22.935203,-43.471631,sig,ok,,,,"centroide de municipio","Stephanopodium estrellense Baill.",true,valid,no,no,native,valid,"Fernanda Wimmer ; Herison Medeiros  ; Eduardo Fernandez","Coordinate uncertainty: Precision at the level of country Image URL: http://www.ville-ge.ch/musinfo/bd/cjb/chg/adetail.php?id=260451&base=img&lang=enCoordinate uncertainty: Precision at the level of country Image URL: http://www.ville-ge.ch/musinfo/bd/cjb/chg/adetail.php?id=260451&base=img&lang=en"
occurrence:rj:1670619,Dichapetalaceae,"Stephanopodium estrellense Baill.",-1077305556,-5308972222,,nok,"Fernanda Wimmer",,,,"Stephanopodium estrellense Baill.",false,,,yes,,,"Fernanda Wimmer ; Herison Medeiros  ; Eduardo Fernandez",
occurrence:rj:1671928,Malvaceae,"Waltheria glazioviana K.Schum.",-22.937212,-43.124592,"google earth",ok,,,,"250 a 1000 m ","Waltheria glazioviana K.Schum.",,,,,,,"Fernanda Wimmer ; Eduardo Fernandez",
occurrence:rj:167690,Bromeliaceae,"Vriesea atra Mez",-23.996388,-46.661981,sig,ok,"Fernanda Wimmer",,,"centroide de uc","Vriesea atra Mez",true,,,,,,"Fernanda Wimmer ; Rodrigo Amaro",
occurrence:rj:1710928,Moraceae,"Maclura brasiliensis (Mart.) Endl.",-19.019656,-48.360579,sig,ok,"Fernanda Wimmer",,,"centroide de municipio","Maclura brasiliensis (Mart.) Endl.",true,,,,,,"Fernanda Wimmer ; Raquel",
occurrence:rj:1893007,Calophyllaceae,"Kielmeyera rizziniana Saddi",-23.003849,-43.421422,"google earth",ok,"Fernanda Wimmer",,,"0 a 250 m","Kielmeyera rizziniana Saddi",false,unknown,unknown,yes,unknown,unknown,"Marta Moraes ; Fernanda Wimmer ; Raquel",
occurrence:rj:1986938,Clusiaceae,"Kielmeyera rizziniana Saddi",-23.003849,-43.421422,"google earth",ok,,,,"0 a 250 m","Kielmeyera rizziniana Saddi",false,unknown,unknown,yes,unknown,unknown,"Marta Moraes ; Fernanda Wimmer ; Raquel",
occurrence:rj:198939,Sterculiaceae,"Waltheria petiolata K.Schum.",-8.358056,-42.246667,,ok,"Fernanda Wimmer",,,,"Waltheria petiolata K.Schum.",true,,,,,,"Fernanda Wimmer ; Eduardo Fernandez",
occurrence:rj:2024709,Euphorbiaceae,"Acalypha macularis Pax & K.Hoffm.",-14.801218,-39.13495,sig,ok,"Leonardo Novaes",,,"centroide de municipio","Acalypha macularis Pax & K.Hoffm.",true,valid,no,unknown,native,valid,"Fernanda Hurbath Pita Brandão ; Leonardo Novaes ; Eduardo Fernandez",
occurrence:rj:2042197,Acanthaceae,"Aphelandra neesiana Wassh.",-14.667186,-39.272814,sig,ok,,,,"centroide de municipio","Aphelandra neesiana Wassh.",false,unknown,unknown,yes,unknown,unknown,"Fernanda Wimmer ; Raquel",
occurrence:rj:2063305,Boraginaceae,"Varronia leucomalla (Taub.) Borhidi",-11.592265,-41.207586,"google earth",ok,,,,"0 a 250 m","Varronia leucomalla (Taub.) Borhidi",false,unknown,unknown,unknown,unknown,unknown,"José Iranildo Miranda de Melo ; Leonardo Novaes ; Lucas Moulton",
occurrence:rj:2083319,Cucurbitaceae,"Gurania ovata Cogn.",-14.683333,-39.116667,coletor,ok,"Fernanda Wimmer",,,,"Gurania ovata Cogn.",true,,,,,,"Fernanda Wimmer ; Raquel",
occurrence:rj:2091659,Clusiaceae,"Kielmeyera rizziniana Saddi",-23.287667,-44.67767,sig,ok,,,,"centroide de uc","Kielmeyera rizziniana Saddi",false,unknown,unknown,yes,unknown,unknown,"Marta Moraes ; Fernanda Wimmer ; Raquel",
occurrence:rj:2141937,Dichapetalaceae,"Stephanopodium estrellense Baill.",0,0,,ok,,,,,"Stephanopodium estrellense Baill.",false,valid,no,yes,native,valid,"Fernanda Wimmer ; Eduardo Fernandez",
occurrence:rj:2152882,Sterculiaceae,"Waltheria petiolata K.Schum.",-22.995546,-43.42761,"google earth",ok,,,,"5 a 10 km","Waltheria petiolata K.Schum.",,,,,,,"Fernanda Wimmer ; Eduardo Fernandez",
occurrence:rj:2223003,Dioscoreaceae,"Dioscorea pseudomacrocapsa G.M.Barroso et al.",-22.95833,-43.167378,"google earth",ok,,,,"250 a 1000 m ","Dioscorea pseudomacrocapsa G.M.Barroso et al.",false,unknown,unknown,yes,unknown,unknown,"Marta Moraes ; Fernanda Wimmer ; Raquel",
occurrence:rj:2223004,Dioscoreaceae,"Dioscorea pseudomacrocapsa G.M.Barroso et al.",-22.96003,-43.368917,"google earth",ok,,,,"5 a 10 km","Dioscorea pseudomacrocapsa G.M.Barroso et al.",false,unknown,unknown,yes,unknown,unknown,"Marta Moraes ; Fernanda Wimmer ; Raquel",
occurrence:rj:2360878,Bromeliaceae,"Vriesea atra Mez",-13.276347,-41.748908,sig,ok,"Fernanda Wimmer",,,"centroide de municipio","Vriesea atra Mez",true,,,,,,"Fernanda Wimmer ; Rodrigo Amaro",
occurrence:rj:2383925,Malvaceae,"Abutilon macrocarpum Guillem. & Perr.",-25.292134,-49.339557,sig,ok,"Fernanda Wimmer",,,"centroide de municipio","Abutilon macrocarpum Guillem. & Perr.",true,,,,,,"Fernanda Wimmer ; Eduardo Fernandez",
occurrence:rj:2383926,Malvaceae,"Abutilon macrocarpum Guillem. & Perr.",-25.285009,-48.838669,sig,ok,,,,"centroide de municipio","Abutilon macrocarpum Guillem. & Perr.",,,,,,,"Fernanda Wimmer ; Eduardo Fernandez",
occurrence:rj:2383927,Malvaceae,"Abutilon macrocarpum Guillem. & Perr.",-25.374262,-49.010726,sig,ok,,,,"centroide de municipio","Abutilon macrocarpum Guillem. & Perr.",,,,,,,"Fernanda Wimmer ; Eduardo Fernandez",
occurrence:rj:2383928,Malvaceae,"Abutilon macrocarpum Guillem. & Perr.",-24.902444,-49.308821,sig,ok,,,,"centroide de municipio","Abutilon macrocarpum Guillem. & Perr.",,,,,,,"Fernanda Wimmer ; Eduardo Fernandez",
occurrence:rj:2383929,Malvaceae,"Abutilon macrocarpum Guillem. & Perr.",-25.069167,-48.798333,coletor,ok,"Fernanda Wimmer",,,,"Abutilon macrocarpum Guillem. & Perr.",true,,,,,,"Fernanda Wimmer ; Eduardo Fernandez",
occurrence:rj:2383930,Malvaceae,"Abutilon macrocarpum Guillem. & Perr.",-25.285009,-48.838669,sig,ok,,,,"centroide de municipio","Abutilon macrocarpum Guillem. & Perr.",,,,,,,"Fernanda Wimmer ; Eduardo Fernandez",
occurrence:rj:2397624,Acanthaceae,"Aphelandra neesiana Wassh.",-14.667186,-39.272814,sig,ok,,,,"centroide de municipio","Aphelandra neesiana Wassh.",true,valid,no,no,native,valid,"Fernanda Wimmer ; Raquel",
occurrence:rj:2445504,Boraginaceae,"Varronia leucomalla (Taub.) Borhidi",-11.592265,-41.207586,"google earth",ok,,,,"250 a 1000 m","Varronia leucomalla (Taub.) Borhidi",false,invalid,no,no,native,valid,"José Iranildo Miranda de Melo ; Leonardo Novaes ; Lucas Moulton",
occurrence:rj:244627,Bromeliaceae,"Vriesea atra Mez",-26.260014,-48.970052,sig,ok,"Fernanda Wimmer",,,"centroide de municipio","Vriesea atra Mez",true,,,,,,"Fernanda Wimmer ; Rodrigo Amaro",
occurrence:rj:2461240,Dioscoreaceae,"Dioscorea pseudomacrocapsa G.M.Barroso et al.",-22.95833,-43.167378,"google earth",ok,,,,"250 a 1000 m ","Dioscorea pseudomacrocapsa G.M.Barroso et al.",false,unknown,unknown,yes,unknown,unknown,"Marta Moraes ; Fernanda Wimmer ; Raquel",
occurrence:rj:2461241,Dioscoreaceae,"Dioscorea pseudomacrocapsa G.M.Barroso et al.",-22.96003,-43.368917,"google earth",ok,,,,"5 a 10 km","Dioscorea pseudomacrocapsa G.M.Barroso et al.",false,unknown,unknown,yes,unknown,unknown,"Marta Moraes ; Fernanda Wimmer ; Raquel",
occurrence:rj:2463696,Pteridaceae,"Doryopteris tijucana Brade & Rosenst.",0,0,,ok,,,,,"Doryopteris tijucana Brade & Rosenst.",false,,,yes,,,"Tomás Amorim ; Rodrigo Amaro",
occurrence:rj:2522656,Moraceae,"Maclura brasiliensis (Mart.) Endl.",0,0,,nok,"Fernanda Wimmer",,,,"Maclura brasiliensis (Mart.) Endl.",true,,,,,,"Fernanda Wimmer ; Raquel",
occurrence:rj:2522657,Moraceae,"Maclura brasiliensis (Mart.) Endl.",0,0,,nok,"Fernanda Wimmer",,,,"Maclura brasiliensis (Mart.) Endl.",true,,,,,,"Fernanda Wimmer ; Raquel",
occurrence:rj:2643408,Bromeliaceae,"Vriesea atra Mez",-13.276347,-41.748908,sig,ok,,,,"centroide de municipio","Vriesea atra Mez",,,,,,,"Fernanda Wimmer ; Rodrigo Amaro",
occurrence:rj:2644193,Sterculiaceae,"Waltheria petiolata K.Schum.",-22.995546,-43.42761,"google earth",ok,,,,"5 a 10 km","Waltheria petiolata K.Schum.",,,,,,,"Fernanda Wimmer ; Eduardo Fernandez",
occurrence:rj:2801329,Malvaceae,"Callianthe schenckii (K. Shum.) Donnel",-18.425111,-43.340048,sig,ok,"Fernanda Wimmer",,,"centroide de uc","Callianthe schenckii (K. Shum.) Donnel",true,,,,,,"Fernanda Wimmer ; Eduardo Fernandez",
occurrence:rj:2829251,Dioscoreaceae,"Dioscorea pseudomacrocapsa G.M.Barroso et al.",-22.96003,-43.368917,"google earth",ok,,,,"5 a 10 km","Dioscorea pseudomacrocapsa G.M.Barroso et al.",false,unknown,unknown,yes,unknown,unknown,"Marta Moraes ; Fernanda Wimmer ; Raquel",
occurrence:rj:2831785,Pteridaceae,"Doryopteris tijucana Brade & Rosenst.",0,0,,ok,,,,,"Doryopteris tijucana Brade & Rosenst.",false,,,yes,,,"Tomás Amorim ; Rodrigo Amaro",
occurrence:rj:2863763,Calophyllaceae,"Kielmeyera rizziniana Saddi",-23.003849,-43.421422,"google earth",ok,,,,"0 a 250 m","Kielmeyera rizziniana Saddi",false,unknown,no,no,native,valid,"Rafaela Jorge Trad ; Fernanda Wimmer ; Raquel",
occurrence:rj:2863764,Calophyllaceae,"Kielmeyera rizziniana Saddi",-23.003849,-43.421422,"google earth",ok,,,,"0 a 250 m","Kielmeyera rizziniana Saddi",false,unknown,unknown,no,unknown,unknown,"Marta Moraes ; Fernanda Wimmer ; Raquel",
occurrence:rj:2863765,Calophyllaceae,"Kielmeyera rizziniana Saddi",-23.287667,-44.67767,sig,ok,"Fernanda Wimmer",,,"centroide de uc","Kielmeyera rizziniana Saddi",true,valid,no,no,native,valid,"Rafaela Jorge Trad ; Fernanda Wimmer ; Raquel",
occurrence:rj:2875151,Moraceae,"Maclura brasiliensis (Mart.) Endl.",0,0,,nok,"Fernanda Wimmer",,,,"Maclura brasiliensis (Mart.) Endl.",true,,,,,,"Fernanda Wimmer ; Raquel",
occurrence:rj:2935766,Rubiaceae,"Psychotria friburgensis Standl.",-20.01361,-40.90694,coletor,ok,,,,"5 a 10 km","Psychotria friburgensis Standl.",true,valid,no,no,native,valid,"Daniela Zappi ; Tomás Amorim ; Raquel",
occurrence:rj:2935790,Rubiaceae,"Psychotria friburgensis Standl.",-20.122299,-40.539197,sig,ok,,,,"centroide de municipio","Psychotria friburgensis Standl.",true,valid,no,no,native,valid,"Daniela Zappi ; Tomás Amorim ; Raquel",
occurrence:rj:2935792,Rubiaceae,"Psychotria friburgensis Standl.",-20.01361,-40.90694,coletor,ok,,,,"5 a 10 km","Psychotria friburgensis Standl.",true,valid,no,no,native,valid,"Daniela Zappi ; Tomás Amorim ; Raquel",
occurrence:rj:2977716,Bromeliaceae,"Vriesea atra Mez",-26.051661,-48.868507,sig,ok,"Fernanda Wimmer",,,"centroide de municipio","Vriesea atra Mez",true,,,,,,"Fernanda Wimmer ; Rodrigo Amaro",
occurrence:rj:2980604,Malvaceae,"Abutilon macrocarpum Guillem. & Perr.",-25.240583,-49.597222,coletor,ok,,,,,"Abutilon macrocarpum Guillem. & Perr.",,,,,,,"Fernanda Wimmer ; Eduardo Fernandez",
occurrence:rj:299123,Acanthaceae,"Schaueria calycotricha (Link & Otto) Nees",-22.77761,-42.1382,sig,ok,"Fernanda Wimmer",,,"centroide de municipio","Schaueria calycotricha (Link & Otto) Nees",true,,,,,,"Leonardo Novaes ; Fernanda Wimmer ; Raquel",
occurrence:rj:3004402,Phyllanthaceae,"Phyllanthus augustinii Baill.",0,0,,nok,"Fernanda Wimmer",,,,"Phyllanthus augustinii Baill.",true,valid,no,no,native,valid,"Fernanda Wimmer ; Eduardo Fernandez",
occurrence:rj:3149932,Dioscoreaceae,"Dioscorea pseudomacrocapsa G.M.Barroso et al.",-18.776944,-40.443889,,ok,"Fernanda Wimmer",,,,"Dioscorea pseudomacrocapsa G.M.Barroso et al.",true,,,,,,"Fernanda Wimmer ; Raquel",
occurrence:rj:3149933,Dioscoreaceae,"Dioscorea pseudomacrocapsa G.M.Barroso et al.",-22.96003,-43.368917,"google earth",ok,,,,"5 a 10 km","Dioscorea pseudomacrocapsa G.M.Barroso et al.",false,unknown,unknown,yes,unknown,unknown,"Marta Moraes ; Fernanda Wimmer ; Raquel",
occurrence:rj:3174271,Pteridaceae,"Pteris congesta J.Prado",-20.896261,-41.193625,"google earth",ok,,,,"1 a 5 km","Pteris congesta J.Prado",,,,,,,"Tomás Amorim ; Rodrigo Amaro",
occurrence:rj:3179166,Dichapetalaceae,"Stephanopodium estrellense Baill.",-22.495637,-43.07365,sig,ok,,,,"centroide de municipio","Stephanopodium estrellense Baill.",true,valid,no,no,native,valid,"Fernanda Wimmer ; Eduardo Fernandez",
occurrence:rj:3183150,Bromeliaceae,"Vriesea atra Mez",-19.836944,-40.573056,,ok,"Fernanda Wimmer",,,,"Vriesea atra Mez",true,,,,,,"Fernanda Wimmer ; Rodrigo Amaro",
occurrence:rj:321201,Cucurbitaceae,"Gurania ovata Cogn.",-22.935203,-43.471631,sig,ok,"Fernanda Wimmer",,,"centroide de municipio","Gurania ovata Cogn.",true,,,,,,"Marta Moraes ; Fernanda Wimmer ; Raquel",
occurrence:rj:3228194,Bromeliaceae,"Vriesea atra Mez",-26.055025,-48.727225,,ok,"Fernanda Wimmer",,,,"Vriesea atra Mez",true,,,,,,"Fernanda Wimmer ; Rodrigo Amaro",
occurrence:rj:3228195,Bromeliaceae,"Vriesea atra Mez",-26.28,-49.14,,ok,"Fernanda Wimmer",,,,"Vriesea atra Mez",true,,,,,,"Fernanda Wimmer ; Rodrigo Amaro",
occurrence:rj:3228196,Bromeliaceae,"Vriesea atra Mez",-26.300556,-49.153889,,ok,"Fernanda Wimmer",,,,"Vriesea atra Mez",true,,,,,,"Fernanda Wimmer ; Rodrigo Amaro",
occurrence:rj:3229293,Euphorbiaceae,"Acalypha macularis Pax & K.Hoffm.",0,0,,ok,,,,,"Acalypha macularis Pax & K.Hoffm.",true,valid,no,unknown,native,valid,"Fernanda Hurbath Pita Brandão ; Leonardo Novaes ; Eduardo Fernandez",
occurrence:rj:3229294,Euphorbiaceae,"Acalypha macularis Pax & K.Hoffm.",0,0,,ok,,,,,"Acalypha macularis Pax & K.Hoffm.",true,valid,no,unknown,native,valid,"Fernanda Hurbath Pita Brandão ; Leonardo Novaes ; Eduardo Fernandez",
occurrence:rj:3229295,Euphorbiaceae,"Acalypha macularis Pax & K.Hoffm.",0,0,,ok,,,,,"Acalypha macularis Pax & K.Hoffm.",true,valid,no,unknown,native,valid,"Fernanda Hurbath Pita Brandão ; Leonardo Novaes ; Eduardo Fernandez",
occurrence:rj:3229296,Euphorbiaceae,"Acalypha macularis Pax & K.Hoffm.",0,0,,ok,,,,,"Acalypha macularis Pax & K.Hoffm.",true,valid,no,unknown,native,valid,"Fernanda Hurbath Pita Brandão ; Leonardo Novaes ; Eduardo Fernandez",
occurrence:rj:3233185,Boraginaceae,"Varronia leucomalla (Taub.) Borhidi",0,0,,nok,,,,,"Varronia leucomalla (Taub.) Borhidi",false,valid,no,yes,native,valid,"José Iranildo Miranda de Melo ; Leonardo Novaes ; Lucas Moulton",
occurrence:rj:3233186,Boraginaceae,"Varronia leucomalla (Taub.) Borhidi",0,0,,nok,,,,,"Varronia leucomalla (Taub.) Borhidi",false,valid,no,yes,unknown,valid,"José Iranildo Miranda de Melo ; Leonardo Novaes ; Lucas Moulton",
occurrence:rj:3233187,Boraginaceae,"Varronia leucomalla (Taub.) Borhidi",0,0,,nok,,,,,"Varronia leucomalla (Taub.) Borhidi",false,valid,no,yes,native,valid,"José Iranildo Miranda de Melo ; Leonardo Novaes ; Lucas Moulton",
occurrence:rj:3249509,Bromeliaceae,"Vriesea atra Mez",0,0,,nok,"Fernanda Wimmer",,,,"Vriesea atra Mez",true,,,,,,"Fernanda Wimmer ; Rodrigo Amaro",
occurrence:rj:3249543,Malvaceae,"Waltheria glazioviana K.Schum.",-22.937212,-43.124592,"google earth",ok,,,,"250 a 1000 m ","Waltheria glazioviana K.Schum.",,,,,,,"Fernanda Wimmer ; Eduardo Fernandez",
occurrence:rj:3249544,Malvaceae,"Waltheria glazioviana K.Schum.",-22.937212,-43.124592,"google earth",ok,,,,"250 a 1000 m ","Waltheria glazioviana K.Schum.",,,,,,,"Fernanda Wimmer ; Eduardo Fernandez",
occurrence:rj:3280783,Euphorbiaceae,"Acalypha macularis Pax & K.Hoffm.",-14.801218,-39.13495,sig,ok,,,,"centroide de municipio","Acalypha macularis Pax & K.Hoffm.",true,valid,no,unknown,native,valid,"Fernanda Hurbath Pita Brandão ; Leonardo Novaes ; Eduardo Fernandez",
occurrence:rj:3317091,Dioscoreaceae,"Dioscorea pseudomacrocapsa G.M.Barroso et al.",-22.95833,-43.167378,"google earth",ok,,,,"250 a 1000 m ","Dioscorea pseudomacrocapsa G.M.Barroso et al.",false,unknown,unknown,yes,unknown,unknown,"Marta Moraes ; Fernanda Wimmer ; Raquel",
occurrence:rj:3317094,Dioscoreaceae,"Dioscorea pseudomacrocapsa G.M.Barroso et al.",-22.96003,-43.368917,"google earth",ok,,,,"5 a 10 km","Dioscorea pseudomacrocapsa G.M.Barroso et al.",false,unknown,unknown,yes,unknown,unknown,"Marta Moraes ; Fernanda Wimmer ; Raquel",
occurrence:rj:3338043,Calophyllaceae,"Kielmeyera rizziniana Saddi",-23.003849,-43.421422,"google earth",ok,,,,"0 a 250 m","Kielmeyera rizziniana Saddi",false,unknown,unknown,yes,unknown,unknown,"Marta Moraes ; Fernanda Wimmer ; Raquel",
occurrence:rj:3380515,Acanthaceae,"Ruellia silvaccola (Mart. ex Ness) Lindau",-25.208655,-47.993192,sig,ok,,,,"centroide de uc","Ruellia silvaccola (Mart. ex Ness) Lindau",,,,,,,"Fernanda Wimmer ; Raquel",
occurrence:rj:3380516,Acanthaceae,"Ruellia silvaccola (Mart. ex Ness) Lindau",-25.208655,-47.993192,sig,ok,,,,"centroide de uc","Ruellia silvaccola (Mart. ex Ness) Lindau",,,,,,,"Fernanda Wimmer ; Raquel",
occurrence:rj:3380517,Acanthaceae,"Ruellia silvaccola (Mart. ex Ness) Lindau",-25.208655,-47.993192,sig,ok,,,,"centroide de uc","Ruellia silvaccola (Mart. ex Ness) Lindau",,,,,,,"Fernanda Wimmer ; Raquel",
occurrence:rj:3380518,Acanthaceae,"Ruellia silvaccola (Mart. ex Ness) Lindau",-25.208655,-47.993192,sig,ok,,,,"centroide de uc","Ruellia silvaccola (Mart. ex Ness) Lindau",,,,,,,"Fernanda Wimmer ; Raquel",
occurrence:rj:338901,Acanthaceae,"Ruellia herbstii (Hook.) Hiern",0,0,,nok,"Fernanda Wimmer",,,,"Ruellia herbstii (Hook.) Hiern",true,,,,,,"Fernanda Wimmer ; Raquel",
occurrence:rj:3394659,Bromeliaceae,"Vriesea atra Mez",-22.316295,-42.879047,sig,ok,"Fernanda Wimmer",,,"centroide de municipio","Vriesea atra Mez",true,,,,,,"Fernanda Wimmer ; Rodrigo Amaro",
occurrence:rj:343706,Bromeliaceae,"Vriesea agostiniana E.Pereira",-22.581933,-43.088508,,ok,"Fernanda Wimmer",,,,"Vriesea agostiniana E.Pereira",true,valid,no,no,native,valid,"Gustavo Martinelli ; Fernanda Wimmer ; Rodrigo Amaro",
occurrence:rj:343707,Bromeliaceae,"Vriesea agostiniana E.Pereira",-22.90214,-44.400267,sig,ok,"Fernanda Wimmer",,,"centroide de municipio","Vriesea agostiniana E.Pereira",false,unknown,no,no,unknown,unknown,"Gustavo Martinelli ; Fernanda Wimmer ; Rodrigo Amaro",
occurrence:rj:344021,Bromeliaceae,"Vriesea grandiflora Leme",-22.111713,-42.666071,sig,ok,,,,"centroide de municipio","Vriesea grandiflora Leme",true,valid,no,no,native,valid,"Gustavo Martinelli ; Rogerio Braga ; Rodrigo Amaro",
occurrence:rj:344887,Malvaceae,"Abutilon macrocarpum Guillem. & Perr.",-25.374262,-49.010726,sig,ok,,,,"centroide de municipio","Abutilon macrocarpum Guillem. & Perr.",,,,,,,"Fernanda Wimmer ; Eduardo Fernandez",
occurrence:rj:3488437,Acanthaceae,"Schaueria calycotricha (Link & Otto) Nees",-22.48222222,-42.9125,coletor,ok,,,,,"Schaueria calycotricha (Link & Otto) Nees",,,,,,,"Leonardo Novaes ; Raquel",
occurrence:rj:3527159,Cucurbitaceae,"Gurania ovata Cogn.",-14.683333,-39.116667,,ok,"Fernanda Wimmer",,,,"Gurania ovata Cogn.",true,,,,,,"Fernanda Wimmer ; Raquel",
occurrence:rj:3527160,Cucurbitaceae,"Gurania ovata Cogn.",-14.683333,-39.116667,,ok,"Fernanda Wimmer",,,,"Gurania ovata Cogn.",true,,,,,,"Fernanda Wimmer ; Raquel",
occurrence:rj:3527161,Cucurbitaceae,"Gurania ovata Cogn.",-12.533333,-39.083333,,ok,"Fernanda Wimmer",,,,"Gurania ovata Cogn.",true,,,,,,"Fernanda Wimmer ; Raquel",
occurrence:rj:3572058,Bromeliaceae,"Vriesea atra Mez",-12.516667,-40.3,,ok,"Fernanda Wimmer",,,,"Vriesea atra Mez",true,,,,,,"Fernanda Wimmer ; Rodrigo Amaro",
occurrence:rj:3612103,Malvaceae,"Waltheria petiolata K.Schum.",-20.366376,-43.328623,sig,ok,"Fernanda Wimmer",,,"centroide de municipio","Waltheria petiolata K.Schum.",true,,,,,,"Fernanda Wimmer ; Eduardo Fernandez",
occurrence:rj:3612104,Malvaceae,"Waltheria petiolata K.Schum.",-20.418758,-42.913102,sig,ok,"Fernanda Wimmer",,,"centroide de municipio","Waltheria petiolata K.Schum.",true,,,,,,"Fernanda Wimmer ; Eduardo Fernandez",
occurrence:rj:3612105,Malvaceae,"Waltheria petiolata K.Schum.",-20.321332,-43.665285,"google earth",ok,"Fernanda Wimmer",,,"10 a 50 km","Waltheria petiolata K.Schum.",true,,,,,,"Fernanda Wimmer ; Eduardo Fernandez",
occurrence:rj:3695894,Boraginaceae,"Varronia leucomalla (Taub.) Borhidi",-4.953898,-38.946534,sig,ok,,,,"centroide de municipio","Varronia leucomalla (Taub.) Borhidi",false,unknown,unknown,no,unknown,unknown,"José Iranildo Miranda de Melo ; Leonardo Novaes ; Lucas Moulton",
occurrence:rj:3772229,Dioscoreaceae,"Dioscorea pseudomacrocapsa G.M.Barroso et al.",-21.464205,-49.30659,sig,ok,,,,"centroide de municipio","Dioscorea pseudomacrocapsa G.M.Barroso et al.",,,,,,,"Fernanda Wimmer ; Raquel",
occurrence:rj:3772230,Dioscoreaceae,"Dioscorea pseudomacrocapsa G.M.Barroso et al.",-21.464205,-49.30659,sig,ok,,,,"centroide de municipio","Dioscorea pseudomacrocapsa G.M.Barroso et al.",,,,,,,"Fernanda Wimmer ; Raquel",
occurrence:rj:3772231,Dioscoreaceae,"Dioscorea pseudomacrocapsa G.M.Barroso et al.",-22.742508,-47.793282,sig,ok,"Fernanda Wimmer",,,"centroide de municipio","Dioscorea pseudomacrocapsa G.M.Barroso et al.",true,,,,,,"Fernanda Wimmer ; Raquel",
occurrence:rj:3772232,Dioscoreaceae,"Dioscorea pseudomacrocapsa G.M.Barroso et al.",-22.742508,-47.793282,sig,ok,,,,"centroide de municipio","Dioscorea pseudomacrocapsa G.M.Barroso et al.",,,,,,,"Fernanda Wimmer ; Raquel",
occurrence:rj:3772233,Dioscoreaceae,"Dioscorea pseudomacrocapsa G.M.Barroso et al.",-21.714444,-50.8844,,ok,"Fernanda Wimmer",,,,"Dioscorea pseudomacrocapsa G.M.Barroso et al.",true,,,,,,"Fernanda Wimmer ; Raquel",
occurrence:rj:3772234,Dioscoreaceae,"Dioscorea pseudomacrocapsa G.M.Barroso et al.",-22.96288,-47.302831,sig,ok,,,,"centroide de municipio","Dioscorea pseudomacrocapsa G.M.Barroso et al.",,,,,,,"Fernanda Wimmer ; Raquel",
occurrence:rj:3772235,Dioscoreaceae,"Dioscorea pseudomacrocapsa G.M.Barroso et al.",-22.96288,-47.302831,sig,ok,,,,"centroide de municipio","Dioscorea pseudomacrocapsa G.M.Barroso et al.",,,,,,,"Fernanda Wimmer ; Raquel",
occurrence:rj:3772236,Dioscoreaceae,"Dioscorea pseudomacrocapsa G.M.Barroso et al.",-22.96288,-47.302831,sig,ok,,,,"centroide de municipio","Dioscorea pseudomacrocapsa G.M.Barroso et al.",,,,,,,"Fernanda Wimmer ; Raquel",
occurrence:rj:3772237,Dioscoreaceae,"Dioscorea pseudomacrocapsa G.M.Barroso et al.",-19.019656,-48.360579,sig,ok,"Fernanda Wimmer",,,"centroide de municipio","Dioscorea pseudomacrocapsa G.M.Barroso et al.",true,,,,,,"Fernanda Wimmer ; Raquel",
occurrence:rj:3846536,Dichapetalaceae,"Stephanopodium estrellense Baill.",-23.327449,-45.001691,sig,ok,,,,"centroide de municipio","Stephanopodium estrellense Baill.",false,unknown,no,no,unknown,unknown,"Fernanda Wimmer ; Eduardo Fernandez",
occurrence:rj:3857399,Bromeliaceae,"Vriesea atra Mez",0,0,,ok,"Fernanda Wimmer",,,,"Vriesea atra Mez",false,unknown,unknown,yes,unknown,unknown,"Fernanda Wimmer ; Rodrigo Amaro",
occurrence:rj:3857400,Bromeliaceae,"Vriesea atra Mez",-24.070898,-46.812912,sig,ok,"Fernanda Wimmer",,,"centroide de municipio","Vriesea atra Mez",true,,,,,,"Fernanda Wimmer ; Rodrigo Amaro",
occurrence:rj:4008388,Dioscoreaceae,"Dioscorea pseudomacrocapsa G.M.Barroso et al.",-22.96003,-43.368917,"google earth",ok,,,,"5 a 10 km","Dioscorea pseudomacrocapsa G.M.Barroso et al.",false,unknown,unknown,yes,unknown,unknown,"Marta Moraes ; Fernanda Wimmer ; Raquel",
occurrence:rj:4013374,Malvaceae,"Waltheria petiolata K.Schum.",-22.937778,-42.28775,,ok,"Fernanda Wimmer",,,,"Waltheria petiolata K.Schum.",true,,,,,,"Fernanda Wimmer ; Eduardo Fernandez",
occurrence:rj:4082861,Guttiferae,"Kielmeyera rizziniana Saddi",-23.287667,-44.67767,sig,ok,"Fernanda Wimmer",,,"centroide de uc","Kielmeyera rizziniana Saddi",false,unknown,unknown,yes,unknown,unknown,"Marta Moraes ; Fernanda Wimmer ; Raquel",
occurrence:rj:4142280,Dichapetalaceae,"Stephanopodium estrellense Baill.",-23.335833,-44.848611,coletor,ok,,,,,"Stephanopodium estrellense Baill.",false,unknown,no,no,unknown,valid,"Fernanda Wimmer ; Eduardo Fernandez",
occurrence:rj:4142281,Dichapetalaceae,"Stephanopodium estrellense Baill.",-23.335833,-44.848611,coletor,ok,,,,,"Stephanopodium estrellense Baill.",false,unknown,no,no,unknown,unknown,"Fernanda Wimmer ; Eduardo Fernandez",
occurrence:rj:4142282,Dichapetalaceae,"Stephanopodium estrellense Baill.",-23.336667,-44.835,coletor,ok,,,,,"Stephanopodium estrellense Baill.",false,unknown,no,no,unknown,valid,"Fernanda Wimmer ; Eduardo Fernandez",
occurrence:rj:4142283,Dichapetalaceae,"Stephanopodium estrellense Baill.",-23.311111,-44.812222,coletor,ok,,,,,"Stephanopodium estrellense Baill.",false,unknown,no,no,unknown,valid,"Fernanda Wimmer ; Eduardo Fernandez",
occurrence:rj:4156885,Bromeliaceae,"Vriesea atra Mez",-24.166667,-47.916667,,ok,"Fernanda Wimmer",,,,"Vriesea atra Mez",true,,,,,,"Fernanda Wimmer ; Rodrigo Amaro",
occurrence:rj:4156886,Bromeliaceae,"Vriesea atra Mez",-25.134733,-47.968155,sig,ok,,,,"centroide de uc","Vriesea atra Mez",,,,,,,"Fernanda Wimmer ; Rodrigo Amaro",
occurrence:rj:4156887,Bromeliaceae,"Vriesea atra Mez",-25.134733,-47.968155,sig,ok,,,,"centroide de uc","Vriesea atra Mez",false,unknown,unknown,yes,unknown,unknown,"Fernanda Wimmer ; Rodrigo Amaro",
occurrence:rj:4156888,Bromeliaceae,"Vriesea atra Mez",-25.134733,-47.968155,sig,ok,,,,"centroide de uc","Vriesea atra Mez",,,,,,,"Fernanda Wimmer ; Rodrigo Amaro",
occurrence:rj:4156889,Bromeliaceae,"Vriesea atra Mez",-25.134733,-47.968155,sig,ok,,,,"centroide de uc","Vriesea atra Mez",false,unknown,unknown,yes,unknown,unknown,"Fernanda Wimmer ; Rodrigo Amaro",
occurrence:rj:4156890,Bromeliaceae,"Vriesea atra Mez",-25.134733,-47.968155,sig,ok,,,,"centroide de uc","Vriesea atra Mez",,,,,,,"Fernanda Wimmer ; Rodrigo Amaro",
occurrence:rj:4156891,Bromeliaceae,"Vriesea atra Mez",-25.134733,-47.968155,sig,ok,,,,"centroide de uc","Vriesea atra Mez",false,unknown,unknown,yes,unknown,unknown,"Fernanda Wimmer ; Rodrigo Amaro",
occurrence:rj:4156892,Bromeliaceae,"Vriesea atra Mez",-24.46603,-47.251466,sig,ok,,,,"centroide de uc","Vriesea atra Mez",,,,,,,"Fernanda Wimmer ; Rodrigo Amaro",
occurrence:rj:4156893,Bromeliaceae,"Vriesea atra Mez",-25.134733,-47.968155,sig,ok,,,,"centroide de uc","Vriesea atra Mez",false,unknown,unknown,yes,unknown,unknown,"Fernanda Wimmer ; Rodrigo Amaro",
occurrence:rj:4156894,Bromeliaceae,"Vriesea atra Mez",-25.134733,-47.968155,sig,ok,,,,"centroide de uc","Vriesea atra Mez",false,unknown,unknown,yes,unknown,unknown,"Fernanda Wimmer ; Rodrigo Amaro",
occurrence:rj:4156895,Bromeliaceae,"Vriesea atra Mez",-24.46603,-47.251466,sig,ok,,,,"centroide de uc","Vriesea atra Mez",false,unknown,unknown,yes,unknown,unknown,"Fernanda Wimmer ; Rodrigo Amaro",
occurrence:rj:4156896,Bromeliaceae,"Vriesea atra Mez",-25.134733,-47.968155,sig,ok,,,,"centroide de uc","Vriesea atra Mez",false,unknown,unknown,yes,unknown,unknown,"Fernanda Wimmer ; Rodrigo Amaro",
occurrence:rj:4156897,Bromeliaceae,"Vriesea atra Mez",-24.166667,-47.916667,,ok,"Fernanda Wimmer",,,,"Vriesea atra Mez",false,unknown,unknown,yes,unknown,unknown,"Fernanda Wimmer ; Rodrigo Amaro",
occurrence:rj:4156898,Bromeliaceae,"Vriesea atra Mez",-24.46603,-47.251466,sig,ok,,,,"centroide de uc","Vriesea atra Mez",false,unknown,unknown,yes,unknown,unknown,"Fernanda Wimmer ; Rodrigo Amaro",
occurrence:rj:4156899,Bromeliaceae,"Vriesea atra Mez",-24.46603,-47.251466,sig,ok,,,,"centroide de uc","Vriesea atra Mez",false,unknown,unknown,yes,unknown,unknown,"Fernanda Wimmer ; Rodrigo Amaro",
occurrence:rj:4228059,Dioscoreaceae,"Dioscorea pseudomacrocapsa G.M.Barroso et al.",-22.742508,-47.793282,sig,ok,,,,"centroide de municipio","Dioscorea pseudomacrocapsa G.M.Barroso et al.",,,,,,,"Fernanda Wimmer ; Raquel",
occurrence:rj:4250560,CUCURBITACEAE,"Gurania ovata Cogn.",-22.947149,-43.217331,"google earth",ok,"Fernanda Wimmer",,,"250 a 1000 m ","Gurania ovata Cogn.",true,,,,,,"Marta Moraes ; Fernanda Wimmer ; Raquel","Cipó, fl vermelho alaranjado"
occurrence:rj:4258646,BROMELIACEAE,"Vriesea agostiniana E.Pereira",0,0,,ok,"Fernanda Wimmer",,,,"Vriesea agostiniana E.Pereira",false,valid,no,yes,native,valid,"Gustavo Martinelli ; Fernanda Wimmer ; Rodrigo Amaro",
occurrence:rj:4264419,DICHAPETALACEAE,"Stephanopodium estrellense Baill.",-22.656271,-43.206343,"google earth",ok,,,,"5 a 10 km","Stephanopodium estrellense Baill.",true,valid,no,no,native,valid,"Fernanda Wimmer ; Herison Medeiros  ; Eduardo Fernandez","Ãrvore com 8 centÃ­metros de diÃ¢metro de tronco, 8 metros de altura, folhas discolores, flores e, botÃµes verdes-amarelados, Quadrat II, Ã¡rvore 184"
occurrence:rj:4265106,DIOSCOREACEAE,"Dioscorea pseudomacrocapsa G.M.Barroso et al.",-22.96003,-43.368917,"google earth",ok,,,,"5 a 10 km","Dioscorea pseudomacrocapsa G.M.Barroso et al.",,,,,,,"Fernanda Wimmer ; Raquel",
occurrence:rj:4265982,DIOSCOREACEAE,"Dioscorea pseudomacrocapsa G.M.Barroso et al.",-22.95833,-43.167378,"google earth",ok,,,,"250 a 1000 m ","Dioscorea pseudomacrocapsa G.M.Barroso et al.",,,,,,,"Fernanda Wimmer ; Raquel",
occurrence:rj:4266847,BROMELIACEAE,"Vriesea agostiniana E.Pereira",-22.316295,-42.879047,sig,ok,"Fernanda Wimmer",,,"centroide de municipio","Vriesea agostiniana E.Pereira",true,valid,no,no,native,valid,"Gustavo Martinelli ; Fernanda Wimmer ; Rodrigo Amaro",
occurrence:rj:4269093,DIOSCOREACEAE,"Dioscorea pseudomacrocapsa G.M.Barroso et al.",-22.95833,-43.167378,"google earth",ok,,,,"250 a 1000 m ","Dioscorea pseudomacrocapsa G.M.Barroso et al.",false,unknown,unknown,yes,unknown,unknown,"Marta Moraes ; Fernanda Wimmer ; Raquel",
occurrence:rj:4269494,DIOSCOREACEAE,"Dioscorea pseudomacrocapsa G.M.Barroso et al.",-22.96003,-43.368917,"google earth",ok,,,,"5 a 10 km","Dioscorea pseudomacrocapsa G.M.Barroso et al.",false,unknown,unknown,yes,unknown,unknown,"Marta Moraes ; Fernanda Wimmer ; Raquel",
occurrence:rj:4271570,DIOSCOREACEAE,"Dioscorea pseudomacrocapsa G.M.Barroso et al.",-22.96003,-43.368917,"google earth",ok,,,,"5 a 10 km","Dioscorea pseudomacrocapsa G.M.Barroso et al.",false,unknown,unknown,yes,unknown,unknown,"Marta Moraes ; Fernanda Wimmer ; Raquel",
occurrence:rj:4271977,DIOSCOREACEAE,"Dioscorea pseudomacrocapsa G.M.Barroso et al.",-22.96003,-43.368917,"google earth",ok,,,,"5 a 10 km","Dioscorea pseudomacrocapsa G.M.Barroso et al.",false,unknown,unknown,yes,unknown,unknown,"Marta Moraes ; Fernanda Wimmer ; Raquel",
occurrence:rj:4272118,DICHAPETALACEAE,"Stephanopodium estrellense Baill.",-23.287667,-44.67767,sig,ok,,,,"centroide de uc","Stephanopodium estrellense Baill.",true,valid,no,no,native,valid,"Fernanda Wimmer ; Herison Medeiros  ; Eduardo Fernandez","Semi-ciofila, em ambiente Ãºmido, arvore com ca de 7m de alt, fronco com casca lisa de cor acinzentada, com liquens e musgos, folhas cartÃ¡ceas, discolores verdes, frutos carnosos indeiscentes, imaturos de cor verde e maduros amarelos comidos por pÃ¡ssaros"
occurrence:rj:4273065,DIOSCOREACEAE,"Dioscorea pseudomacrocapsa G.M.Barroso et al.",-22.96003,-43.368917,"google earth",ok,,,,"5 a 10 km","Dioscorea pseudomacrocapsa G.M.Barroso et al.",,,,,,,"Fernanda Wimmer ; Raquel",
occurrence:rj:4276321,CLUSIACEAE,"Kielmeyera rizziniana Saddi",-23.330503,-44.703858,"google earth",ok,"Fernanda Wimmer",,,"1 a 5 km","Kielmeyera rizziniana Saddi",true,valid,no,no,native,valid,"Rafaela Jorge Trad ; Fernanda Wimmer ; Raquel",
occurrence:rj:4281736,BROMELIACEAE,"Vriesea secundiflora Leme",-23.147714,-44.705375,sig,ok,,,,"centroide de municipio","Vriesea secundiflora Leme",,,,,,,"Victor Menezes ; Rodrigo Amaro",
occurrence:rj:4284394,BORAGINACEAE,"Varronia leucomalla (Taub.) Borhidi",-14.138433,-47.518966,"google earth",ok,,,,"1 a 5 km","Varronia leucomalla (Taub.) Borhidi",true,valid,no,no,native,valid,"José Iranildo Miranda de Melo ; Leonardo Novaes ; Lucas Moulton",
occurrence:rj:4288592,DICHAPETALACEAE,"Stephanopodium estrellense Baill.",0,0,,ok,,,,,"Stephanopodium estrellense Baill.",true,valid,no,no,native,valid,"Fernanda Wimmer ; Herison Medeiros  ; Eduardo Fernandez",
occurrence:rj:4290357,BROMELIACEAE,"Vriesea agostiniana E.Pereira",-22.567058,-43.065834,"google earth",ok,,,,"5 a 10 km","Vriesea agostiniana E.Pereira",false,valid,no,yes,native,valid,"Gustavo Martinelli ; Fernanda Wimmer ; Rodrigo Amaro",
occurrence:rj:4293611,BROMELIACEAE,"Vriesea agostiniana E.Pereira",0,0,,ok,"Fernanda Wimmer",,,,"Vriesea agostiniana E.Pereira",false,valid,no,yes,native,valid,"Gustavo Martinelli ; Fernanda Wimmer ; Rodrigo Amaro",
occurrence:rj:4295132,BROMELIACEAE,"Vriesea secundiflora Leme",0,0,,nok,,,,,"Vriesea secundiflora Leme",,,,,,,"Victor Menezes ; Rodrigo Amaro",
occurrence:rj:4304201,BROMELIACEAE,"Vriesea agostiniana E.Pereira",-22.567058,-43.065834,"google earth",ok,,,,"5 a 10 km","Vriesea agostiniana E.Pereira",false,valid,no,yes,native,valid,"Gustavo Martinelli ; Fernanda Wimmer ; Rodrigo Amaro",
occurrence:rj:4309711,DIOSCOREACEAE,"Dioscorea pseudomacrocapsa G.M.Barroso et al.",-22.96003,-43.368917,"google earth",ok,,,,"5 a 10 km","Dioscorea pseudomacrocapsa G.M.Barroso et al.",false,unknown,unknown,yes,unknown,unknown,"Marta Moraes ; Fernanda Wimmer ; Raquel",
occurrence:rj:4310228,DIOSCOREACEAE,"Dioscorea pseudomacrocapsa G.M.Barroso et al.",-22.96003,-43.368917,"google earth",ok,,,,"5 a 10 km","Dioscorea pseudomacrocapsa G.M.Barroso et al.",false,unknown,unknown,yes,unknown,unknown,"Marta Moraes ; Fernanda Wimmer ; Raquel",
occurrence:rj:4313712,ACANTHACEAE,"Schaueria calycotricha (Link & Otto) Nees",0,0,,nok,"Fernanda Wimmer",,,,"Schaueria calycotricha (Link & Otto) Nees",false,unknown,unknown,yes,unknown,unknown,"Leonardo Novaes ; Fernanda Wimmer ; Raquel",
occurrence:rj:4321427,ACANTHACEAE,"Schaueria calycotricha (Link & Otto) Nees",-22.950458,-43.234272,sig,ok,,,,"centroide de uc","Schaueria calycotricha (Link & Otto) Nees",,,,,,,"Leonardo Novaes ; Fernanda Wimmer ; Raquel",
occurrence:rj:4325352,PTERIDACEAE,"Pteris congesta J.Prado",-22.953179,-43.30063,"google earth",ok,,,,"1 a 5 km","Pteris congesta J.Prado",,,,,,,"Tomás Amorim ; Rodrigo Amaro",
occurrence:rj:4332239,STERCULIACEAE,"Waltheria petiolata K.Schum.",-22.937778,-42.28775,,ok,"Fernanda Wimmer",,,,"Waltheria petiolata K.Schum.",true,,,,,,"Fernanda Wimmer ; Eduardo Fernandez",
occurrence:rj:4334131,DILLENIACEAE,"Doliocarpus littoralis (Kubitzki) Fraga & Stehmann",-22.921095,-42.080294,"google earth",ok,,,,"5 a 10 km","Doliocarpus littoralis (Kubitzki) Fraga & Stehmann",true,valid,no,no,native,valid,"Tomás Amorim ; Eduardo Fernandez",
occurrence:rj:4336590,DIOSCOREACEAE,"Dioscorea pseudomacrocapsa G.M.Barroso et al.",-22.96003,-43.368917,"google earth",ok,,,,"5 a 10 km","Dioscorea pseudomacrocapsa G.M.Barroso et al.",,,,,,,"Fernanda Wimmer ; Raquel",
occurrence:rj:4340910,DIOSCOREACEAE,"Dioscorea pseudomacrocapsa G.M.Barroso et al.",-22.96003,-43.368917,"google earth",ok,,,,"5 a 10 km","Dioscorea pseudomacrocapsa G.M.Barroso et al.",false,unknown,unknown,yes,unknown,unknown,"Marta Moraes ; Fernanda Wimmer ; Raquel",
occurrence:rj:4347280,BROMELIACEAE,"Vriesea grandiflora Leme",-22.111713,-42.666071,sig,ok,,,,"centroide de municipio","Vriesea grandiflora Leme",true,valid,no,no,native,valid,"Gustavo Martinelli ; Rogerio Braga ; Rodrigo Amaro",
occurrence:rj:4348208,DIOSCOREACEAE,"Dioscorea pseudomacrocapsa G.M.Barroso et al.",-22.949848,-43.155946,"google earth",ok,"Fernanda Wimmer",,,"250 a 1000 m","Dioscorea pseudomacrocapsa G.M.Barroso et al.",true,,,,,,"Fernanda Wimmer ; Raquel",
occurrence:rj:4356258,BROMELIACEAE,"Vriesea grandiflora Leme",-22.111713,-42.666071,sig,ok,,,,"centroide de municipio","Vriesea grandiflora Leme",true,valid,no,no,native,valid,"Gustavo Martinelli ; Rogerio Braga ; Rodrigo Amaro",
occurrence:rj:4360846,DIOSCOREACEAE,"Dioscorea pseudomacrocapsa G.M.Barroso et al.",-22.95833,-43.167378,"google earth",ok,,,,"250 a 1000 m ","Dioscorea pseudomacrocapsa G.M.Barroso et al.",,,,,,,"Fernanda Wimmer ; Raquel",
occurrence:rj:4362823,DIOSCOREACEAE,"Dioscorea pseudomacrocapsa G.M.Barroso et al.",-22.96003,-43.368917,"google earth",ok,,,,"5 a 10 km","Dioscorea pseudomacrocapsa G.M.Barroso et al.",false,unknown,unknown,yes,unknown,unknown,"Marta Moraes ; Fernanda Wimmer ; Raquel",
occurrence:rj:4364773,DIOSCOREACEAE,"Dioscorea pseudomacrocapsa G.M.Barroso et al.",-22.96003,-43.368917,"google earth",ok,,,,"5 a 10 km","Dioscorea pseudomacrocapsa G.M.Barroso et al.",false,unknown,unknown,yes,unknown,unknown,"Marta Moraes ; Fernanda Wimmer ; Raquel",
occurrence:rj:436512,Malvaceae,"Abutilon macrocarpum Guillem. & Perr.",0,0,,nok,,,,,"Abutilon macrocarpum Guillem. & Perr.",,,,,,,"Fernanda Wimmer ; Eduardo Fernandez",
occurrence:rj:4365343,BROMELIACEAE,"Vriesea atra Mez",-22.496925,-43.144962,"google earth",ok,"Fernanda Wimmer",,,"1 a 5 km","Vriesea atra Mez",true,,,,,,"Fernanda Wimmer ; Rodrigo Amaro",
occurrence:rj:4366382,PTERIDACEAE,"Pteris congesta J.Prado",0,0,,ok,,,,,"Pteris congesta J.Prado",false,,,yes,,,"Tomás Amorim ; Rodrigo Amaro",
occurrence:rj:436650,Malvaceae,"Callianthe schenckii (K. Shum.) Donnel",-22.890186,-43.338665,"google earth",ok,"Fernanda Wimmer",,,"250 a 1000 m","Callianthe schenckii (K. Shum.) Donnel",true,,,,,,"Fernanda Wimmer ; Eduardo Fernandez",
occurrence:rj:436651,Malvaceae,"Callianthe schenckii (K. Shum.) Donnel",0,0,,nok,"Fernanda Wimmer",,,,"Callianthe schenckii (K. Shum.) Donnel",true,,,,,,"Fernanda Wimmer ; Eduardo Fernandez",
occurrence:rj:4366786,DIOSCOREACEAE,"Dioscorea pseudomacrocapsa G.M.Barroso et al.",-22.96003,-43.368917,"google earth",ok,,,,"5 a 10 km","Dioscorea pseudomacrocapsa G.M.Barroso et al.",false,unknown,unknown,yes,unknown,unknown,"Marta Moraes ; Fernanda Wimmer ; Raquel",
occurrence:rj:4373659,DIOSCOREACEAE,"Dioscorea pseudomacrocapsa G.M.Barroso et al.",-22.95833,-43.167378,"google earth",ok,,,,"250 a 1000 m ","Dioscorea pseudomacrocapsa G.M.Barroso et al.",false,unknown,unknown,yes,unknown,unknown,"Marta Moraes ; Fernanda Wimmer ; Raquel",
occurrence:rj:4378221,ACANTHACEAE,"Schaueria calycotricha (Link & Otto) Nees",-22.998424,-43.284503,"google earth",ok,,,,"250 a 1000 m ","Schaueria calycotricha (Link & Otto) Nees",,,,,,,"Leonardo Novaes ; Fernanda Wimmer ; Raquel",
occurrence:rj:4379642,BROMELIACEAE,"Vriesea atra Mez",-20.2992,-40.5547,,ok,"Fernanda Wimmer",,,,"Vriesea atra Mez",true,,,,,,"Fernanda Wimmer ; Rodrigo Amaro",
occurrence:rj:4383650,BROMELIACEAE,"Vriesea grandiflora Leme",-22.111713,-42.666071,sig,ok,,,,"centroide de municipio","Vriesea grandiflora Leme",false,valid,no,yes,native,valid,"Gustavo Martinelli ; Rogerio Braga ; Rodrigo Amaro",
occurrence:rj:4387359,BROMELIACEAE,"Vriesea agostiniana E.Pereira",0,0,,ok,"Fernanda Wimmer",,,,"Vriesea agostiniana E.Pereira",false,valid,no,yes,native,valid,"Gustavo Martinelli ; Fernanda Wimmer ; Rodrigo Amaro",
occurrence:rj:4387365,BROMELIACEAE,"Vriesea joyae E.Pereira & I.A.Penna",-22.90214,-44.400267,sig,ok,"Fernanda Wimmer",,,"centroide de municipio","Vriesea joyae E.Pereira & I.A.Penna",true,valid,no,no,native,valid,"Fernanda Wimmer ; Gustavo Martinelli ; Rogerio Braga ; Rodrigo Amaro",
occurrence:rj:4388106,PTERIDACEAE,"Pteris congesta J.Prado",-22.9661,-43.2311,coletor,ok,,,,"5 a 10 km","Pteris congesta J.Prado",,,,,,,"Tomás Amorim ; Rodrigo Amaro",
occurrence:rj:4392902,URTICACEAE,"Pilea apiculata Killip",-22.331277,-44.609875,"google earth",ok,,,,"5 a 10 km","Pilea apiculata Killip",true,valid,no,no,native,valid,"Leonardo Novaes ; Eduardo Fernandez",
occurrence:rj:4395485,DIOSCOREACEAE,"Dioscorea pseudomacrocapsa G.M.Barroso et al.",0,0,,nok,"Fernanda Wimmer",,,,"Dioscorea pseudomacrocapsa G.M.Barroso et al.",false,unknown,unknown,yes,unknown,unknown,"Marta Moraes ; Fernanda Wimmer ; Raquel",
occurrence:rj:4396917,GUTTIFERAE,"Kielmeyera rizziniana Saddi",-23.003849,-43.421422,"google earth",ok,,,,"0 a 250 m","Kielmeyera rizziniana Saddi",false,valid,no,yes,native,valid,"Rafaela Jorge Trad ; Fernanda Wimmer ; Raquel",
occurrence:rj:4397235,PTERIDACEAE,"Pteris congesta J.Prado",-22.953179,-43.30063,"google earth",ok,,,,"1 a 5 km","Pteris congesta J.Prado",,,,,,,"Tomás Amorim ; Rodrigo Amaro",
occurrence:rj:4397588,DIOSCOREACEAE,"Dioscorea pseudomacrocapsa G.M.Barroso et al.",-22.96003,-43.368917,"google earth",ok,,,,"5 a 10 km","Dioscorea pseudomacrocapsa G.M.Barroso et al.",false,unknown,unknown,yes,unknown,unknown,"Marta Moraes ; Fernanda Wimmer ; Raquel",
occurrence:rj:4399466,PTERIDACEAE,"Pteris congesta J.Prado",0,0,,ok,,,,,"Pteris congesta J.Prado",false,,,yes,,,"Tomás Amorim ; Rodrigo Amaro",
occurrence:rj:4399467,PTERIDACEAE,"Doryopteris tijucana Brade & Rosenst.",-22.943056,-43.286389,"google earth",ok,,,,"1 a 5 km","Doryopteris tijucana Brade & Rosenst.",false,,,yes,,,"Tomás Amorim ; Rodrigo Amaro",
occurrence:rj:4399476,DIOSCOREACEAE,"Dioscorea pseudomacrocapsa G.M.Barroso et al.",-22.96003,-43.368917,"google earth",ok,,,,"5 a 10 km","Dioscorea pseudomacrocapsa G.M.Barroso et al.",false,unknown,unknown,yes,unknown,unknown,"Marta Moraes ; Fernanda Wimmer ; Raquel",
occurrence:rj:4404677,DIOSCOREACEAE,"Dioscorea pseudomacrocapsa G.M.Barroso et al.",-22.9758,-43.0469,,ok,,,,,"Dioscorea pseudomacrocapsa G.M.Barroso et al.",,,,,,,"Fernanda Wimmer ; Raquel",
occurrence:rj:4407984,PTERIDACEAE,"Doryopteris tijucana Brade & Rosenst.",0,0,,ok,,,,,"Doryopteris tijucana Brade & Rosenst.",false,,,yes,,,"Rogerio Braga ; Tomás Amorim ; Rodrigo Amaro",
occurrence:rj:4409271,DIOSCOREACEAE,"Dioscorea pseudomacrocapsa G.M.Barroso et al.",-22.96003,-43.368917,"google earth",ok,,,,"5 a 10 km","Dioscorea pseudomacrocapsa G.M.Barroso et al.",false,unknown,unknown,yes,unknown,unknown,"Marta Moraes ; Fernanda Wimmer ; Raquel",
occurrence:rj:4411192,BROMELIACEAE,"Vriesea joyae E.Pereira & I.A.Penna",-22.945488,-44.356789,"google earth",ok,"Fernanda Wimmer",,,"1 a 5 km","Vriesea joyae E.Pereira & I.A.Penna",true,valid,no,no,native,valid,"Fernanda Wimmer ; Gustavo Martinelli ; Rogerio Braga ; Rodrigo Amaro",
occurrence:rj:4411500,DIOSCOREACEAE,"Dioscorea pseudomacrocapsa G.M.Barroso et al.",-22.96003,-43.368917,"google earth",ok,,,,"5 a 10 km","Dioscorea pseudomacrocapsa G.M.Barroso et al.",false,unknown,unknown,yes,unknown,unknown,"Marta Moraes ; Fernanda Wimmer ; Raquel",
occurrence:rj:4413308,ACANTHACEAE,"Schaueria calycotricha (Link & Otto) Nees",-22.922649,-42.143409,sig,ok,,,,"centroide de municipio","Schaueria calycotricha (Link & Otto) Nees",,,,,,,"Leonardo Novaes ; Fernanda Wimmer ; Raquel",
occurrence:rj:4414052,DIOSCOREACEAE,"Dioscorea campos-portoi R.Knuth",-22.531347,-44.568832,sig,ok,,,,"centroide de municipio","Dioscorea campos-portoi R.Knuth",,,,,,,"Fernanda Wimmer ; Raquel",
occurrence:rj:4416852,GUTTIFERAE,"Kielmeyera rizziniana Saddi",-23.003849,-43.421422,"google earth",ok,,,,"0 a 250 m","Kielmeyera rizziniana Saddi",false,unknown,unknown,yes,unknown,unknown,"Marta Moraes ; Fernanda Wimmer ; Raquel",
occurrence:rj:4417718,DIOSCOREACEAE,"Dioscorea pseudomacrocapsa G.M.Barroso et al.",-22.9758,-43.0469,,ok,,,,,"Dioscorea pseudomacrocapsa G.M.Barroso et al.",,,,,,,"Fernanda Wimmer ; Raquel",
occurrence:rj:4417732,DIOSCOREACEAE,"Dioscorea pseudomacrocapsa G.M.Barroso et al.",-22.96003,-43.368917,"google earth",ok,,,,"5 a 10 km","Dioscorea pseudomacrocapsa G.M.Barroso et al.",false,unknown,unknown,yes,unknown,unknown,"Marta Moraes ; Fernanda Wimmer ; Raquel",
occurrence:rj:4419813,BROMELIACEAE,"Vriesea agostiniana E.Pereira",-22.474229,-43.111293,"google earth",ok,"Fernanda Wimmer",,,"1 a 5 km","Vriesea agostiniana E.Pereira",true,valid,no,no,native,valid,"Gustavo Martinelli ; Fernanda Wimmer ; Rodrigo Amaro",
occurrence:rj:4424029,DIOSCOREACEAE,"Dioscorea pseudomacrocapsa G.M.Barroso et al.",-22.96003,-43.368917,"google earth",ok,,,,"5 a 10 km","Dioscorea pseudomacrocapsa G.M.Barroso et al.",false,unknown,unknown,yes,unknown,unknown,"Marta Moraes ; Fernanda Wimmer ; Raquel",
occurrence:rj:4424755,ACANTHACEAE,"Schaueria calycotricha (Link & Otto) Nees",-22.876747,-42.523237,sig,ok,"Fernanda Wimmer",,,"centroide de municipio","Schaueria calycotricha (Link & Otto) Nees",true,,,,,,"Fernanda Wimmer ; Leonardo Novaes ; Raquel",
occurrence:rj:4425236,BROMELIACEAE,"Vriesea secundiflora Leme",-23.208838,-44.792558,"google earth",ok,,,,"250 a 1000 m","Vriesea secundiflora Leme",false,unknown,unknown,yes,unknown,unknown,"Victor Menezes ; Rodrigo Amaro",
occurrence:rj:4425909,DIOSCOREACEAE,"Dioscorea pseudomacrocapsa G.M.Barroso et al.",-22.96003,-43.368917,"google earth",ok,,,,"5 a 10 km","Dioscorea pseudomacrocapsa G.M.Barroso et al.",false,unknown,unknown,yes,unknown,unknown,"Marta Moraes ; Fernanda Wimmer ; Raquel",
occurrence:rj:4426788,DIOSCOREACEAE,"Dioscorea pseudomacrocapsa G.M.Barroso et al.",-22.96003,-43.368917,"google earth",ok,,,,"5 a 10 km","Dioscorea pseudomacrocapsa G.M.Barroso et al.",false,unknown,unknown,yes,unknown,unknown,"Marta Moraes ; Fernanda Wimmer ; Raquel",
occurrence:rj:4427971,DICHAPETALACEAE,"Stephanopodium estrellense Baill.",-23.287667,-44.67767,sig,ok,,,,"centroide de uc","Stephanopodium estrellense Baill.",false,,,yes,,,"Fernanda Wimmer ; Herison Medeiros  ; Eduardo Fernandez",
occurrence:rj:4432806,DIOSCOREACEAE,"Dioscorea pseudomacrocapsa G.M.Barroso et al.",-22.96003,-43.368917,"google earth",ok,,,,"5 a 10 km","Dioscorea pseudomacrocapsa G.M.Barroso et al.",false,unknown,unknown,yes,unknown,unknown,"Marta Moraes ; Fernanda Wimmer ; Raquel",
occurrence:rj:4440843,BROMELIACEAE,"Vriesea atra Mez",-22.3594,-42.5764,,ok,"Fernanda Wimmer",,,,"Vriesea atra Mez",true,,,,,,"Fernanda Wimmer ; Rodrigo Amaro",
occurrence:rj:4441561,PTERIDACEAE,"Doryopteris tijucana Brade & Rosenst.",-22.943056,-43.286389,"google earth",ok,,,,"1 a 5 km","Doryopteris tijucana Brade & Rosenst.",,,,,,,"Tomás Amorim ; Rodrigo Amaro",
occurrence:rj:4441695,DIOSCOREACEAE,"Dioscorea pseudomacrocapsa G.M.Barroso et al.",-22.95833,-43.167378,"google earth",ok,,,,"250 a 1000 m ","Dioscorea pseudomacrocapsa G.M.Barroso et al.",false,unknown,unknown,yes,unknown,unknown,"Marta Moraes ; Fernanda Wimmer ; Raquel",
occurrence:rj:4444411,DIOSCOREACEAE,"Dioscorea pseudomacrocapsa G.M.Barroso et al.",-22.96003,-43.368917,"google earth",ok,,,,"5 a 10 km","Dioscorea pseudomacrocapsa G.M.Barroso et al.",false,unknown,unknown,yes,unknown,unknown,"Marta Moraes ; Fernanda Wimmer ; Raquel",
occurrence:rj:4446662,BROMELIACEAE,"Vriesea agostiniana E.Pereira",-22.567058,-43.065834,"google earth",ok,,,,"5 a 10 km","Vriesea agostiniana E.Pereira",false,valid,no,yes,native,valid,"Gustavo Martinelli ; Fernanda Wimmer ; Rodrigo Amaro",
occurrence:rj:4452276,DICHAPETALACEAE,"Stephanopodium estrellense Baill.",0,0,,ok,,,,,"Stephanopodium estrellense Baill.",true,valid,no,no,native,valid,"Fernanda Wimmer ; Herison Medeiros  ; Eduardo Fernandez","Ãrvore de cerca de 10 metros de altura. Frutos imaturos esverdeados.
Nome popular: ImbiÃº"
occurrence:rj:4455696,ACANTHACEAE,"Schaueria calycotricha (Link & Otto) Nees",-22.982526,-43.243654,"google earth",ok,,,,"1 a 5 km","Schaueria calycotricha (Link & Otto) Nees",,,,,,,"Leonardo Novaes ; Fernanda Wimmer ; Raquel",
occurrence:rj:4456008,PTERIDACEAE,"Pteris congesta J.Prado",-22.910361,-44.025508,"google earth",ok,,,,"5 a 10 km","Pteris congesta J.Prado",,,,,,,"Tomás Amorim ; Rodrigo Amaro",
occurrence:rj:4467131,DIOSCOREACEAE,"Dioscorea pseudomacrocapsa G.M.Barroso et al.",0,0,,nok,"Fernanda Wimmer",,,,"Dioscorea pseudomacrocapsa G.M.Barroso et al.",true,,,,,,"Fernanda Wimmer ; Raquel",
occurrence:rj:4467659,PTERIDACEAE,"Pteris congesta J.Prado",-22.967621,-43.239393,"google earth",ok,,,,"5 a 10 km","Pteris congesta J.Prado",,,,,,,"Tomás Amorim ; Rodrigo Amaro",
occurrence:rj:4471894,DIOSCOREACEAE,"Dioscorea pseudomacrocapsa G.M.Barroso et al.",-22.96003,-43.368917,"google earth",ok,,,,"5 a 10 km","Dioscorea pseudomacrocapsa G.M.Barroso et al.",false,unknown,unknown,yes,unknown,unknown,"Marta Moraes ; Fernanda Wimmer ; Raquel",
occurrence:rj:4472063,DILLENIACEAE,"Doliocarpus littoralis (Kubitzki) Fraga & Stehmann",-22.921095,-42.080294,"google earth",ok,,,,"5 a 10 km","Doliocarpus littoralis (Kubitzki) Fraga & Stehmann",true,valid,no,no,native,valid,"Tomás Amorim ; Eduardo Fernandez",
occurrence:rj:4472437,BROMELIACEAE,"Vriesea agostiniana E.Pereira",-22.567058,-43.065834,"google earth",ok,,,,"5 a 10 km","Vriesea agostiniana E.Pereira",true,valid,no,no,native,valid,"Gustavo Martinelli ; Fernanda Wimmer ; Rodrigo Amaro",
occurrence:rj:4476939,ACANTHACEAE,"Schaueria calycotricha (Link & Otto) Nees",-22.922649,-42.143409,sig,ok,,,,"centroide de municipio","Schaueria calycotricha (Link & Otto) Nees",,,,,,,"Leonardo Novaes ; Fernanda Wimmer ; Raquel",
occurrence:rj:4485060,DIOSCOREACEAE,"Dioscorea pseudomacrocapsa G.M.Barroso et al.",-22.95833,-43.167378,"google earth",ok,,,,"250 a 1000 m ","Dioscorea pseudomacrocapsa G.M.Barroso et al.",false,unknown,unknown,yes,unknown,unknown,"Marta Moraes ; Fernanda Wimmer ; Raquel",
occurrence:rj:4486385,DIOSCOREACEAE,"Dioscorea pseudomacrocapsa G.M.Barroso et al.",-22.95833,-43.167378,"google earth",ok,,,,"250 a 1000 m ","Dioscorea pseudomacrocapsa G.M.Barroso et al.",false,unknown,unknown,yes,unknown,unknown,"Marta Moraes ; Fernanda Wimmer ; Raquel",
occurrence:rj:4490682,BROMELIACEAE,"Vriesea secundiflora Leme",-23.208838,-44.792558,"google earth",ok,,,,"250 a 1000 m","Vriesea secundiflora Leme",,,,,,,"Victor Menezes ; Rodrigo Amaro",
occurrence:rj:4491614,ACANTHACEAE,"Schaueria calycotricha (Link & Otto) Nees",-22.982707,-42.015901,"google earth",ok,,,,"1 a 5 km","Schaueria calycotricha (Link & Otto) Nees",,,,,,,"Leonardo Novaes ; Fernanda Wimmer ; Raquel",
occurrence:rj:4491853,DILLENIACEAE,"Doliocarpus littoralis (Kubitzki) Fraga & Stehmann",-22.950008,-42.075000,coletor,ok,,,,"5 a 10 km","Doliocarpus littoralis (Kubitzki) Fraga & Stehmann",true,valid,no,no,native,valid,"Tomás Amorim ; Eduardo Fernandez",
occurrence:rj:4498003,BROMELIACEAE,"Vriesea agostiniana E.Pereira",-22.567058,-43.065834,"google earth",ok,,,,"5 a 10 km","Vriesea agostiniana E.Pereira",true,valid,no,no,native,valid,"Gustavo Martinelli ; Fernanda Wimmer ; Rodrigo Amaro",
occurrence:rj:4501281,DICHAPETALACEAE,"Stephanopodium estrellense Baill.",-22.656271,-43.206343,"google earth",ok,,,,"5 a 10 km","Stephanopodium estrellense Baill.",true,valid,no,no,native,valid,"Fernanda Wimmer ; Eduardo Fernandez",
occurrence:rj:4505387,DIOSCOREACEAE,"Dioscorea pseudomacrocapsa G.M.Barroso et al.",-22.96003,-43.368917,"google earth",ok,,,,"5 a 10 km","Dioscorea pseudomacrocapsa G.M.Barroso et al.",,,,,,,"Fernanda Wimmer ; Raquel",
occurrence:rj:4507900,ACANTHACEAE,"Schaueria calycotricha (Link & Otto) Nees",-22.841464,-42.480245,"google earth",ok,,,,"1 a 5 km","Schaueria calycotricha (Link & Otto) Nees",,,,,,,"Fernanda Wimmer ; Leonardo Novaes ; Raquel",
occurrence:rj:4509676,BROMELIACEAE,"Vriesea atra Mez",-22.3511,-42.605,,ok,"Fernanda Wimmer",,,,"Vriesea atra Mez",true,,,,,,"Fernanda Wimmer ; Rodrigo Amaro",
occurrence:rj:4510844,BROMELIACEAE,"Vriesea grandiflora Leme",-22.111713,-42.666071,sig,ok,,,,"centroide de municipio","Vriesea grandiflora Leme",true,valid,no,no,native,valid,"Gustavo Martinelli ; Rogerio Braga ; Rodrigo Amaro",
occurrence:rj:4516739,CLUSIACEAE,"Kielmeyera rizziniana Saddi",0,0,,nok,"Fernanda Wimmer",,,,"Kielmeyera rizziniana Saddi",false,invalid,,no,,,"Rafaela Jorge Trad ; Fernanda Wimmer ; Raquel",
occurrence:rj:4521478,CLUSIACEAE,"Kielmeyera rizziniana Saddi",-12.895787,-38.497097,sig,ok,"Fernanda Wimmer",,,"centroide de municipio","Kielmeyera rizziniana Saddi",false,invalid,,no,,,"Rafaela Jorge Trad ; Fernanda Wimmer ; Raquel",
occurrence:rj:4521889,CUCURBITACEAE,"Gurania ovata Cogn.",-22.982526,-43.243654,"google earth",ok,"Fernanda Wimmer",,,"1 a 5 km","Gurania ovata Cogn.",true,,,,,,"Marta Moraes ; Fernanda Wimmer ; Raquel","Flores cor de laranja"
occurrence:rj:4527528,CLUSIACEAE,"Kielmeyera rizziniana Saddi",-23.287667,-44.67767,sig,ok,,,,"centroide de uc","Kielmeyera rizziniana Saddi",false,unknown,unknown,yes,unknown,unknown,"Marta Moraes ; Fernanda Wimmer ; Raquel",
occurrence:rj:4531417,ACANTHACEAE,"Ruellia silvaccola (Mart. ex Ness) Lindau",-22.921467,-42.42824,sig,ok,,,,"centroide de uc","Ruellia silvaccola (Mart. ex Ness) Lindau",,,,,,,"Fernanda Wimmer ; Raquel",
occurrence:rj:4533050,CLUSIACEAE,"Kielmeyera rizziniana Saddi",-23.003849,-43.421422,"google earth",ok,,,,"0 a 250 m","Kielmeyera rizziniana Saddi",false,unknown,no,no,native,valid,"Rafaela Jorge Trad ; Fernanda Wimmer ; Raquel",
occurrence:rj:4533416,CLUSIACEAE,"Kielmeyera rizziniana Saddi",-22.993087,-43.389386,,ok,"Fernanda Wimmer",,,,"Kielmeyera rizziniana Saddi",false,unknown,unknown,yes,unknown,unknown,"Marta Moraes ; Fernanda Wimmer ; Raquel",
occurrence:rj:4534147,ACANTHACEAE,"Schaueria calycotricha (Link & Otto) Nees",-22.976587,-43.026902,"google earth",ok,"Fernanda Wimmer",,,"250 a 1000 m","Schaueria calycotricha (Link & Otto) Nees",true,,,,,,"Fernanda Wimmer ; Leonardo Novaes ; Raquel",
occurrence:rj:4536138,PTERIDACEAE,"Pteris congesta J.Prado",-22.950323,-43.210615,"google earth",ok,,,,"1 a 5 km","Pteris congesta J.Prado",,,,,,,"Tomás Amorim ; Rodrigo Amaro",
occurrence:rj:4537336,CUCURBITACEAE,"Gurania ovata Cogn.",-22.953874,-43.164266,"google earth",ok,"Fernanda Wimmer",,,"250 a 1000 m ","Gurania ovata Cogn.",true,,,,,,"Marta Moraes ; Fernanda Wimmer ; Raquel",
occurrence:rj:4542516,CUCURBITACEAE,"Gurania ovata Cogn.",-22.935203,-43.471631,sig,ok,"Fernanda Wimmer",,,"centroide de municipio","Gurania ovata Cogn.",true,,,,,,"Marta Moraes ; Fernanda Wimmer ; Raquel","Liana com flores rubras"
occurrence:rj:4542582,CLUSIACEAE,"Kielmeyera rizziniana Saddi",-12.895787,-38.497097,sig,ok,,,,"centroide de municipio","Kielmeyera rizziniana Saddi",false,invalid,,no,,,"Rafaela Jorge Trad ; Fernanda Wimmer ; Raquel",
occurrence:rj:4547759,CUCURBITACEAE,"Gurania ovata Cogn.",-22.940483,-43.18615,"google earth",ok,"Fernanda Wimmer",,,"250 a 1000 m ","Gurania ovata Cogn.",true,,,,,,"Marta Moraes ; Fernanda Wimmer ; Raquel",
occurrence:rj:4549495,ACANTHACEAE,"Ruellia silvaccola (Mart. ex Ness) Lindau",-22.921467,-42.42824,sig,ok,,,,"centroide de uc","Ruellia silvaccola (Mart. ex Ness) Lindau",,,,,,,"Fernanda Wimmer ; Raquel",
occurrence:rj:4549900,CLUSIACEAE,"Kielmeyera rizziniana Saddi",-23.003849,-43.421422,"google earth",ok,,,,"0 a 250 m","Kielmeyera rizziniana Saddi",false,unknown,no,no,native,valid,"Rafaela Jorge Trad ; Fernanda Wimmer ; Raquel",
occurrence:rj:4551204,CLUSIACEAE,"Kielmeyera rizziniana Saddi",-23.287667,-44.67767,sig,ok,,,,"centroide de uc","Kielmeyera rizziniana Saddi",true,valid,no,no,native,valid,"Rafaela Jorge Trad ; Fernanda Wimmer ; Raquel",
occurrence:rj:4553213,CUCURBITACEAE,"Gurania ovata Cogn.",-22.937759,-43.24176,"google earth",ok,"Fernanda Wimmer",,,"1 a 5 km","Gurania ovata Cogn.",true,,,,,,"Marta Moraes ; Fernanda Wimmer ; Raquel","Liana de folhas rubras"
occurrence:rj:4560953,CLUSIACEAE,"Kielmeyera rizziniana Saddi",-12.895787,-38.497097,sig,ok,,,,"centroide de municipio","Kielmeyera rizziniana Saddi",false,invalid,,no,,,"Rafaela Jorge Trad ; Fernanda Wimmer ; Raquel",
occurrence:rj:4566432,DIOSCOREACEAE,"Dioscorea campos-portoi R.Knuth",-22.35521,-44.653951,sig,ok,,,,"centroide de uc","Dioscorea campos-portoi R.Knuth",,,,,,,"Fernanda Wimmer ; Raquel",
occurrence:rj:4568486,CLUSIACEAE,"Kielmeyera rizziniana Saddi",-12.895787,-38.497097,sig,ok,,,,"centroide de municipio","Kielmeyera rizziniana Saddi",false,invalid,,no,,,"Rafaela Jorge Trad ; Fernanda Wimmer ; Raquel",
occurrence:rj:4575872,CLUSIACEAE,"Kielmeyera rizziniana Saddi",-12.895787,-38.497097,sig,ok,,,,"centroide de municipio","Kielmeyera rizziniana Saddi",false,invalid,,no,,,"Rafaela Jorge Trad ; Fernanda Wimmer ; Raquel",
occurrence:rj:4579666,CLUSIACEAE,"Kielmeyera rizziniana Saddi",-23.287667,-44.67767,sig,ok,,,,"centroide de uc","Kielmeyera rizziniana Saddi",true,valid,no,no,native,valid,"Rafaela Jorge Trad ; Fernanda Wimmer ; Raquel",
occurrence:rj:4582254,ACANTHACEAE,"Schaueria calycotricha (Link & Otto) Nees",-22.970032,-43.022884,"google earth",ok,,,,"250 a 1000 m","Schaueria calycotricha (Link & Otto) Nees",false,unknown,unknown,yes,unknown,unknown,"Leonardo Novaes ; Fernanda Wimmer ; Raquel",
occurrence:rj:4594264,EUPHORBIACEAE,"Acalypha macularis Pax & K.Hoffm.",0,0,,nok,"Leonardo Novaes",,,,"Acalypha macularis Pax & K.Hoffm.",false,unknown,no,unknown,unknown,unknown,"Fernanda Hurbath Pita Brandão ; Leonardo Novaes ; Eduardo Fernandez",
occurrence:rj:4598381,PTERIDACEAE,"Pteris congesta J.Prado",-22.960606,-43.252659,"google earth",ok,,,,"5 a 10 km","Pteris congesta J.Prado",,,,,,,"Tomás Amorim ; Rodrigo Amaro",
occurrence:rj:4601371,ACANTHACEAE,"Schaueria calycotricha (Link & Otto) Nees",0,0,"google earth",ok,,,,"1 a 5 km","Schaueria calycotricha (Link & Otto) Nees",,,,,,,"Leonardo Novaes ; Fernanda Wimmer ; Raquel",
occurrence:rj:4601911,STERCULIACEAE,"Waltheria glazioviana K.Schum.",0,0,,nok,"Fernanda Wimmer",,,,"Waltheria glazioviana K.Schum.",true,,,,,,"Fernanda Wimmer ; Eduardo Fernandez",
occurrence:rj:4603153,ACANTHACEAE,"Schaueria calycotricha (Link & Otto) Nees",-22.970032,-43.022884,"google earth",ok,,,,"250 a 1000 m","Schaueria calycotricha (Link & Otto) Nees",false,unknown,unknown,yes,unknown,unknown,"Leonardo Novaes ; Fernanda Wimmer ; Raquel",
occurrence:rj:4606982,PTERIDACEAE,"Pteris congesta J.Prado",-22.971126,-43.230176,"google earth",ok,,,,"5 a 10 km","Pteris congesta J.Prado",,,,,,,"Tomás Amorim ; Rodrigo Amaro",
occurrence:rj:4608301,ACANTHACEAE,"Schaueria calycotricha (Link & Otto) Nees",-22.974325,-43.043366,"google earth",ok,,,,"1 a 5 km","Schaueria calycotricha (Link & Otto) Nees",,,,,,,"Fernanda Wimmer ; Leonardo Novaes ; Raquel",
occurrence:rj:4610055,ACANTHACEAE,"Schaueria calycotricha (Link & Otto) Nees",0,0,,nok,,,,,"Schaueria calycotricha (Link & Otto) Nees",,,,,,,"Leonardo Novaes ; Raquel",
occurrence:rj:4610952,ACANTHACEAE,"Schaueria calycotricha (Link & Otto) Nees",-22.970032,-43.022884,"google earth",ok,,,,"250 a 1000 m","Schaueria calycotricha (Link & Otto) Nees",,,,,,,"Leonardo Novaes ; Fernanda Wimmer ; Raquel",
occurrence:rj:4617583,STERCULIACEAE,"Waltheria petiolata K.Schum.",-21.203739,-47.81722,sig,ok,"Fernanda Wimmer",,,"centroide de municipio","Waltheria petiolata K.Schum.",true,,,,,,"Fernanda Wimmer ; Eduardo Fernandez",
occurrence:rj:4619514,DIOSCOREACEAE,"Dioscorea pseudomacrocapsa G.M.Barroso et al.",-22.974325,-43.043366,"google earth",ok,,,,"1 a 5 km","Dioscorea pseudomacrocapsa G.M.Barroso et al.",,,,,,,"Fernanda Wimmer ; Raquel",
occurrence:rj:4625462,PTERIDACEAE,"Doryopteris tijucana Brade & Rosenst.",-22.943056,-43.286389,"google earth",ok,,,,"1 a 5 km","Doryopteris tijucana Brade & Rosenst.",,,,,,,"Tomás Amorim ; Rodrigo Amaro",
occurrence:rj:4633259,ACANTHACEAE,"Schaueria calycotricha (Link & Otto) Nees",-22.956159,-43.014351,"google earth",ok,,,,"1 a 5 km","Schaueria calycotricha (Link & Otto) Nees",,,,,,,"Fernanda Wimmer ; Leonardo Novaes ; Raquel",
occurrence:rj:4634071,ACANTHACEAE,"Schaueria calycotricha (Link & Otto) Nees",-22.974065,-43.033212,"google earth",ok,,,,"250 a 1000 m","Schaueria calycotricha (Link & Otto) Nees",,,,,,,"Leonardo Novaes ; Raquel",
occurrence:rj:4634439,ACANTHACEAE,"Schaueria calycotricha (Link & Otto) Nees",-22.970032,-43.022884,"google earth",ok,,,,"250 a 1000 m","Schaueria calycotricha (Link & Otto) Nees",,,,,,,"Leonardo Novaes ; Fernanda Wimmer ; Raquel",
occurrence:rj:4635985,ACANTHACEAE,"Schaueria calycotricha (Link & Otto) Nees",-21.523832,-41.501235,sig,ok,,,,"centroide de municipio","Schaueria calycotricha (Link & Otto) Nees",,,,,,,"Fernanda Wimmer ; Leonardo Novaes ; Raquel",
occurrence:rj:4639820,MORACEAE,"Maclura brasiliensis (Mart.) Endl.",-22.732356,-41.967968,"google earth",ok,"Fernanda Wimmer",,,"250 a 1000 m","Maclura brasiliensis (Mart.) Endl.",true,,,,,,"Fernanda Wimmer ; Raquel",
occurrence:rj:4640564,STERCULIACEAE,"Waltheria petiolata K.Schum.",-22.969011,-43.236351,"google earth",ok,"Fernanda Wimmer",,,"250 a 1000 m ","Waltheria petiolata K.Schum.",true,,,,,,"Fernanda Wimmer ; Eduardo Fernandez",
occurrence:rj:4644782,PTERIDACEAE,"Pteris congesta J.Prado",-22.96121,-43.2426,"google earth",ok,,,,"1 a 5 km","Pteris congesta J.Prado",,,,,,,"Tomás Amorim ; Rodrigo Amaro",
occurrence:rj:4644961,DICHAPETALACEAE,"Stephanopodium estrellense Baill.",-22.705674,-43.505167,"google earth",ok,,,,"1 a 5 km","Stephanopodium estrellense Baill.",false,valid,no,yes,native,valid,"Fernanda Wimmer ; Eduardo Fernandez",
occurrence:rj:4645100,ACANTHACEAE,"Schaueria calycotricha (Link & Otto) Nees",-22.974325,-43.043366,"google earth",ok,,,,"1 a 5 km","Schaueria calycotricha (Link & Otto) Nees",,,,,,,"Fernanda Wimmer ; Leonardo Novaes ; Raquel",
occurrence:rj:4651702,CUCURBITACEAE,"Gurania ovata Cogn.",0,0,,nok,"Fernanda Wimmer",,,,"Gurania ovata Cogn.",true,,,,,,"Fernanda Wimmer ; Raquel",
occurrence:rj:4654460,ACANTHACEAE,"Schaueria calycotricha (Link & Otto) Nees",-22.924729,-43.426249,"google earth",ok,,,,"1 a 5 km","Schaueria calycotricha (Link & Otto) Nees",,,,,,,"Leonardo Novaes ; Raquel",
occurrence:rj:4668743,URTICACEAE,"Pilea apiculata Killip",-22.35521,-44.653951,sig,ok,,,,"centroide de uc","Pilea apiculata Killip",true,valid,no,no,native,valid,"Leonardo Novaes ; Eduardo Fernandez",
occurrence:rj:4672340,PTERIDACEAE,"Doryopteris tijucana Brade & Rosenst.",-22.957438,-43.22308,"google earth",ok,,,,"5 a 10 km","Doryopteris tijucana Brade & Rosenst.",,,,,,,"Tomás Amorim ; Rodrigo Amaro",
occurrence:rj:4676927,MALVACEAE,"Callianthe schenckii (K. Shum.) Donnel",-22.969011,-43.236351,"google earth",ok,"Fernanda Wimmer",,,"1 a 5 km","Callianthe schenckii (K. Shum.) Donnel",true,,,,,,"Fernanda Wimmer ; Eduardo Fernandez",
occurrence:rj:4679850,URTICACEAE,"Pilea apiculata Killip",-22.35521,-44.653951,sig,ok,,,,"centroide de uc","Pilea apiculata Killip",true,valid,no,no,native,valid,"Leonardo Novaes ; Eduardo Fernandez",
occurrence:rj:4681960,PTERIDACEAE,"Doryopteris tijucana Brade & Rosenst.",-22.950323,-43.210615,"google earth",ok,,,,"1 a 5 km","Doryopteris tijucana Brade & Rosenst.",,,,,,,"Tomás Amorim ; Rodrigo Amaro",
occurrence:rj:4686395,PTERIDACEAE,"Pteris congesta J.Prado",-22.973546,-43.238988,"google earth",ok,,,,"1 a 5 km","Pteris congesta J.Prado",,,,,,,"Tomás Amorim ; Rodrigo Amaro",
occurrence:rj:4689143,ACANTHACEAE,"Schaueria calycotricha (Link & Otto) Nees",-22.970032,-43.022884,"google earth",ok,,,,"250 a 1000 m","Schaueria calycotricha (Link & Otto) Nees",,,,,,,"Leonardo Novaes ; Fernanda Wimmer ; Raquel",
occurrence:rj:4692059,PTERIDACEAE,"Doryopteris tijucana Brade & Rosenst.",-22.943056,-43.286389,"google earth",ok,,,,"1 a 5 km","Doryopteris tijucana Brade & Rosenst.",,,,,,,"Tomás Amorim ; Rodrigo Amaro",
occurrence:rj:4693680,ACANTHACEAE,"Schaueria calycotricha (Link & Otto) Nees",-22.974325,-43.043366,"google earth",ok,,,,"1 a 5 km","Schaueria calycotricha (Link & Otto) Nees",,,,,,,"Fernanda Wimmer ; Leonardo Novaes ; Raquel",
occurrence:rj:4695869,ACANTHACEAE,"Schaueria calycotricha (Link & Otto) Nees",-22.956159,-43.014351,"google earth",ok,,,,"1 a 5 km","Schaueria calycotricha (Link & Otto) Nees",,,,,,,"Fernanda Wimmer ; Leonardo Novaes ; Raquel",
occurrence:rj:4698386,PTERIDACEAE,"Doryopteris tijucana Brade & Rosenst.",-22.943056,-43.286389,"google earth",ok,,,,"1 a 5 km","Doryopteris tijucana Brade & Rosenst.",,,,,,,"Tomás Amorim ; Rodrigo Amaro",
occurrence:rj:4700124,ACANTHACEAE,"Ruellia silvaccola (Mart. ex Ness) Lindau",-22.886994,-42.026655,"google earth",ok,,,,"5 a 10 km","Ruellia silvaccola (Mart. ex Ness) Lindau",,,,,,,"Fernanda Wimmer ; Raquel",
occurrence:rj:4710330,PTERIDACEAE,"Pteris congesta J.Prado",-22.971667,-43.205278,"google earth",ok,,,,"250 a 1000 m","Pteris congesta J.Prado",,,,,,,"Tomás Amorim ; Rodrigo Amaro",
occurrence:rj:471079,Cucurbitaceae,"Gurania ovata Cogn.",0,0,,nok,"Fernanda Wimmer",,,,"Gurania ovata Cogn.",false,unknown,unknown,yes,unknown,unknown,"Marta Moraes ; Fernanda Wimmer ; Raquel",
occurrence:rj:471080,Cucurbitaceae,"Gurania ovata Cogn.",-22.951028,-43.21043,"google earth",ok,"Fernanda Wimmer",,,"250 a 1000 m ","Gurania ovata Cogn.",true,,,,,,"Fernanda Wimmer ; Raquel",
occurrence:rj:4711156,DIOSCOREACEAE,"Dioscorea pseudomacrocapsa G.M.Barroso et al.",-22.967429,-43.223779,"google earth",ok,"Fernanda Wimmer",,,"250 a 1000 m ","Dioscorea pseudomacrocapsa G.M.Barroso et al.",true,,,,,,"Fernanda Wimmer ; Raquel",
occurrence:rj:4711250,BROMELIACEAE,"Vriesea joyae E.Pereira & I.A.Penna",-22.945488,-44.356789,"google earth",ok,"Fernanda Wimmer",,,"1 a 5 km","Vriesea joyae E.Pereira & I.A.Penna",false,unknown,no,yes,native,unknown,"Fernanda Wimmer ; Gustavo Martinelli ; Rogerio Braga ; Rodrigo Amaro",
occurrence:rj:4713095,STERCULIACEAE,"Waltheria glazioviana K.Schum.",0,0,,nok,"Fernanda Wimmer",,,,"Waltheria glazioviana K.Schum.",true,,,,,,"Fernanda Wimmer ; Eduardo Fernandez",
occurrence:rj:4714115,ACANTHACEAE,"Schaueria calycotricha (Link & Otto) Nees",-18.782579,-41.963019,sig,ok,,,,"centroide de municipio","Schaueria calycotricha (Link & Otto) Nees",,,,,,,"Leonardo Novaes ; Raquel",
occurrence:rj:4719347,PTERIDACEAE,"Pteris congesta J.Prado",-22.967697,-43.224604,"google earth",ok,,,,"1 a 5 km","Pteris congesta J.Prado",,,,,,,"Tomás Amorim ; Rodrigo Amaro",
occurrence:rj:4719739,ACANTHACEAE,"Schaueria calycotricha (Link & Otto) Nees",0,0,,nok,"Fernanda Wimmer",,,,"Schaueria calycotricha (Link & Otto) Nees",true,,,,,,"Leonardo Novaes ; Fernanda Wimmer ; Raquel",
occurrence:rj:4725369,ACANTHACEAE,"Schaueria calycotricha (Link & Otto) Nees",-22.956159,-43.014351,"google earth",ok,,,,"1 a 5 km","Schaueria calycotricha (Link & Otto) Nees",,,,,,,"Fernanda Wimmer ; Leonardo Novaes ; Raquel",
occurrence:rj:4729429,ACANTHACEAE,"Schaueria calycotricha (Link & Otto) Nees",0,0,,nok,"Fernanda Wimmer",,,,"Schaueria calycotricha (Link & Otto) Nees",false,unknown,unknown,yes,unknown,unknown,"Leonardo Novaes ; Fernanda Wimmer ; Raquel",
occurrence:rj:4733693,ACANTHACEAE,"Schaueria calycotricha (Link & Otto) Nees",-22.533047,-41.930578,"google earth",ok,"Fernanda Wimmer",,,"250 a 1000 m ","Schaueria calycotricha (Link & Otto) Nees",true,,,,,,"Fernanda Wimmer ; Leonardo Novaes ; Raquel",
occurrence:rj:4741821,ACANTHACEAE,"Ruellia silvaccola (Mart. ex Ness) Lindau",-22.921467,-42.42824,sig,ok,,,,"centroide de uc","Ruellia silvaccola (Mart. ex Ness) Lindau",,,,,,,"Fernanda Wimmer ; Raquel",
occurrence:rj:4742465,PTERIDACEAE,"Pteris congesta J.Prado",0,0,,ok,,,,,"Pteris congesta J.Prado",false,,,yes,,,"Tomás Amorim ; Rodrigo Amaro",
occurrence:rj:4746363,PTERIDACEAE,"Pteris congesta J.Prado",-22.971126,-43.230176,"google earth",ok,,,,"1 a 5 km","Pteris congesta J.Prado",,,,,,,"Tomás Amorim ; Rodrigo Amaro",
occurrence:rj:4746404,MORACEAE,"Maclura brasiliensis (Mart.) Endl.",-22.757554,-41.904171,"google earth",ok,"Fernanda Wimmer",,,"250 a 1000 m","Maclura brasiliensis (Mart.) Endl.",true,,,,,,"Fernanda Wimmer ; Raquel",
occurrence:rj:4750564,ACANTHACEAE,"Schaueria calycotricha (Link & Otto) Nees",-21.529462,-41.511431,sig,ok,"Fernanda Wimmer",,,"centroide de municipio","Schaueria calycotricha (Link & Otto) Nees",true,,,,,,"Fernanda Wimmer ; Leonardo Novaes ; Raquel",
occurrence:rj:4755014,PTERIDACEAE,"Pteris congesta J.Prado",0,0,,ok,,,,,"Pteris congesta J.Prado",false,,,yes,,,"Tomás Amorim ; Rodrigo Amaro",
occurrence:rj:4759364,ACANTHACEAE,"Schaueria calycotricha (Link & Otto) Nees",-22.956159,-43.014351,"google earth",ok,,,,"1 a 5 km","Schaueria calycotricha (Link & Otto) Nees",,,,,,,"Fernanda Wimmer ; Leonardo Novaes ; Raquel",
occurrence:rj:4764991,ACANTHACEAE,"Schaueria calycotricha (Link & Otto) Nees",-22.956159,-43.014351,"google earth",ok,,,,"1 a 5 km","Schaueria calycotricha (Link & Otto) Nees",,,,,,,"Fernanda Wimmer ; Leonardo Novaes ; Raquel",
occurrence:rj:4770018,ACANTHACEAE,"Ruellia silvaccola (Mart. ex Ness) Lindau",-22.92355,-42.393082,"google earth",ok,,,,"5 a 10 km","Ruellia silvaccola (Mart. ex Ness) Lindau",,,,,,,"Fernanda Wimmer ; Raquel",
occurrence:rj:4771522,DIOSCOREACEAE,"Dioscorea campos-portoi R.Knuth",-22.35521,-44.653951,sig,ok,,,,"centroide de uc","Dioscorea campos-portoi R.Knuth",false,unknown,unknown,yes,unknown,unknown,"Marta Moraes ; Fernanda Wimmer ; Raquel",
occurrence:rj:4780477,DIOSCOREACEAE,"Dioscorea pseudomacrocapsa G.M.Barroso et al.",-22.967429,-43.223779,"google earth",ok,"Fernanda Wimmer",,,"250 a 1000 m","Dioscorea pseudomacrocapsa G.M.Barroso et al.",true,,,,,,"Fernanda Wimmer ; Raquel",
occurrence:rj:4782915,STERCULIACEAE,"Waltheria petiolata K.Schum.",-22.969011,-43.236351,"google earth",ok,,,,"1 a 5 km","Waltheria petiolata K.Schum.",,,,,,,"Fernanda Wimmer ; Eduardo Fernandez",
occurrence:rj:4790199,STERCULIACEAE,"Waltheria glazioviana K.Schum.",-23.003849,-43.421422,"google earth",ok,"Fernanda Wimmer",,,"0 a 250 m","Waltheria glazioviana K.Schum.",true,,,,,,"Fernanda Wimmer ; Eduardo Fernandez",
occurrence:rj:4792747,ACANTHACEAE,"Schaueria calycotricha (Link & Otto) Nees",-22.976587,-43.026902,"google earth",ok,,,,"250 a 1000 m","Schaueria calycotricha (Link & Otto) Nees",,,,,,,"Fernanda Wimmer ; Leonardo Novaes ; Raquel",
occurrence:rj:4793078,PTERIDACEAE,"Pteris congesta J.Prado",-22.971126,-43.230176,"google earth",ok,,,,"5 a 10 km","Pteris congesta J.Prado",,,,,,,"Tomás Amorim ; Rodrigo Amaro",
occurrence:rj:4804218,CUCURBITACEAE,"Gurania ovata Cogn.",0,0,,nok,"Fernanda Wimmer",,,,"Gurania ovata Cogn.",true,,,,,,"Fernanda Wimmer ; Raquel",
occurrence:rj:4808107,PTERIDACEAE,"Pteris congesta J.Prado",-22.994896,-43.285026,"google earth",ok,,,,"1 a 5 km","Pteris congesta J.Prado",,,,,,,"Tomás Amorim ; Rodrigo Amaro",
occurrence:rj:4808683,ACANTHACEAE,"Schaueria calycotricha (Link & Otto) Nees",-22.970032,-43.022884,"google earth",ok,,,,"250 a 1000 m","Schaueria calycotricha (Link & Otto) Nees",,,,,,,"Leonardo Novaes ; Fernanda Wimmer ; Raquel",
occurrence:rj:4809084,ACANTHACEAE,"Schaueria calycotricha (Link & Otto) Nees",-22.957420,-43.061878,"google earth",ok,,,,"1 a 5 km","Schaueria calycotricha (Link & Otto) Nees",,,,,,,"Leonardo Novaes ; Raquel",
occurrence:rj:481064,Moraceae,"Maclura brasiliensis (Mart.) Endl.",0,0,,nok,"Fernanda Wimmer",,,,"Maclura brasiliensis (Mart.) Endl.",true,,,,,,"Fernanda Wimmer ; Raquel",
occurrence:rj:4811664,ACANTHACEAE,"Schaueria calycotricha (Link & Otto) Nees",-22.970032,-43.022884,"google earth",ok,,,,"250 a 1000 m","Schaueria calycotricha (Link & Otto) Nees",,,,,,,"Leonardo Novaes ; Fernanda Wimmer ; Raquel",
occurrence:rj:4816584,DICHAPETALACEAE,"Stephanopodium estrellense Baill.",-22.757079,-43.519016,sig,ok,,,,"centroide de municipio","Stephanopodium estrellense Baill.",false,valid,no,yes,native,valid,"Fernanda Wimmer ; Eduardo Fernandez",
occurrence:rj:4824672,GUTTIFERAE,"Kielmeyera rizziniana Saddi",-23.287667,-44.67767,sig,ok,,,,"centroide de uc","Kielmeyera rizziniana Saddi",false,unknown,unknown,yes,unknown,unknown,"Marta Moraes ; Fernanda Wimmer ; Raquel",
occurrence:rj:4828663,BROMELIACEAE,"Vriesea joyae E.Pereira & I.A.Penna",-22.991453,-44.378158,"google earth",ok,,,,"5 a 10 km","Vriesea joyae E.Pereira & I.A.Penna",false,valid,no,yes,native,valid,"Gustavo Martinelli ; Rogerio Braga ; Rodrigo Amaro",
occurrence:rj:4831443,PTERIDACEAE,"Doryopteris tijucana Brade & Rosenst.",-22.943056,-43.286389,"google earth",ok,,,,"1 a 5 km","Doryopteris tijucana Brade & Rosenst.",,,,,,,"Tomás Amorim ; Rodrigo Amaro",
occurrence:rj:4831977,PTERIDACEAE,"Pteris congesta J.Prado",-22.971126,-43.230176,"google earth",ok,,,,"5 a 10 km","Pteris congesta J.Prado",,,,,,,"Tomás Amorim ; Rodrigo Amaro",
occurrence:rj:4835810,ACANTHACEAE,"Schaueria calycotricha (Link & Otto) Nees",-22.913252,-42.82968,sig,ok,"Fernanda Wimmer",,,"centroide de municipio","Schaueria calycotricha (Link & Otto) Nees",true,,,,,,"Fernanda Wimmer ; Leonardo Novaes ; Raquel",
occurrence:rj:4836960,STERCULIACEAE,"Waltheria petiolata K.Schum.",-22.995546,-43.42761,"google earth",ok,,,,"5 a 10 km","Waltheria petiolata K.Schum.",,,,,,,"Fernanda Wimmer ; Eduardo Fernandez",
occurrence:rj:4837841,DICHAPETALACEAE,"Stephanopodium estrellense Baill.",-22.656271,-43.206343,"google earth",ok,,,,"5 a 10 km","Stephanopodium estrellense Baill.",true,valid,no,no,native,valid,"Fernanda Wimmer ; Eduardo Fernandez",
occurrence:rj:4839239,CUCURBITACEAE,"Gurania ovata Cogn.",-22.970449,-43.257717,"google earth",ok,"Fernanda Wimmer",,,"1 a 5 km","Gurania ovata Cogn.",true,,,,,,"Fernanda Wimmer ; Raquel",
occurrence:rj:4841625,ACANTHACEAE,"Ruellia silvaccola (Mart. ex Ness) Lindau",-22.921467,-42.42824,sig,ok,,,,"centroide de uc","Ruellia silvaccola (Mart. ex Ness) Lindau",,,,,,,"Fernanda Wimmer ; Raquel",
occurrence:rj:4844369,DICHAPETALACEAE,"Stephanopodium estrellense Baill.",-22.5503,-43.1594,"google earth",ok,,,,"1 a 5 km","Stephanopodium estrellense Baill.",false,valid,no,no,native,unknown,"Fernanda Wimmer ; Eduardo Fernandez",
occurrence:rj:4846011,CLUSIACEAE,"Kielmeyera rizziniana Saddi",0,0,,nok,"Fernanda Wimmer",,,,"Kielmeyera rizziniana Saddi",true,valid,no,unknown,native,valid,"Rafaela Jorge Trad ; Fernanda Wimmer ; Raquel",
occurrence:rj:4849043,PTERIDACEAE,"Pteris congesta J.Prado",-22.971126,-43.230176,"google earth",ok,,,,"1 a 5 km","Pteris congesta J.Prado",,,,,,,"Tomás Amorim ; Rodrigo Amaro",
occurrence:rj:4849454,PTERIDACEAE,"Doryopteris tijucana Brade & Rosenst.",-22.943056,-43.286389,"google earth",ok,,,,"1 a 5 km","Doryopteris tijucana Brade & Rosenst.",,,,,,,"Tomás Amorim ; Rodrigo Amaro",
occurrence:rj:4854349,PTERIDACEAE,"Pteris congesta J.Prado",-22.967697,-43.224604,"google earth",ok,,,,"1 a 5 km","Pteris congesta J.Prado",,,,,,,"Tomás Amorim ; Rodrigo Amaro",
occurrence:rj:4869434,ACANTHACEAE,"Schaueria calycotricha (Link & Otto) Nees",-22.970032,-43.022884,"google earth",ok,,,,"250 a 1000 m","Schaueria calycotricha (Link & Otto) Nees",,,,,,,"Leonardo Novaes ; Fernanda Wimmer ; Raquel",
occurrence:rj:4869935,ACANTHACEAE,"Schaueria calycotricha (Link & Otto) Nees",-22.974065,-43.033212,"google earth",ok,,,,"250 a 1000 m","Schaueria calycotricha (Link & Otto) Nees",,,,,,,"Fernanda Wimmer ; Leonardo Novaes ; Raquel",
occurrence:rj:4869950,ACANTHACEAE,"Schaueria calycotricha (Link & Otto) Nees",-22.956159,-43.014351,"google earth",ok,"Fernanda Wimmer",,,"1 a 5 km","Schaueria calycotricha (Link & Otto) Nees",true,,,,,,"Fernanda Wimmer ; Leonardo Novaes ; Raquel",
occurrence:rj:4870429,ACANTHACEAE,"Schaueria calycotricha (Link & Otto) Nees",-22.970032,-43.022884,"google earth",ok,,,,"250 a 1000 m","Schaueria calycotricha (Link & Otto) Nees",false,unknown,unknown,yes,unknown,unknown,"Leonardo Novaes ; Fernanda Wimmer ; Raquel",
occurrence:rj:513438,Acanthaceae,"Schaueria calycotricha (Link & Otto) Nees",0,0,,nok,"Fernanda Wimmer",,,,"Schaueria calycotricha (Link & Otto) Nees",true,,,,,,"Leonardo Novaes ; Fernanda Wimmer ; Raquel",
occurrence:rj:513439,Acanthaceae,"Schaueria calycotricha (Link & Otto) Nees",0,0,,nok,"Fernanda Wimmer",,,,"Schaueria calycotricha (Link & Otto) Nees",true,,,,,,"Leonardo Novaes ; Fernanda Wimmer ; Raquel",
occurrence:rj:513440,Acanthaceae,"Schaueria calycotricha (Link & Otto) Nees",-22.730167,-42.022378,sig,ok,,,,"centroide de municipio","Schaueria calycotricha (Link & Otto) Nees",,,,,,,"Leonardo Novaes ; Raquel",
occurrence:rj:513441,Acanthaceae,"Schaueria calycotricha (Link & Otto) Nees",0,0,,nok,"Fernanda Wimmer",,,,"Schaueria calycotricha (Link & Otto) Nees",true,,,,,,"Leonardo Novaes ; Fernanda Wimmer ; Raquel",
occurrence:rj:513457,Acanthaceae,"Schaueria sulfurea Nees",,,,nok,"Fernanda Wimmer",,,,"Schaueria sulfurea Nees",true,,,,,,"Fernanda Wimmer ; Raquel",
occurrence:rj:513458,Acanthaceae,"Schaueria sulfurea Nees",,,,nok,"Fernanda Wimmer",,,,"Schaueria sulfurea Nees",true,,,,,,"Fernanda Wimmer ; Raquel",
occurrence:rj:519433,Acanthaceae,"Aphelandra neesiana Wassh.",,,,nok,"Fernanda Wimmer",,,,"Aphelandra neesiana Wassh.",false,unknown,unknown,yes,unknown,unknown,"Fernanda Wimmer ; Raquel",
occurrence:rj:519434,Acanthaceae,"Aphelandra neesiana Wassh.",,,,nok,"Fernanda Wimmer",,,,"Aphelandra neesiana Wassh.",true,valid,no,no,native,valid,"Fernanda Wimmer ; Raquel","Decembri - MartioDecembri - MartioDecembri - Martio"
occurrence:rj:519445,Acanthaceae,"Aphelandra neesiana Wassh.",0,0,,nok,"Fernanda Wimmer",,,,"Aphelandra neesiana Wassh.",true,valid,no,no,native,valid,"Fernanda Wimmer ; Raquel",
occurrence:rj:519824,Dichapetalaceae,"Stephanopodium estrellense Baill.",-22.5503,-43.1594,"google earth",ok,,,,"1 a 5 km","Stephanopodium estrellense Baill.",false,valid,no,yes,native,valid,"Fernanda Wimmer ; Eduardo Fernandez",
occurrence:rj:529020,Bromeliaceae,"Vriesea atra Mez",0,0,,nok,"Fernanda Wimmer",,,,"Vriesea atra Mez",false,unknown,unknown,yes,unknown,unknown,"Fernanda Wimmer ; Rodrigo Amaro",
occurrence:rj:529328,Malvaceae,"Waltheria glazioviana K.Schum.",-22.937212,-43.124592,"google earth",ok,,,,"250 a 1000 m ","Waltheria glazioviana K.Schum.",,,,,,,"Fernanda Wimmer ; Eduardo Fernandez",
occurrence:rj:529329,Malvaceae,"Waltheria glazioviana K.Schum.",-22.937212,-43.124592,"google earth",ok,,,,"250 a 1000 m ","Waltheria glazioviana K.Schum.",,,,,,,"Fernanda Wimmer ; Eduardo Fernandez",
occurrence:rj:529351,Malvaceae,"Waltheria petiolata K.Schum.",0,0,,nok,"Fernanda Wimmer",,,,"Waltheria petiolata K.Schum.",true,,,,,,"Fernanda Wimmer ; Eduardo Fernandez",
occurrence:rj:529352,Malvaceae,"Waltheria petiolata K.Schum.",0,0,,nok,"Fernanda Wimmer",,,,"Waltheria petiolata K.Schum.",true,,,,,,"Fernanda Wimmer ; Eduardo Fernandez",
occurrence:rj:529353,Malvaceae,"Waltheria petiolata K.Schum.",0,0,,nok,"Fernanda Wimmer",,,,"Waltheria petiolata K.Schum.",true,,,,,,"Fernanda Wimmer ; Eduardo Fernandez",
occurrence:rj:550008,Acanthaceae,"Aphelandra neesiana Wassh.",-22.618705,-43.118556,sig,ok,"Fernanda Wimmer",,,"centroide de municipio","Aphelandra neesiana Wassh.",true,valid,no,no,native,valid,"Fernanda Wimmer ; Raquel",
occurrence:rj:575504,Malvaceae,"Callianthe rufivela (Hochr.) Donnel",-19.840671,-40.429024,sig,ok,,,,"centroide de municipio","Callianthe rufivela (Hochr.) Donnel",,,,,,,"Fernanda Wimmer ; Eduardo Fernandez",
occurrence:rj:575505,Malvaceae,"Callianthe rufivela (Hochr.) Donnel",-20.27546,-40.835118,sig,ok,"Fernanda Wimmer",,,"centroide de municipio","Callianthe rufivela (Hochr.) Donnel",true,,,,,,"Fernanda Wimmer ; Eduardo Fernandez",
occurrence:rj:575506,Malvaceae,"Callianthe rufivela (Hochr.) Donnel",-19.840671,-40.429024,sig,ok,,,,"centroide de municipio","Callianthe rufivela (Hochr.) Donnel",,,,,,,"Fernanda Wimmer ; Eduardo Fernandez",
occurrence:rj:607359,Boraginaceae,"Varronia leucomalla (Taub.) Borhidi",-14775,-390833,,nok,,,,,"Varronia leucomalla (Taub.) Borhidi",false,valid,no,yes,native,valid,"José Iranildo Miranda de Melo ; Leonardo Novaes ; Lucas Moulton",
occurrence:rj:607361,Boraginaceae,"Varronia leucomalla (Taub.) Borhidi",0,0,,nok,,,,,"Varronia leucomalla (Taub.) Borhidi",true,valid,no,no,native,valid,"José Iranildo Miranda de Melo ; Leonardo Novaes ; Lucas Moulton",
occurrence:rj:630762,Dioscoreaceae,"Dioscorea pseudomacrocapsa G.M.Barroso et al.",-22.96003,-43.368917,"google earth",ok,,,,"5 a 10 km","Dioscorea pseudomacrocapsa G.M.Barroso et al.",false,unknown,unknown,yes,unknown,unknown,"Marta Moraes ; Fernanda Wimmer ; Raquel",
occurrence:rj:630763,Dioscoreaceae,"Dioscorea pseudomacrocapsa G.M.Barroso et al.",-22.96003,-43.368917,"google earth",ok,,,,"5 a 10 km","Dioscorea pseudomacrocapsa G.M.Barroso et al.",false,unknown,unknown,yes,unknown,unknown,"Marta Moraes ; Fernanda Wimmer ; Raquel",
occurrence:rj:630764,Dioscoreaceae,"Dioscorea pseudomacrocapsa G.M.Barroso et al.",-22.96003,-43.368917,"google earth",ok,,,,"5 a 10 km","Dioscorea pseudomacrocapsa G.M.Barroso et al.",false,unknown,unknown,yes,unknown,unknown,"Marta Moraes ; Fernanda Wimmer ; Raquel",
occurrence:rj:630765,Dioscoreaceae,"Dioscorea pseudomacrocapsa G.M.Barroso et al.",-22.95833,-43.167378,"google earth",ok,,,,"250 a 1000 m ","Dioscorea pseudomacrocapsa G.M.Barroso et al.",false,unknown,unknown,yes,unknown,unknown,"Marta Moraes ; Fernanda Wimmer ; Raquel",
occurrence:rj:630766,Dioscoreaceae,"Dioscorea pseudomacrocapsa G.M.Barroso et al.",-22.96003,-43.368917,"google earth",ok,,,,"5 a 10 km","Dioscorea pseudomacrocapsa G.M.Barroso et al.",false,unknown,unknown,yes,unknown,unknown,"Marta Moraes ; Fernanda Wimmer ; Raquel",
occurrence:rj:630767,Dioscoreaceae,"Dioscorea pseudomacrocapsa G.M.Barroso et al.",-22.95833,-43.167378,"google earth",ok,,,,"250 a 1000 m ","Dioscorea pseudomacrocapsa G.M.Barroso et al.",false,unknown,unknown,yes,unknown,unknown,"Marta Moraes ; Fernanda Wimmer ; Raquel",
occurrence:rj:630768,Dioscoreaceae,"Dioscorea pseudomacrocapsa G.M.Barroso et al.",-22.96003,-43.368917,"google earth",ok,,,,"5 a 10 km","Dioscorea pseudomacrocapsa G.M.Barroso et al.",false,unknown,unknown,yes,unknown,unknown,"Marta Moraes ; Fernanda Wimmer ; Raquel",
occurrence:rj:634111,Pteridophyte,"Doryopteris tijucana Brade & Rosenst.",-22.94923,-43.241932,"google earth",ok,,,,"5 a 10 km","Doryopteris tijucana Brade & Rosenst.",,,,,,,"Rogerio Braga ; Tomás Amorim ; Rodrigo Amaro",
occurrence:rj:634112,Pteridophyte,"Doryopteris tijucana Brade & Rosenst.",-22.9031,-43.2075,coletor,ok,,,,"5 a 10 km","Doryopteris tijucana Brade & Rosenst.",,,,,,,"Tomás Amorim ; Rodrigo Amaro",
occurrence:rj:634113,Pteridophyte,"Doryopteris tijucana Brade & Rosenst.",-22.950323,-43.210615,"google earth",ok,,,,"5 a 10 km","Doryopteris tijucana Brade & Rosenst.",,,,,,,"Tomás Amorim ; Rodrigo Amaro",
occurrence:rj:664556,Sterculiaceae,"Waltheria glazioviana K.Schum.",-22.937212,-43.124592,"google earth",ok,,,,"250 a 1000 m ","Waltheria glazioviana K.Schum.",,,,,,,"Fernanda Wimmer ; Eduardo Fernandez",
occurrence:rj:668396,Cucurbitaceae,"Gurania ovata Cogn.",-20.87,-40.77,,ok,"Fernanda Wimmer",,,,"Gurania ovata Cogn.",true,,,,,,"Fernanda Wimmer ; Raquel",
occurrence:rj:67271,Dioscoreaceae,"Dioscorea pseudomacrocapsa G.M.Barroso et al.",-21.714444,-50.884444,,ok,"Fernanda Wimmer",,,,"Dioscorea pseudomacrocapsa G.M.Barroso et al.",true,,,,,,"Fernanda Wimmer ; Raquel",
occurrence:rj:67272,Dioscoreaceae,"Dioscorea pseudomacrocapsa G.M.Barroso et al.",-22.355278,-47.499444,coletor,ok,,,,,"Dioscorea pseudomacrocapsa G.M.Barroso et al.",,,,,,,"Fernanda Wimmer ; Raquel",
occurrence:rj:67273,Dioscoreaceae,"Dioscorea pseudomacrocapsa G.M.Barroso et al.",-22.355278,-47.499444,coletor,ok,,,,,"Dioscorea pseudomacrocapsa G.M.Barroso et al.",,,,,,,"Fernanda Wimmer ; Raquel",
occurrence:rj:67274,Dioscoreaceae,"Dioscorea pseudomacrocapsa G.M.Barroso et al.",-22.355278,-47.499444,coletor,ok,,,,,"Dioscorea pseudomacrocapsa G.M.Barroso et al.",,,,,,,"Fernanda Wimmer ; Raquel",
occurrence:rj:67275,Dioscoreaceae,"Dioscorea pseudomacrocapsa G.M.Barroso et al.",-22.402734,-47.526321,sig,ok,"Fernanda Wimmer",,,"centroide de uc","Dioscorea pseudomacrocapsa G.M.Barroso et al.",true,,,,,,"Fernanda Wimmer ; Raquel",
occurrence:rj:67276,Dioscoreaceae,"Dioscorea pseudomacrocapsa G.M.Barroso et al.",-20.387222,-45.649722,,ok,"Fernanda Wimmer",,,,"Dioscorea pseudomacrocapsa G.M.Barroso et al.",true,,,,,,"Fernanda Wimmer ; Raquel",
occurrence:rj:67278,Dioscoreaceae,"Dioscorea pseudomacrocapsa G.M.Barroso et al.",-20.393056,-45.646389,,ok,"Fernanda Wimmer",,,,"Dioscorea pseudomacrocapsa G.M.Barroso et al.",true,,,,,,"Fernanda Wimmer ; Raquel",
occurrence:rj:67279,Dioscoreaceae,"Dioscorea pseudomacrocapsa G.M.Barroso et al.",-19.587923,-44.006663,"google earth",ok,"Fernanda Wimmer",,,"1 a 5 km","Dioscorea pseudomacrocapsa G.M.Barroso et al.",true,,,,,,"Fernanda Wimmer ; Raquel",
occurrence:rj:67280,Dioscoreaceae,"Dioscorea pseudomacrocapsa G.M.Barroso et al.",-20.387222,-45.649722,,ok,"Fernanda Wimmer",,,,"Dioscorea pseudomacrocapsa G.M.Barroso et al.",true,,,,,,"Fernanda Wimmer ; Raquel",
occurrence:rj:67281,Dioscoreaceae,"Dioscorea pseudomacrocapsa G.M.Barroso et al.",-20.393056,-45.646389,,ok,"Fernanda Wimmer",,,,"Dioscorea pseudomacrocapsa G.M.Barroso et al.",true,,,,,,"Fernanda Wimmer ; Raquel",
occurrence:rj:693446,Clusiaceae,"Kielmeyera rizziniana Saddi",-23.003849,-43.421422,"google earth",ok,,,,"0 a 250 m","Kielmeyera rizziniana Saddi",false,unknown,unknown,yes,unknown,unknown,"Marta Moraes ; Fernanda Wimmer ; Raquel",
occurrence:rj:693447,Clusiaceae,"Kielmeyera rizziniana Saddi",-23.003849,-43.421422,"google earth",ok,,,,"0 a 250 m","Kielmeyera rizziniana Saddi",false,unknown,unknown,yes,unknown,unknown,"Marta Moraes ; Fernanda Wimmer ; Raquel",
occurrence:rj:77866,Dichapetalaceae,"Stephanopodium estrellense Baill.",-23.335833,-44.848611,coletor,ok,,,,,"Stephanopodium estrellense Baill.",false,unknown,no,no,unknown,valid,"Fernanda Wimmer ; Eduardo Fernandez",
occurrence:rj:804029,Pteridophyte,"Pteris congesta J.Prado",-22.950323,-43.210615,"google earth",ok,,,,"1 a 5 km","Pteris congesta J.Prado",,,,,,,"Tomás Amorim ; Rodrigo Amaro",
occurrence:rj:804030,Pteridophyte,"Pteris congesta J.Prado",-22.950323,-43.210615,"google earth",ok,,,,"1 a 5 km","Pteris congesta J.Prado",,,,,,,"Tomás Amorim ; Rodrigo Amaro",
occurrence:rj:804031,Pteridophyte,"Pteris congesta J.Prado",0,0,,nok,,,,,"Pteris congesta J.Prado",,,,,,,"Tomás Amorim ; Rodrigo Amaro",
occurrence:rj:804032,Pteridophyte,"Pteris congesta J.Prado",0,0,,nok,,,,,"Pteris congesta J.Prado",,,,,,,"Tomás Amorim ; Rodrigo Amaro",
occurrence:rj:804033,Pteridophyte,"Pteris congesta J.Prado",-22.98,-43.25,coletor,ok,,,,"5 a 10 km","Pteris congesta J.Prado",,,,,,,"Tomás Amorim ; Rodrigo Amaro",
occurrence:rj:819620,Acanthaceae,"Schaueria calycotricha (Link & Otto) Nees",-22.998424,-43.284503,"google earth",ok,,,,"250 a 1000 m ","Schaueria calycotricha (Link & Otto) Nees",false,unknown,unknown,yes,unknown,unknown,"Leonardo Novaes ; Fernanda Wimmer ; Raquel",
occurrence:rj:819621,Acanthaceae,"Schaueria calycotricha (Link & Otto) Nees",-22.495637,-43.07365,sig,ok,"Fernanda Wimmer",,,"centroide de uc","Schaueria calycotricha (Link & Otto) Nees",true,,,,,,"Fernanda Wimmer ; Leonardo Novaes ; Raquel",
occurrence:rj:845099,Dichapetalaceae,"Stephanopodium estrellense Baill.",-22.757079,-43.519016,sig,ok,,,,"centroide de municipio","Stephanopodium estrellense Baill.",false,,,yes,,,"Fernanda Wimmer ; Eduardo Fernandez",
occurrence:rj:96902,Dioscoreaceae,"Dioscorea pseudomacrocapsa G.M.Barroso et al.",-22.355278,-47.499444,coletor,ok,"Fernanda Wimmer",,,,"Dioscorea pseudomacrocapsa G.M.Barroso et al.",true,,,,,,"Fernanda Wimmer ; Raquel",
urn:occurrence:0a3a8e29-b972-4ce1-b458-b2504457fa47,Eriocaulaceae,"Paepalanthus macaheesis Koern.",-21.992962,-44.199545,coletor,ok,"Fernanda Wimmer",,,,"Paepalanthus macaheesis Koern.",true,valid,no,no,native,valid,"Fernanda Wimmer ; Marcelo Trovó Lopes de Oliveira",
urn:occurrence:0bfb55f0-3b9c-475c-b472-b9ea31c30b99,Eriocaulaceae,"Paepalanthus macaheesis Koern.",-21.953961,-43.806144,coletor,ok,"Fernanda Wimmer",,,,"Paepalanthus macaheesis Koern.",true,valid,no,no,native,valid,"Fernanda Wimmer ; Marcelo Trovó Lopes de Oliveira",
urn:occurrence:2f244cf2-8e0d-4aac-b3b8-fd3ab18cb5ff,Eriocaulaceae,"Paepalanthus macaheesis Koern.",-22.472303,-43.025881,coletor,ok,"Fernanda Wimmer",,,,"Paepalanthus macaheesis Koern.",true,valid,no,no,native,valid,"Fernanda Wimmer ; Marcelo Trovó Lopes de Oliveira",
urn:occurrence:308de6e2-06f2-4d78-b7d5-cf414fac41bd,Eriocaulaceae,"Paepalanthus macaheesis Koern.",-20.466301,-40.978473,coletor,ok,"Fernanda Wimmer",,,,"Paepalanthus macaheesis Koern.",true,valid,no,no,native,valid,"Fernanda Wimmer ; Marcelo Trovó Lopes de Oliveira",
urn:occurrence:360b4b7a-59be-4bf7-87cb-6a775260e842,Eriocaulaceae,"Paepalanthus macaheesis Koern.",-20.380668,-40.657826,coletor,ok,"Fernanda Wimmer",,,,"Paepalanthus macaheesis Koern.",true,valid,no,no,native,valid,"Fernanda Wimmer ; Marcelo Trovó Lopes de Oliveira",
urn:occurrence:47855a82-3fd0-496c-83cf-6cad3c7cb215,Eriocaulaceae,"Paepalanthus macaheesis Koern.",-20.466301,-40.978473,coletor,ok,"Fernanda Wimmer",,,,"Paepalanthus macaheesis Koern.",true,valid,no,no,native,valid,"Fernanda Wimmer ; Marcelo Trovó Lopes de Oliveira",
urn:occurrence:49ff764b-92ac-4c0c-ada9-bcd5b55824e6,Eriocaulaceae,"Paepalanthus macaheesis Koern.",-22.362793,-42.5698,coletor,ok,"Fernanda Wimmer",,,,"Paepalanthus macaheesis Koern.",true,valid,no,no,native,valid,"Fernanda Wimmer ; Marcelo Trovó Lopes de Oliveira",
urn:occurrence:62cbd26b-5b26-4cb3-956b-0ac10722f538,Eriocaulaceae,"Paepalanthus macaheesis Koern.",-21.697242,-43.89738,coletor,ok,"Fernanda Wimmer",,,,"Paepalanthus macaheesis Koern.",true,valid,no,no,native,valid,"Fernanda Wimmer ; Marcelo Trovó Lopes de Oliveira",
urn:occurrence:6433bdf2-11e3-4d8a-9751-f31543350a60,Eriocaulaceae,"Paepalanthus macaheesis Koern.",-21.697242,-43.89738,coletor,ok,"Fernanda Wimmer",,,,"Paepalanthus macaheesis Koern.",true,valid,no,no,native,valid,"Fernanda Wimmer ; Marcelo Trovó Lopes de Oliveira",
urn:occurrence:75d5ddf8-7656-4b03-a234-709de7b08fdc,DILLENIACEAE,"Doliocarpus littoralis (Kubitzki) Fraga & Stehmann",-20.464119,-40.376085,sig,ok,,,,"centroide de municipio","Doliocarpus littoralis (Kubitzki) Fraga & Stehmann",true,valid,no,no,native,valid,"Tomás Amorim ; Eduardo Fernandez",
urn:occurrence:7f79ec87-0292-4ea3-948d-f5ede183483f,Eriocaulaceae,"Paepalanthus macaheesis Koern.",-21.953961,-43.806144,coletor,ok,"Fernanda Wimmer",,,,"Paepalanthus macaheesis Koern.",true,valid,no,no,native,valid,"Fernanda Wimmer ; Marcelo Trovó Lopes de Oliveira",
urn:occurrence:9a559c63-645b-4e1f-9771-f55c5d6f7e2b,Eriocaulaceae,"Paepalanthus macaheesis Koern.",-21.953961,-43.806144,coletor,ok,"Fernanda Wimmer",,,,"Paepalanthus macaheesis Koern.",true,valid,no,no,native,valid,"Fernanda Wimmer ; Marcelo Trovó Lopes de Oliveira",
urn:occurrence:ICB:BHCB_SL:87453,Anemiaceae,"Anemia candidoi Brade",-20.263722,-45.670444,coletor,ok,,,,"5 a 10 km","Anemia candidoi Brade",,,,,,,"Igor Lourenço Oliveira ; Rodrigo Amaro",
urn:occurrence:MBML:MBML-HERBARIO:13513,Phyllanthaceae,"Phyllanthus augustinii Baill.",-19.848333,-40.722222,coletor,ok,"Fernanda Wimmer",,,,"Phyllanthus augustinii Baill.",true,valid,no,no,native,valid,"Fernanda Wimmer ; Eduardo Fernandez",
urn:occurrence:a32f34eb-6d66-4acd-9d9f-d136fe13a06e,Eriocaulaceae,"Paepalanthus macaheesis Koern.",-21.870704,-41.841014,coletor,ok,"Fernanda Wimmer",,,,"Paepalanthus macaheesis Koern.",true,valid,no,no,native,valid,"Fernanda Wimmer ; Marcelo Trovó Lopes de Oliveira",
urn:occurrence:bacbe5d1-4f71-4352-882b-5c5ed64eada9,Eriocaulaceae,"Paepalanthus macaheesis Koern.",-20.596853,-41.321363,coletor,ok,"Fernanda Wimmer",,,,"Paepalanthus macaheesis Koern.",true,valid,no,no,native,valid,"Fernanda Wimmer ; Marcelo Trovó Lopes de Oliveira",
urn:occurrence:be40e1ef-3e7e-4f26-be71-227a69e062b5,DILLENIACEAE,"Doliocarpus littoralis (Kubitzki) Fraga & Stehmann",-20.464119,-40.376085,sig,ok,,,,"centroide de municipio","Doliocarpus littoralis (Kubitzki) Fraga & Stehmann",true,valid,no,no,native,valid,"Tomás Amorim ; Eduardo Fernandez",
urn:occurrence:ea3daa56-f0d3-48f8-9cd6-916a51410bf2,Eriocaulaceae,"Paepalanthus macaheesis Koern.",-21.697243,-43.897381,coletor,ok,"Fernanda Wimmer",,,,"Paepalanthus macaheesis Koern.",true,valid,no,no,native,valid,"Fernanda Wimmer ; Marcelo Trovó Lopes de Oliveira",
urn:occurrence:fecd7680-843c-427f-8b19-ffed26e59c8c,Eriocaulaceae,"Paepalanthus macaheesis Koern.",-21.697242,-43.89738,coletor,ok,"Fernanda Wimmer",,,,"Paepalanthus macaheesis Koern.",true,valid,no,no,native,valid,"Fernanda Wimmer ; Marcelo Trovó Lopes de Oliveira",
